path,class_name,file_sha256,pixel_sha256
images/fire/train_000001_box0_0.jpg,fire,418819a8c61d124fdeb772ccef8a8fe54dd04dac8926620850b4b259323032c3,35569a87e60499a7f7e82680ccd41a1f509f99af5b10ef8c2bb57f103f6e7793
images/fire/train_000002_box0_0.jpg,fire,d25c7400188a5f3ee29ab26ea09ae2d63cfbc4e19feb09ef4147f72e31002039,7b1f6545495bb306814998a5bda05822bbaa59b95dca1efd1a1dab98500fe39a
images/fire/train_000002_box1_0.jpg,fire,1e72072a0ae7901d99d7a0902311c5e75308ca2fb7a7775546791f8347d0c03e,d1cc8c415fef27559f9447b02b3ddeeebd62a9bc8649eb1690452812e554b99f
images/fire/train_000003_box0_0.jpg,fire,dd021e27c0493a9c42530b76ef0ab89204a29e006f81a6cf341d17a46a8a5042,120f6f371ce5ad94bb10873ed8a8c296aeae11ee5576769d42a327f0c583a9e6
images/fire/train_000003_box1_0.jpg,fire,f567dd907f2ae7459c23163163fa4804057a56d33b723b51bc3ed6de4a7b1529,40094916e0ada2bad2a840af7fdeda2ceeb0d04a7f0fc60ac3ea851666df73fb
images/fire/train_000003_box2_0.jpg,fire,587259b1bc95d2d9ab73585ad79151f897bce3001d41e2af72f673faf25b13d5,b003c3888522e8805409963ab80ce7dfe32c6f5c43e28924f85e7f803def7c40
images/fire/train_000003_box3_0.jpg,fire,85860b6278f328f6f409fa7099ff7e9cd400ea3e74b1cdf2910c9e49c6a92100,1c63341fa7b93b6429aef473a0c4aed14888f2be3e9cd8b213dac16032291cbd
images/fire/train_000004_box0_0.jpg,fire,1276e49d2e781869ebad708930f869a0b8ad68be4f14db4bebe1d19c35e2f9d4,c2a481c312834e6979ad2746d0c57ff34a64634993750b300d1aab41a944f51c
images/fire/train_000004_box1_0.jpg,fire,5818357ddf2bff494810336c673b04760d4b60b7748beaaeaf712d6d9bd407c9,ca73386086bf23fc2da94ec00de4d1fe191e43defc9560bc86230b7f5eccf8d9
images/fire/train_000005_box0_0.jpg,fire,09899a75a44ce04ce679a03edef661f456495c6104f6cbdd2331720249059ac4,4e10f0485dbe23a1896ddc5a99b8e4db4bf5be30f12914a367b140c05a238ddd
images/fire/train_000005_box1_0.jpg,fire,5d3a068aeedec9ec9cc442df37e87970c20f52cb04d3389ab34800b0be208533,b049fcd65fa2a0dc05cd14d53c998ab42a51d4910523ddaa66eca3cabe41c05f
images/fire/train_000005_box2_0.jpg,fire,9ad4db3380e3933ebe79d8ba31fe2c3e3fbadc46848ba24db9041f3e726ea760,cafec65731cdd69a27a24bf590aa811e5238ef8c437fc0c82e98891372dde5a6
images/fire/train_000006_box0_0.jpg,fire,41575be3044f16c5834e139060b0a5450104d6c642296ab07d03463c2d19d506,dab66c7e8168cc1388cbc32dbdd59e412f8b602280741bac4a185733fa9b9076
images/fire/train_000006_box1_0.jpg,fire,32f58ce9ec9a23f9b0c8c43687fa0c33d51fc3052992cd9b916bc803275a26fb,9646428e37f3e5f5d6cbe84ceb53a8e44e66c8fd4c5112c213e5d2fbdad0474d
images/fire/train_000007_box0_0.jpg,fire,f62589fc02eec8c5191305ed670d96d3e33f7ab96f2ec476082687fff2addab7,2b5c8864fb5ecc23e8751827fe97b9e20077739c3a767e101f6a58248163f07b
images/fire/train_000008_box0_0.jpg,fire,6345ca68e9755153546b038efdc96a2608b82395d1673e34044f4d2898a1b160,9e33b0b467063aad0b0f32b53c4dbae5c1f6442e781a691aed67c36e623efab2
images/fire/train_000008_box1_0.jpg,fire,24c4fff902a37992adb98063f38c144655c60be3d5ed5b7f265fcf5390c685d3,a255217f2f050f8ac12848e12587797a87ee5b7da53b102e8db98d19c6a0665b
images/fire/train_000008_box2_0.jpg,fire,e5f1f2b502e9e11637203b51d3c98c00de825d38c64032c1adcc5bef481860d9,f3aeee503447f8e5135951c2d3b6771a91aec7b4434523c7c2b2b7a5a668c6fc
images/fire/train_000008_box3_0.jpg,fire,66fe163ca78b1189473402ae84bb178588d2f236c7e3cc96fc10262a6185bb4c,ad395725d5f20b596c4224acdd9dc3365f00e7765770c16c8fbfd5f10b88b764
images/fire/train_000010_box0_0.jpg,fire,63eecc73776dc9aa848aa887d0bb6516eb3ab72e5781015937a0cd394b3ec968,93210c5c328958e5cc247aaca08f7993cb26a5887a5997819f7fbbc08728038f
images/fire/train_000010_box1_0.jpg,fire,fea3508d80513e1bc2993965eb594335cf31d46caf68b5c8dc163b73adfac387,018bdda0055bd05f67670280b51bd22c0b23a3b14ad9bc3aa85046e92bfcb9b2
images/fire/train_000011_box0_0.jpg,fire,be1ec13c324dff4cd5c6e3a460b160cd0da1ea6a9da936b1229eb3981521464c,9ac79d15b7f5a9910cb91f4ede2f59ab2d8e200218152e21c74e8ac65727b685
images/fire/train_000012_box0_0.jpg,fire,3e5dcb378c8939bca5b6301eac304a0f9aa7f1c19afc5c63c43d41d2c412d237,d686dc2b9956571957d217323a090dfa151083f01ee617c11a522bb6b85ef4f3
images/fire/train_000012_box1_0.jpg,fire,8c25508d95938ce9058fad65b4cd676be9a33da35dbfb12e21333797f5e8a414,b28f717f37f34eb5454db5211ee3f6863bea007135615c85caae74dcbdd293d7
images/fire/train_000013_box0_0.jpg,fire,05b4bf532c35abb5c669f0d5715244543f0666706cc6c23bc04ef5e6e6abfc15,d8457a26368341176408885fedec1be5e53c4c59211dedd05f4914a1db95beb7
images/fire/train_000016_box0_0.jpg,fire,e708276a095b441dd401c8e317b1fb43adf7d5c678382dc603ae05725a7171a7,babc8814497ed48ba4199748ae4b1509cbec1b9fa15ab04c4fbc977e7595fb9f
images/fire/train_000017_box0_0.jpg,fire,517b0af4d4e2dc8a8e9cb267cc5d91202ae97078bcd7cf02b4f6f9c67f90d53d,0007d38e12b2879c637dd7e2766968eccc048f6b71ed3123129d0fb991afefbf
images/fire/train_000017_box1_0.jpg,fire,3f03361a62928e3a9939da9ee9952c3cc7da08c1f1303769064c44a355a90d6d,c3f453910857b547a450fd4b7eb6026f4f930583f9949cacd9310d96a68c7a2e
images/fire/train_000019_box0_0.jpg,fire,fb04e15ffc2381b3d0254fcbf200e6423434f15e8a052ba769da56df47d2c347,8cfb31f2d52a3ca76ef4abe4a18f059002e3045bd98c605d7c7e9e0d69dfad0a
images/fire/train_000020_box0_0.jpg,fire,eeea5fe39734c1cf1480ebc9c326d4c37e192c9c3ad52d0cfe56055b7b0a16c8,ac5df0d9a18a9b32ce0b81a9eba20661be0a7070649087e11cd7e8d791691b0a
images/fire/train_000022_box0_0.jpg,fire,a61651b3172c7515de684b098e24ef0d67c66b2ea10eecb82bf1a7e728ee8ef9,22da0fa8db08709fa3bf7ff15812cc87847eed4903383e1843853d21ef0fe3b6
images/fire/train_000023_box0_0.jpg,fire,700a403552a3a04b088544a510db882ecdb6704fa1b892f08e727f7a036b48c3,5b59ef6118d9c650f3ce66d5c8900a7804ec17953af6f74336aa70a9acb53e30
images/fire/train_000026_box0_0.jpg,fire,e92f949607fce67358bd57a0fed490d79372b805a357c0cff81564f8ecf485e0,ce033de93ccdb8427e7923e2116407b110d7a54a8641325b5e42a3153243b7ea
images/fire/train_000027_box0_0.jpg,fire,57d55d95b5caf8ff849fde50fa346173c24a8d634887ba9859eed55161750f00,77168c26ad3a681d485e3bf55a5ee4c303f5e2f13708f27d9d7e018efed02d35
images/fire/train_000027_box1_0.jpg,fire,2b50a966993313cc711e90b46dbb7e60460a7de74caf157f3d293c4354041506,a50cf7703f368f45080c46d52a444dec66a91456d3cdf67b61ee0bbf012705a5
images/fire/train_000028_box0_0.jpg,fire,4ca961fa0d5ed168b434e7216559b5beea802bfc0f13f0a4032618db2c00518f,544f6ec7f969b580ffc92ca19240e5e225a01c86c544749d11e5efca4ae76a6f
images/fire/train_000028_box1_0.jpg,fire,c8341a3add84c7b259d72cce5359eca26fb1ea5115a97029a602b46a0b066c0b,0d178c903b16f0c80b00776dd60525acf18085d8f7ae12a6f84b1980e5f38d3a
images/fire/train_000029_box0_0.jpg,fire,b9c86d29fba489e59fd2c1671a10bc26cfe90a17054388260be0b1959e0de3fe,afa7c2e0d3fa4c9a0d64e51d2b746d828aa2ed9a5cd04996e6cbe99b33db03f0
images/fire/train_000029_box1_0.jpg,fire,8ca0b2fa5f5ef70b9724f9c23d01b8194b6a0d1b8d60b5dabc99ff13758c2fb6,9f9f64f92156f448fe750bec4e6ea084304edebcda0a582a08241f68fd2e5b87
images/fire/train_000029_box2_0.jpg,fire,4be0154da99b24bbe24483c93fed27c2c63466b7b0a721552c7532dde6e76bb4,092a77b6e70869e46a865b19dea9f739e260fb04f2ed4d8b1c70a94f7d135d68
images/fire/train_000029_box3_0.jpg,fire,15fb02616db3620cb6d0ccc68b2cfe3326ad4de4991b1dae1672bf7c9648bffe,7e0c6d189d3b0cc7a3f2db58dd3d1078c55888ca2878e7e63270c0cedf9dbb64
images/fire/train_000030_box0_0.jpg,fire,2e41c00001535a97a8b45a36a2d1de922eee7936b8d1bae4c2db723a2c539b5c,286acc71cf4f806c724ecf00a6d1943709b797ef2ce4a1a92a95baf5744cce3b
images/fire/train_000031_box0_0.jpg,fire,b15dcde621ab3e305a8080757e6ca9c2be7e6517a951b51e51c3e1dd14d68256,c1177ac3efba2b4ae69f8d0937867bf19399b97f8b31c3c92b4d6829eaf53ca5
images/fire/train_000032_box0_0.jpg,fire,65e37073855c7f6230533141920066c8a65aac451b45fc061f5957440447ca64,9c21720f5a111f63f4d25216f06d42187325618e590cdfce7b78b4e87ed56643
images/fire/train_000033_box0_0.jpg,fire,f58aaa1a65175dd445edd3c96537fb0a5a6b171afcdedc1c8e0c61ca020781a3,b5b9f3176d5362108c0d38f7c583aafbac68f893805758f036b0a393bf1498ae
images/fire/train_000034_box0_0.jpg,fire,c0bb1a1fef3d6bb64ac7b559067bc3fd2f963b336607dcd253f81d236bfb7bb8,aa7bb293480ba9b4ba55c202c04b1b92910f9c693e96f66852079283992369e4
images/fire/train_000034_box1_0.jpg,fire,5adada676fa41d0df8317b0966ad1d4d15f3b3f6c5726abe1f64d645946d6797,b610de85e1f8796ce0a4a8545c0f4f9acccf5551256f1686602943b39d30462e
images/fire/train_000036_box0_0.jpg,fire,df0cc94da27e17a973ff8a8e943e054bf1cffcec806143d1a55a112346b69597,5ee228362933d6c3649895e82e7939b976e580176f37dba60066f8fe20f9eb49
images/fire/train_000037_box0_0.jpg,fire,5417666adec7b370326738703eb12fd05200db31f702464bceda32c62ebd6c50,9f78470f35f2be337e84433f9569abb33e8b6df5cea5e7634f900b6b6b6c4836
images/fire/train_000038_box0_0.jpg,fire,b45395b0baba9a31e846d78f978f51a9329b4d490abafd33f6af31d3b88b980c,24e522e0d7769708aa271af2b480dff3f8b5e280b9db6c209d3b1668b5f8fc09
images/fire/train_000039_box0_0.jpg,fire,bcc6ecebb36d8d19d9641342d9001b1b5b365a8a060b50dbd7671701487749a8,806b2f016bfa0c97445e48ad9af23c953e838578e69c1c5c1b263c6c3a8b60a0
images/fire/train_000039_box1_0.jpg,fire,f798baf6e79ca6a858f0089b99964ca7eb3e1d9aef163bedfd68d7279d8ddac0,f721d698deabb292bfbdcc47433bcafee934faf7d47a4d2942d358fea7b134db
images/fire/train_000040_box0_0.jpg,fire,aab343d071c0d18cc82ccee3ed2022342826400489149b285b67603279a4c784,6c7dc5d90e0998c3721a648ac0d386c66597df20d2387d92f511a20849f099fc
images/fire/train_000040_box1_0.jpg,fire,70931c1c7f1a90bf67b86d19cb37c3ba55c45cd618200e2f88ef4c34ee5f452c,110824b9806a9e6038ea710db35a763c8f38a127fee23b50a0411dc07be8a654
images/fire/train_000040_box2_0.jpg,fire,1cc9e4cc266f14157852de732684ece9a440585d77b56ee988056e2fa73ff313,4d3f0fd5d92fa0216e7c6a772013f52d33dcd89ea5aee7cc75c825aad64c8073
images/fire/train_000041_box0_0.jpg,fire,97126cd8fc28d302872fc89a5d4545bae4419d9f917756a3f8b8f2548b4e671e,08a5cf032f6b3b90b7579049c89cb4ef532a1d08b61b6c89f20308187b88dfc8
images/fire/train_000042_box0_0.jpg,fire,a250df426650bdcf3e30c299b7e4ea737ec1a4642b13d545323f82d959ec8a7e,c20bdc270529e0f1580d85279f9ced6704b4b04467576bddf5fdba4bb0527ba8
images/fire/train_000044_box0_0.jpg,fire,6012988b982cd72e9cd4452b91b5b56f5917e86e6cc5b7098fb5ec2155c3f12a,6375b33576d95b6e60b9c823294102eb07ea27b1d7f1963587dc3c315c8daca8
images/fire/train_000044_box1_0.jpg,fire,034d0b8f0a9d11266504a6256aec8755f09c221e611923df61b30efd6d296625,c51b2cbddc4d8d7cc9baf6a0d28af0f75ad95e608f0d46690efc84e457fdf688
images/fire/train_000045_box0_0.jpg,fire,47288c08dcddaa0f728380934207180bf924ad981560b03dfd401ba7794db928,3b2b5e438b5c620d409e257b41bc5c5bc8e26c716296a314a9e374c0171083ff
images/fire/train_000046_box0_0.jpg,fire,5312856445fa122434353dc14ca3fa5d21e726941ca154ce860fdcd66b852616,d272f3e9536f559c0a4ab0043d20caf13862b4a26058e10e21a8599fa7ed5a32
images/fire/train_000046_box1_0.jpg,fire,ca6ad0b604be28232881c0a106e107d758d951b44f7118bfbac3fd14e8c58430,bd5c25ea1059edfd76a7b48762af6955b2ce27f51026218796a64f96a58cdf16
images/fire/train_000047_box0_0.jpg,fire,437cfd77d21fba0bbf91fb2a3ec142e2e05485ae132c2466220999f650f6d3fb,60fdd2feb3742e87d3cdeb9cc5900287cc7b907574e41bd8d5cc30d6148dd9e3
images/fire/train_000048_box0_0.jpg,fire,a86e9e969d44c6bf3d275991cf4b6fdae71758acfd64b2b3bf91ce0d2badc5ea,9ba01a95a1685125b7d4d56edd3557138005e7f2ffc879579b245be6ee034f13
images/fire/train_000049_box0_0.jpg,fire,8cbf3f4eeec94a7a1f4c339412ffa89e06dc313dc222d047bdf7240c5e0d1e97,30cdbd51ff8bc4c1d078e31f5f5e8745e21b809d0e31d2ede559c0e62f0ea92f
images/fire/train_000052_box0_0.jpg,fire,ccaf64a1f640001fb89a626225c31078bf103dc5ae781860e44dc4ced33e2b46,66fddf725d0f36c849f1f674be31762b32982ac5159222996d09785ff1fe4311
images/fire/train_000053_box0_0.jpg,fire,5cf4bfcc650f2bd4524203ccd387565c563e6830da61f0f617e89fc43934e3a0,061c8b39c99880e754dfc0160a6dd4fa223eafbdb873d61908d7095f20ad4bc0
images/fire/train_000054_box0_0.jpg,fire,ff29ab56b63217b05de4ebf24f10d47883ee95c2eb7d5c0a381d5cb9fefcb14e,b326ad8d5ccf2ad77ac5a6f9d00151cf78da7c487efc16067145ddbc523d0b69
images/fire/train_000054_box1_0.jpg,fire,bd7ed06acef0701d99fb264f689670d4a3d9822194676f1e3fd1abc190bbf34e,364871faefa5bc33e85b36bc7db2d9e14b7acc5deaad6d0846bcd3eff0005178
images/fire/train_000055_box0_0.jpg,fire,55ddddcf03db664c9aa5f17a8fc45414f57b44bb935126559f6cff59b4307047,458639a5d8396b6f86eff5c77d188eb655e705843b458c741b8eae5654bed0f0
images/fire/train_000056_box0_0.jpg,fire,6f391fe89fe189be5b997725cf6d7dbe54a069dd1437184f97fc9bfa8781ed42,ca6326b50d5d4c59240a01adc6597e903eaa77a3847c7c6118096b622c2a06ee
images/fire/train_000057_box0_0.jpg,fire,d53fcee264e751aa8e4eb927454020f8519c80ea8cce7ca05a5b12f5c8d9fc6f,569033fde0b8239845bdf8752518c0e7636acfb2071737e8bac2a335389004bf
images/fire/train_000061_box0_0.jpg,fire,d1f208a6113c62d259f0e4715286f68a683507633098e2c7dc5080d443755e08,492bae052f7ef7fb47c86e84f32c85417e7e00d1179e71ed4006c3d9f3c7fe9b
images/fire/train_000061_box1_0.jpg,fire,de018fda8152a6bee571e2460c2fb1ea23b8b3484403de8b9fffd19ca23be892,f9160b94f96704f9d653a79ffcc84bb671f6b884bf096a6353063d8dede6a001
images/fire/train_000061_box3_0.jpg,fire,433db1a91211113c2c96e243d9507b564a08f3f7c24e9cc09e944cf850668415,be12602225c0a7bf2edf99f642bbbd1acc53831b5e58d2e6923056471873c085
images/fire/train_000061_box4_0.jpg,fire,3b29c2e95f50509f76a0f81f72d216ce3f2f2d6c3a67812418a26c068f6a09dc,ee944edd565c8114fbf66c5f34dd03158064da76069866cdee09cb4a0fee222b
images/fire/train_000062_box0_0.jpg,fire,0eb289f5d8934f22f9edd32bf5323b90f3b94551a1a06c44f94022850b1476a1,65ecff8f6726259e1cd7be4ab3254fa52d29025c334caaaa1c06c90da15783c2
images/fire/train_000062_box1_0.jpg,fire,326c73719d52265c752fe8353b6830c14f0755d09e02a1787be360b0c1447a90,76dda074d9e326b60fcf04cb8df162c22bcb96b16f92260c0623937d5e5706dc
images/fire/train_000063_box0_0.jpg,fire,cd7b51d46e71c52382464648b326d2d2c01ca3877e005a0e2726c9dc2d0b9e2e,e43a0154369263a4b53a8da5d9521916f4637ebeb0e89181b7350dd3b5a67c05
images/fire/train_000064_box0_0.jpg,fire,efd004c3c84b5980b498baad06f259921f0bda54a8ed070016aee53bcdc2f400,b5db41cee725bae8ee89a8fc9f9cf69f3dfdd1672128159ed0e3c3012c103956
images/fire/train_000065_box0_0.jpg,fire,b7df3026623e28428e39254e2aab5409696967e50ef52cc89c929cbbb786b6b2,66229d2fa7a96544128e2b2d0f748ea2962141f8d0b14fb20ecf61eafb1a4623
images/fire/train_000066_box0_0.jpg,fire,8b97e1dc845e62d41d4ba73fc5e99ebdd637a2bebee164abba20615d5ef8070c,8b4c4874594f07eb7cd62f1c866da393440243c53b65db5c6fbd612c6d8d2da8
images/fire/train_000067_box0_0.jpg,fire,aa089e29c3b36685f31784ebf3de970970e674a90cb789d3d95cba18bbb9aaa5,260a1d81278a4c8d92dba176edf7842d12edf015b0056801902394b821a070e2
images/fire/train_000068_box0_0.jpg,fire,6895bda2f2dcbf2bc561459ad6dc542102da762018f0b8a1091b94b2df645e63,d86d26a48c05ced682bd647bb13d8a33ecf43c8036df8aec0ab85a17fb684473
images/fire/train_000068_box1_0.jpg,fire,013b02053ce8c714fa835b11bea3fe88edf1fd8414f3faef5ee3db3b3c39b1c3,8a314f09b2c0777fac67b42c0cf40f1683bec067c46b9144f299d49999bef73f
images/fire/train_000068_box2_0.jpg,fire,8856ccc051037df516956f21c3f248add6b5eff413198ff5d4bc29e58b21cef8,21cda5652adb11762a21ecfe042285080c0798306ce237b6870a05658e7c986f
images/fire/train_000068_box3_0.jpg,fire,b51d9ca76e8ca6cbdeecd2bdadb1566d5e7193ba4bccdb9546e959dc7a1c9a29,11fe37dced7418c529ae069c1688bdf55b002ba391f6260df30d9be9b2c2161d
images/fire/train_000069_box0_0.jpg,fire,0bb7809c74cae395cda5d57ac594211d50c2ed4a7ebee92b9db4c1b74fdb6f28,745713da5916d07d7dd42da6a41b02ac76dc23739a8a674ccf9dc0688066e3d2
images/fire/train_000069_box1_0.jpg,fire,295c933170a710f4a07b85549b95c6f1cb093bf1d378cffc6ef92c70f9e3b67a,39b4eeeb4b2ed6dbb8f6ead03b8dd1f20cefae394d2b11e80f210d486e6f7526
images/fire/train_000069_box2_0.jpg,fire,e9e2cd7824f68fb033ba7bc52bfc8bc93d766001062635814481a0db863a6dcd,21848041600e7b648a16a84559e2c7b495737173bb7b15b0e5c6808243dd958c
images/fire/train_000069_box3_0.jpg,fire,c97cab86c62f10932cd807d4f33eb246677ad6b43616aab705e665fb13d96367,e7fd711881f7eafb02bc87535ef45863d51a9e7bd47a65435cfbd2c6f34056b1
images/fire/train_000070_box0_0.jpg,fire,66c777d235f65ef7d466b1f7ecb938c941f6f0ce4f2e5cc803370674990c7735,82126d8d0ab06aa6614725c3e67e5f36da37aa443a35fbeec8119edbd2275b2e
images/fire/train_000070_box1_0.jpg,fire,a949ebad40c8ab4c34ecd5b671c64cbc6a98fb04279cc61817dbfec4af0f5c6b,83e84523c1b2cc3c19de80027df2166b3f3b460312ed4da1dc25c7a1e8c90aed
images/fire/train_000070_box2_0.jpg,fire,1e6331730b83e71bd26ae3c11bc48da11797c5b6c210a20facf752bcf5da5ddb,ca826fce5c39df99cb5c3b30d515081018d6d8178ae6e266f342550271ce7578
images/fire/train_000071_box0_0.jpg,fire,596e2f0d0fbacf5164c609d72f0e0f4027c394da55a2f5bbd0d6f2a8da5884fc,a9907e694e81fc12a1bd07ff7912ceb1fa84ed819e33f7c09294b7c78448cd5b
images/fire/train_000072_box0_0.jpg,fire,54806095b387d03eba1e1396dfc7825616ed65f8c413e70805eff5895c22917a,21fcfb63bad32502a50d4844b9c5c60f7fc6069baab7b1a5602abbdeee376e7f
images/fire/train_000073_box0_0.jpg,fire,2981cd8c31d800ab734756d96a9d42f0a47e7c88f00e6bcd55d001cb153568b6,7ea77cb3c5ef26ae9057969dd5d5480b2b7491899276eaa166657928f1c43939
images/fire/train_000074_box0_0.jpg,fire,b246492b923d3751f8d1ce8588a0e6e7b146d515fa61b30fcd04062986d8e409,94ae1747d9e445896e56947238a0639b35a5b76cd0c00277b58be0881f87195d
images/fire/train_000075_box0_0.jpg,fire,6beb69355da9641897640ed28d022a14649c73ec2e4ea9afb374c6d0ccce1bfb,9281bee55b873f129aa92b3d9cb0220210393a4d5b07b126d4e2a4e78993ca4e
images/fire/train_000075_box1_0.jpg,fire,b44820fc86ad7948b4cc1fac05673874548f31c5ac158f86ba2711db8126ec07,5d1da15ad0a26614bbf8eba92e9f35f0aaeac45075c153b497cf266366594fae
images/fire/train_000075_box2_0.jpg,fire,700f4083ed76fa0fbd825ef3cdf6b701358de7e812ef2996252fc58263f3076a,ad0d9404f7c20f62d113376137ac8d479f09ff96d1fb64d2e6458c9ee432a0d9
images/fire/train_000075_box3_0.jpg,fire,995fe1043819116a1f61566fc94ceb9d186ecce8bdcead04b8e4e31a6f10e8c7,48fb5e881afc2c958cf9e59da396c65bca7d9fcad071943cc83626a309f7fb43
images/fire/train_000076_box0_0.jpg,fire,b6c7d6f1affde6da043663df0b157cf4a302849461919f3a0aa84a46059ffdb6,ccce57b72185dce014d6647a9c8b6db976a0bdfaafd83a7257503382118891a7
images/fire/train_000078_box0_0.jpg,fire,221d60ef679d3b5339a4d6346512eb3e24ba02dc069facb8ffc66b26994f48a2,12f612d6835c4fd72a7c224ae8967cb08804a726e534128d247e7218b2883fe1
images/fire/train_000079_box0_0.jpg,fire,bd8aefacef21b08ee3c85d339974390aab2cf59f1f29848f776382169ecc082d,543ad0a37162883908b4228900adec642a21c8eaa71f8a265c47c06921d8d882
images/fire/train_000080_box0_0.jpg,fire,195fb04b832b97289b22253595578cd753dd5cee6d685ab0e96ddefa8d4d9c60,43f41fde31f42e5da5d708f3da10e4725fd290fbb29615d6c890f19f9064295c
images/fire/train_000083_box0_0.jpg,fire,f6f6f96b22f6803bf85b06b3bc9954981b6bc7e9439ecdb9669e480f86cd5de2,1236db509e223d5936acde08edb246c80f94061a6e59c6e1ac455fbfddf5ce22
images/fire/train_000084_box0_0.jpg,fire,99c8373ed17b5d9fe23840410eb36739e9b3449d26949ef670830cfcb126d36c,591a30dae38cd5b2595bfac6a3070f2f5ba0a051f658173f7efcc69e171fa8c6
images/fire/train_000085_box0_0.jpg,fire,742e14662493080c96851d54b805e8bebcea94b2e9e9ecc4d6d71cbe5c5c8af0,82f1548dfc729767a5a010e0afbb6b48c4de5a33912c84c959ebcaef95db5c0b
images/fire/train_000087_box0_0.jpg,fire,81219cd972c152600c4d2f24a3e66a2094a946220617b2d3945cb0b4b91b368f,7ac913bd71d674b5150440970786ac7016d19a200b590af741a3be15056a50f3
images/fire/train_000088_box0_0.jpg,fire,c5f8c31fa1b19d6eb659903a0610e13a1a4f36b885da16e761f08ca97e093348,bff80c376a2a765c5007cc86d764047862dc5dea072d6e9b936f7183ce757828
images/fire/train_000090_box0_0.jpg,fire,cd92f0d02a5c09df64b03446c24a942342f1589537952b7821208e40ad7e3bfa,bcbb3ccdf899bc7a672568b6acf1c0e4cf7d69f194d0f10b5f3f4c3acc0f1804
images/fire/train_000091_box0_0.jpg,fire,af42da56577fd930aa1bed9912af353e65f986752577d0d31f6749aa1ac5b9e7,f76655a5637c524b396ecb14fc4d887e6854e181ab93c8c964afdf43a448f24b
images/fire/train_000091_box1_0.jpg,fire,44a002e6a081f29fa065aa3c86373a3e38c40d58e01758d35c94e42c10b9ceb2,52767c5b8bf40ca68df08e66125639a3d297ca011a31fca650eafcf6efd35e87
images/fire/train_000092_box0_0.jpg,fire,fae52dfb5ae28ab69e5dff7d124f5d30baf069631b9957b9f3a4d5c9573f2584,1687006700cabb371baa6bf470d079fe0b3969da3b3cf727f435be37437e7e72
images/fire/train_000093_box0_0.jpg,fire,7073a12ca0bfbf48876615c9b0b5ffd7549ca9df6b730f3ffc3d8c4506f6e0a0,f786cf9471f9813722bec709775e27c5db04f45face006c52ae5955f540e66e0
images/fire/train_000093_box1_0.jpg,fire,45d1ee480540de611562209cd61ce02e0ac5707f4e8cafb3b9c0a6f804464440,7d6c6d9b4e82f127ec0be07cbbfd191939ad81d4f488596f45966a6b814d980a
images/fire/train_000093_box2_0.jpg,fire,0675bd2c0516e8b87518f22c2d640350dd43c33f79ef2e24aaba0cab732215dc,bb2e453a866317f05df7d86516a7dbaa2e17abcbde1ce4f206b766bc60bb2f69
images/fire/train_000093_box3_0.jpg,fire,eb9606d506073aa130705c253be8154461aae93404ac3fe35659fdad5e882e84,196181068d3e91e3b6117880753d236205f8c45cfc29ca575bc042ca85c41e5e
images/fire/train_000094_box0_0.jpg,fire,11da73bafc2c0a7b1f0f948a44de5cbf5068581f2bb6ad92f5a74fb2833a85f3,bc08dce09729e4fe3796267fb05d3ae4374ade811a14d154948eddd6f88cf9b1
images/fire/train_000095_box0_0.jpg,fire,2e7e5e0e668371f48472013db70c477bcf8d6a7583f8899377b9ed12cdacc26c,c02a678dc8303cf8580f9307167815c2c7c362214c10f2e49df365c13b036109
images/fire/train_000096_box0_0.jpg,fire,d30c988407340957d72253440ec19ba454ad369a950f56e42bdd7b42ab235334,064ac3fb7af92789c17da982e4b89eb3667765b8b50f106c079d5e54aee3c864
images/fire/train_000099_box0_0.jpg,fire,2635fc728753a207e6eda3874f4c75cf3fa99b472c466963c2910f3543c8ea8d,3c993dbdc0d556f77611e3bd49a41298ab7662185df6470a641f44da1bf117eb
images/fire/train_000099_box1_0.jpg,fire,1a6354f101b6bb96124ac47e673c508a650d549e813d2fe0ad1412fa367e9769,11bae3b4727449cafa77685c5445bdce78008c25c5ec420d5eb05a85136ddee6
images/fire/train_000100_box0_0.jpg,fire,07f482db15c185b796622a0d99a6cdd085b94985048edc722c3f817bf64192b4,51187d0f1a03090fa8bbbe7a32fd9b4393c4c6ff4ec9326f9285869935e5db36
images/fire/train_000101_box0_0.jpg,fire,9b1affa1f3e09f45bba28887bb69dbf12872d7f5e7eb59c1c6dcfc1a0f55a51d,c66fc8dcf25e7e5eb7d670e4d0394d603b3a1b8c0bba1991e2006ae98c044641
images/fire/train_000102_box0_0.jpg,fire,d01764c105cf42c697b7e78febf25a92c63c33569752895d4cd50bb273685ffa,dd350ac311f9b146019c2ed0ff91a6573d2768055eacd0c75cc71ffaca1fd07a
images/fire/train_000103_box0_0.jpg,fire,eb48c31fd63c15ea435d7e58338c439c866287f2d0f579c8015eda99baf6d223,00344d62021f68ef5e2236dbcda3a3bb177c3b61cd0f4fb3e70f5d3d875751cc
images/fire/train_000104_box0_0.jpg,fire,d5f6f16e86c3b2fb23b8af2d12be8d8875fa09de92dbd60fdf2a3cabbbf21f37,375d5206ef2cc555011a0bbf30a043b3f71fbad9ef1afda1a33d1f411614b79c
images/fire/train_000107_box0_0.jpg,fire,797516c19cb1b2ff92655f038ecf22996297112222dc3f12ddb5150b4b0b87fa,a3c28996b4466b50f322956f3ccdd925a43f7c76b04353f4a01ce121527ec0e0
images/fire/train_000109_box0_0.jpg,fire,adaffa4253fc2b8ee742f49cdfbf0175a12be55f5c8fc92ba076a942f18c950b,9bc7b4c869bd680927e66218ac5919f0d373722fc80df7e67d34b16a302e086d
images/fire/train_000110_box0_0.jpg,fire,5c0ad6df92b4921537c161132659b5d5189a0b0a588a5e551a374503daeb7b4f,d762a74a72b8e1751ffedfc28a6063427f2dfb2a5cbe826891b77074231511b4
images/fire/train_000111_box0_0.jpg,fire,dbcf1f52a264ef33bf417cfb18eec30f08c5b479acfc6f9c33cb86291a0b1341,2b9a6c808b11e7b046b8b01d8507a2864ffe4a191dbac5121fb1ceca75f29911
images/fire/train_000111_box1_0.jpg,fire,bf1a0c6ef99c88dde3fc8e805ce9a855550bdd577bc004ce43f58cc1f8377b03,cc8066c5ec70123407e9e788a21fb76fdcaac2be72701b52b99a33092789b8e9
images/fire/train_000111_box2_0.jpg,fire,9225980aef53e8c6570694bbbed71913802ade9853cd8f26639759c2277e58be,c868db892416c8b5cbb662aca5dc0d5b75025fc44b75f0c7fe5ef80143333a4d
images/fire/train_000111_box3_0.jpg,fire,e2f0f6bd4fc02f5e09cd21c87b7d8f0f59f3ae2f4e04755cc64a5d493da2e258,7517b1e348e6bed9b5f64f4e43291a5e7adcfc2f1dd5d1b27896261d88cad4e5
images/fire/train_000113_box0_0.jpg,fire,faa90ff1981feb1ccbba45cdb25d3ac5b5f424ddb18f1a6c170b7dbe5731fe7b,9cad81dac45bc86f41ed22a745f9a8c3b7ce10e295e727bb3769eb9bd9b38641
images/fire/train_000114_box0_0.jpg,fire,4afe20f7ab18de43e81726ff6dd0fd0b1ac5d81341593ecd5b13496ef73214b0,770c0dc8da224b699566ef35bdfdd4b09474a37f2f6bc27f7106d47551dd3985
images/fire/train_000114_box1_0.jpg,fire,96039ff8e53dc46178ff8508282e16a5e6fe93bd103b77cee34c4346b74b2590,1507f12797511a53c4be9075252c8ace2c34c59a8c04b28c1e369fdbc503839b
images/fire/train_000114_box2_0.jpg,fire,0a33a3bc55cfcf1691cb46f19db1fcadc4ddc04920008367df5157a6655e73cf,d8d1ef6d19e9e8a9969002ed214df5fb43cdf725089c8f103965c0d374604363
images/fire/train_000115_box0_0.jpg,fire,b5d80b2f600672a1075cfa7652695430fa177ef5fbb77827229519a3d491f3c6,e280214438a2d5385c5c9224114e4dd3e83b6152857c2e5bffab0533e2d9dcfd
images/fire/train_000115_box1_0.jpg,fire,8e57152b8497a139a9a780c2c7ec33c680971d52acacf07a4a870d365ef3697d,0525a3a71b4b58fbbe2c74d433ec1a40e5ebfcf23c9c963226fc62ac167f7a46
images/fire/train_000115_box2_0.jpg,fire,e9d98481c6c3508884827db5030955dace98424e8d52e9ed6910d2ec7b252137,10c58259785fda2be606dd16409fba053fee2e0614262adead2e4d956fbb78ec
images/fire/train_000115_box3_0.jpg,fire,f19ce8618f6f74c6f7dd449f1786992d9d60335a237a8576041e38b4f9808980,1686f4df95a0e3f1441feee132269658eff26ab2670df648e0de6f0916f0c7a2
images/fire/train_000116_box0_0.jpg,fire,bdbc6ff515c56bbfcf86e9bb0009856fefc5646dd23344840a3f302b7709d800,a476ebf48f0c256b8d11c2f6326cad9f8c60f1fab76ca0e03a78fcf4e6b57da1
images/fire/train_000120_box0_0.jpg,fire,76486841497151a6a78ecf58e9bbbbd9d3b29738512965726dbfc70870a8133f,a9e243a662c14d6c556e58c5e7e7c23afde0a1d5828c66215d7cc3943122cb94
images/fire/train_000120_box1_0.jpg,fire,566a34c67f326667192f375d90af7e41a881472be7c76b4c3acab8942e13c62b,d83a6442a008c5f25458da0f0ffb166e96596d49a26e12728d5729336b61ed6b
images/fire/train_000123_box0_0.jpg,fire,5d0f0b44b7b1139028e1c9dc7d13d2075e2adadf357bd9650ed26bfc6c4f232e,2920aca9d4b6c991b028f81949438dfdc0a26e69edf6823a0b19f3a86ded81ee
images/fire/train_000124_box0_0.jpg,fire,576e63326d0ec55e723d9d0c6f93851f9d0a34cfe386fc459e37833f53790a92,86df8d4157c82e3d7c8f9f01e4c2ee4a3966562577d9d4f08d872747473ded3a
images/fire/train_000125_box0_0.jpg,fire,79f84294f385b3cce27b424e14c5459054a2f5787dea2819be0d2be9424a6623,9d04d97144ba2356f9a01992df7bf29cdd18b2fb4ed463d31d3ca48801d003dc
images/fire/train_000125_box1_0.jpg,fire,7b6bdba894ae469601b1f46de469c0881ba480578c5896b86bb04d2240c854cd,974b7f000f6fbfbce8f4acdbe94ec021587c1d06ff0c5a11bc2a621b44e2df3a
images/fire/train_000126_box0_0.jpg,fire,44c48c588be307ceb9ea602ce374e47a20eb2beed5581fc59b4eefd7047de409,b6aa67197f694ec6711a65ef893950815ec2bdf4b1b14113593cfaf72748a664
images/fire/train_000126_box1_0.jpg,fire,8bd1a9d0589fb8709a60f743b18a98e1c36687b07372e7c8ac280739f1f383ef,1035defde34f284d1f95c728d10ace6ecb26e39320b27ee4885d0a36bc282ec9
images/fire/train_000128_box2_0.jpg,fire,dc8c2983e16e14bf1d93ad556e44647886ec730f35fc4b1e2dc8a654fc53b991,e820cd4a730f5b902d090067041fbc50b034a4077a63a7f89137ef38de3c36e8
images/fire/train_000129_box0_0.jpg,fire,8b384fb0846ee0d674e8a4c9fac2ec643f6922832de1cbf5f6deb28adc6e9ff6,34e8415429e3cb286a38f348194b6b6a2ab112ce0d5d4358a4ddb13a8bb5d9dc
images/fire/train_000129_box1_0.jpg,fire,60668e234db858b695a697d833384365c7690a49eccdbe3357ccffe7560abbc7,d27774c456ef18a1af01509d93a776e66a5dd9ba1de47bff58d3435211251ff4
images/fire/train_000132_box0_0.jpg,fire,e37351a6315a11d0b655ae12b82366bbab4d906770a7b6e7af3e882f1fad470a,9f2cae7e6f27fafcdece81783732a1f929933d3f7c76546087fff31dae8de47f
images/fire/train_000132_box1_0.jpg,fire,306de408e1e83ebdb1ac74c2f80b3f90227c249200ada030105a6076a139a3d7,768370e4c889080d45968d96fcec22c58a33706b6df8ae04e8f90a0d95b69a6c
images/fire/train_000132_box2_0.jpg,fire,ddf85391cd27e25b7b7f570ccc32c78de0aa3bcd8a66cc9fc34ba231f8c94634,1d94d0328d8db1537253b3559ac1f68eba31e1ad5f8bbf93274824b45416ecda
images/fire/train_000132_box3_0.jpg,fire,72fb8e743ed3dab0d663e2fc04002c93acf0e611ad5a331122829bc357df5b83,f7138a748aa5d7e4163db6f52056fed638d47fde13746b1f1fc8c7c1183b9c41
images/fire/train_000132_box4_0.jpg,fire,130b64c376ff35707a7e5b8598ac977cd0159cac6f2e100890267b4d9354df62,4fa8dd0783c564cdb0244d518900027a6437a6db08688315f996d83880c3ed56
images/fire/train_000133_box0_0.jpg,fire,d52378cbad4fb16194cb92d74f3716daa658bd1f3c89320ebb11bae058d1decc,b2270b95238f10347bd005af495bfd5b96a376f995922adb9146cf67cb0366dd
images/fire/train_000133_box1_0.jpg,fire,5157827f2867c1f7e6aca3cf70d75925c7d796d04525bafc1366534529f22108,06e4f9f281b0ac6ea8fd1d7ecc5ff9b8b12c1be2284a3651ef3cd833a1a8ee2b
images/fire/train_000134_box0_0.jpg,fire,a025bcce2653025b22903cdba12a1041d788ce46767bf2364852d7e4aeb69c3d,1e367d8597036f352b2dd01544abd4e4cc6e1d687bc4217e1cea8a9f6b7b30c2
images/fire/train_000134_box1_0.jpg,fire,63662e868fda2a2c6569762a7893f482479688c40d4b818c72f29db2bd328190,c006d304a0c1a490bcffd7eb847bb41dcbb17553f8462ef1d333921cf0599691
images/fire/train_000134_box2_0.jpg,fire,3bb73ec61529a40db5c56cde1feff5fc39163477a29842d721cde409d9c67b7a,7b57d6ec6d65acd595e0b372caf04d9eac62407d3058ee35d68eea5b85e715bc
images/fire/train_000134_box3_0.jpg,fire,8c47820ed205b5fd7ebe75a770a4afe7d36a755a33ab9de881ebd8c759527ab6,65090a8d3cc3f4913ea5254747f3c69ed979c1c37428cc6a00af1b7a3b7925b3
images/fire/train_000134_box4_0.jpg,fire,94b60b9be4f5cdc34ab823db3cbec91296ca49c7cc16a184761d9b8fe0e9112a,8985f0eb3cf26cb63bff21f25664e91746fc1d73c537d4bc759c87047f179869
images/fire/train_000135_box0_0.jpg,fire,62ebb6499ba6b700bbf2a0a0a049ff2d756577a8d9349d433653157cece8bf86,e6b4fb17985cc6b62cdaf1748500a0e201215291665c4c8cbbf70d4630f44a67
images/fire/train_000135_box1_0.jpg,fire,088b72b37c3d128879d2ce71c072dbb8a009175af149ffb386f9d83c5a2ffb11,470d4f43d50d7760afe14ac70df739dfac4bae5d45c863afff1b9f969172c498
images/fire/train_000136_box0_0.jpg,fire,bd128a28ce1240f4e04a3ee2c61780a58d4f53dfd90d1202ed26a9e2c1cb450a,2954b0f46be22bf68b35aee3874b13e4c31b9ce62afbab86247bc75688477e24
images/fire/train_000136_box1_0.jpg,fire,848fc4032fc85dccab6fc95ec1a48be955fb7212f88d8647c60814c75711596b,bf5d6bb0d96cca74205b053ae717758e655fc31612a8e13c7f6c899ea19b44ab
images/fire/train_000136_box2_0.jpg,fire,38d5418b9b8e84e9880333e8487525697a70a467153b5db61af7c870a8cf85c3,1a0a7b5b2cad237aed7690acb47fcf117d1b6311a52c0cba14d53bbb9690918b
images/fire/train_000136_box3_0.jpg,fire,e35f88e9219658f16b014c2a617c7e5e9fb0cf98b8987f4f63a136d90771862b,5156bf296a6fd587cf6b60797c79112a1d9ae141ef9eb9d0d7db18ae27237a46
images/fire/train_000137_box0_0.jpg,fire,afa5554355eb5377cfda58bc9fc9327cff7415f6d5c745b1e23b1c0ec7e89def,6188bfe1a900778eda70cea78240ae7e551de234800798f540a42996735d0c9c
images/fire/train_000138_box0_0.jpg,fire,56be7cfbd2a6a3579b0765ab128dad35bed6e38dd9be8f0ef224ba6e07af4103,60894d9dbfd3debdadc4f4fc9a62224b18fe6a5b57cebc2b9e5c3d10d71e160b
images/fire/train_000139_box0_0.jpg,fire,963a98c4ef51fd596f061ada61155da0f56e4e906118b47da54d2b6e89fda1e1,98522c0c14bc6556a80f9053a346953719d37937a0ab85eb5a88a5123c27549b
images/fire/train_000140_box0_0.jpg,fire,899f2f2b6c00ab0bb4f11c42ec016b6807ce68353e2d22cc6c1d2f5e896279bc,c03a870ba1fad563a48965250f754e4a5da40399a40a62ff92b4c4297d3f0ac4
images/fire/train_000141_box0_0.jpg,fire,3d1f6df4f80c050c3d2d7c9a3cbb67045a85cd5d8d11cd8479750aabaddec3cc,67c21290189d46bbec5bbb196dcee1709fcdc5f2bb7c16156eee4c46f1d023fa
images/fire/train_000141_box1_0.jpg,fire,d988890d417d74043ef31d3fcfa977f5e806fbe7b67b04fbd1a99e757bf9b3d4,97012d1f5de2fef8c8a13fc14d7b86cc61cc317f73ede1e913e9a3ad0ebe5842
images/fire/train_000141_box2_0.jpg,fire,082581ece82bf8465cd6ebacb2d4d40b52af4c5c0c2834e674ce6dba9f7cf167,669c9663a23fff9f4e99c2f8f5f39e687ada2e428e4e09773a4f13c1d53660d0
images/fire/train_000142_box0_0.jpg,fire,1da007ce5003f7a6ef90617c15e71e9d5e1a0548fba11ad5a4d4c9f25cf7007c,3ee8885b02e57112b0992cfdf4a7d98847c61883928c3d7f497072f5c3bfb5d6
images/fire/train_000143_box0_0.jpg,fire,5f0d13d9e0a68788d658564ec200514f1c98bb3d075a64786b7a9e58affbe0f6,420e2acc2180e423d26ed5fe0290bee3008c1768ff5349030ec3d0b4ef24d0f8
images/fire/train_000143_box1_0.jpg,fire,60d8898f2e33703e90a724490bc272115b4e174cb30b9e02e021e88ba03554d1,131573106354b4ee2e0c5532ae75e46e697c1c3e18cd38205a1818e57f42e5e4
images/fire/train_000144_box0_0.jpg,fire,aeee8ef79c8b28e4d1db6eb0eab03e7e9315bf2eecabfeb4aeb9ef0ef3ed71f6,086571717635cae100f4779dcedacd031dca43b149079d5abe5fe1d312e87446
images/fire/train_000144_box2_0.jpg,fire,c9cefc29f6b14f80dede7a6c7c44b9b1c303a0661b7e37042d88da06785a570a,2a28643049d700815d69d3b36feb339fb5500a1a480bae544cd701376fc57af6
images/fire/train_000145_box0_0.jpg,fire,62bd5ed7554a6c2a1d011caaa3ea2913410fda427fa4e516ded986f2d916abf7,63331f32cb59aa4eb04328835ec0958a25a389bfddab81b39be838217854e137
images/fire/train_000146_box0_0.jpg,fire,db17859d5e87adc587b49e682635141e10cb5c428cccd0aa68c77494804074a4,0b23c6305d784aec3861afbc4377cfc1eca8efacbf2af6ee3cc635f064fe9072
images/fire/train_000147_box0_0.jpg,fire,ec8cf71b276103fecd39bd515a59300d0c3a600483c9f1fe0eef1b8546e674e2,08895eaa6e75e5fbd3c6d8a1f5bb6952346c6d280920da5005abccf9f8f409d9
images/fire/train_000150_box0_0.jpg,fire,569267d08e80620d98ffae3455d0147b52fe7456085d77aa33f37113fecee2be,507b5f133011785ffb4ca231d86ccc01f8588a085a9bee630fb804afa07f7960
images/fire/train_000151_box0_0.jpg,fire,0c48e2cf20532a9e856fcca3dd6698b2a43e48c0fdae3c5033354186af57fe94,2403152d1fb78b6a93726ee8f2f630bea0bbb9199eeba01ed757f9826f52777d
images/fire/train_000151_box1_0.jpg,fire,605ce83d4535ecb3574e2184b1cf95206f504dd8e009c3c5a93177588cf80f7f,4c48192fb4317aee8c2d34fb77d2e1063caac9c31d076904d075c0435e14f815
images/fire/train_000152_box0_0.jpg,fire,b4b24a51e650a4f2432a373862fd764210cebc5b4028da28429d4a618ee37271,71e6ab916d5b1d7bde3aecf2faa05a10fd9b61f81e6b23af701965095f13d6d8
images/fire/train_000153_box0_0.jpg,fire,4315cb7843b0bdcb2d708e7b6cb6835758bbaed05fe6085c877746170575762b,28da0bd02b11a6179c378b79d584e42fd7ef2f61e88042cfd7c8eed4c67171be
images/fire/train_000154_box0_0.jpg,fire,b50fe1b7d95f0cac4a19c5d9e4608d7a2707da7c20db524282934952628b9093,bd98ae05540ef230cc8ec9c939845ba9dbd349450114a46f34507d9efa802450
images/fire/train_000155_box0_0.jpg,fire,32ae53159cb69d8606f6f2e048a478dd2f298abf2af6cc091c13c918a5e67227,6ff729436a23831bd4686db352c8c91197b19b1497086aad608622ef773a3529
images/fire/train_000156_box1_0.jpg,fire,a510fdcb12d67b698b2bca66953fa78b57cfd7b9d832250eb3b61172322cd93a,336770045449a6680d7a9f8c06ebb518381215cb2e0d4e7cf38c980603b815c8
images/fire/train_000156_box2_0.jpg,fire,cc236235a57b8616355da6ce99232bc4ac3b21310485cefa5e892dfc65d10766,022d54ff32d390c483c0622499987acf39adc5b7ac11ceb58f22a7453185a845
images/fire/train_000157_box0_0.jpg,fire,5d42e01fb5ecf0d57ec015f0b8014b75752bbd8638eb2e624ef77f0150f7cea2,25435e4498c5ea8cf83ad62c0fc423d3c3dee35d6e217daf7615b59900b95d03
images/fire/train_000158_box0_0.jpg,fire,b7af397c69951cff3ada8c866f7feaa96550245e38023de61958bd774b97c796,211497c13d25f893ce00b4911c69380fa830c8623866a958a45e001e206b4f67
images/fire/train_000158_box1_0.jpg,fire,56d85fde1147bb04fdffeb34063bd5680fb2676fde3b20da68d0797a5a1a7bfa,2fd9a6041366fc78b5326cebcd6a90d10301c8677891abf948c0a2781b1cd0b8
images/fire/train_000159_box0_0.jpg,fire,524d9ea19eea6d3e62fa9eabdc3f5f9eb54f8c124438d3b19b8d971f093e8fc8,3e53ce547e5dc047e2e97b0dcc8ea8499ba378cb9174e41613bdb6bb7fc2c8a1
images/fire/train_000160_box0_0.jpg,fire,31efe810a0624a409ee307479b82012441092fbe8d73a1be4501f838bf9416fe,ba1346863766bc6db23d37b1518c7aa32cb8c7cde2ef1e931e6778ab5c62d88e
images/fire/train_000161_box0_0.jpg,fire,07d1de1f60b513d3fa208a4d91898135aa90075e2a75a42648129cabeb96abb8,440a14beff034da3e8dd46b33bccfa554ee09cab60039dc3439c40c45c59c917
images/fire/train_000164_box0_0.jpg,fire,9260e1951d37811c784e8d57b97603b4372e82e16cafaf9ede924961f28604a2,edb75e4020415eb5f3609d7aecd81fd11651582b4022e831f55e767a5e8c9958
images/fire/train_000165_box0_0.jpg,fire,c4c75007422e221fefd2f0b139f7479410f5603f4a4038346fc1ce51d352473e,1a1e5cf3119326620618e4b5425f8b3e569bbfe7fa2d01f95103180f0e3266af
images/fire/train_000166_box0_0.jpg,fire,aade2f2544f264b0d2f6e39c7c6e2c23932cdbe00dae7e2be48055f68422b2b8,056f930f43c71db6a9026a590f1974699d11ae148b38d126ddd2b49fe8703130
images/fire/train_000167_box0_0.jpg,fire,128bed209511f9790f15f8c372d49da4f51fdd01108ad78d73b42c23096fd49e,9065513bd24d524eb6f96ecff3f70202d6df278e2d212867f8f6750dba790f58
images/fire/train_000168_box0_0.jpg,fire,5d91297bd9b3099b2ccc66e72e2f6b473f0bbe8b620e0fff9a3a776caceda546,d7fd839fd9b89ad2caf82070df6185541d1f211fa0c0e93e7c0bb50966536f42
images/fire/train_000169_box0_0.jpg,fire,f0836f1889f4364d1400b2465ca86dbc697cb86ecdc326c5185995bb24160ef5,af508050fc73054e9fefec296ddaf26a773b4f8e26c7554ba76ef110c0d99175
images/fire/train_000171_box0_0.jpg,fire,1ce8e13fb377000ea0edb1a936294abafcc30f44040b28cd4035c30da5712cde,0c6d220d416ce6fb93b87f8ba18a184daa87d9566d1c44d7e0d4d38f75c858e7
images/fire/train_000173_box0_0.jpg,fire,a69fb2328fb377143b83227ca20eedb14be8548a4cc310d5c15cd95a5be3f5cf,321b3c4e92bf5796b76b11e05e0eb8ae9875fee681a148e57d983ef2e70827ca
images/fire/train_000176_box0_0.jpg,fire,b37ab4d3fb03737d643725af1fc28477ce30c49e2590b616831f76ae6638ffce,33a3406605a828bce729a2e746658a7e7b2f383dffb80c7bdbec0cc620c24704
images/fire/train_000177_box0_0.jpg,fire,6b822d8f28f749c1d73d22ab10096206543b2c0a01b79f5f11f689d29d8c39b9,cfd5bb547bcd4ee250337a2c6e2c0d39c2b615fc352ad23ac85e04f4cd17085d
images/fire/train_000178_box0_0.jpg,fire,f9ad43211bc4fb212de7f1e089e1677b03a02ad3874f5dd5094c58fd739d8bb2,359181dbab59acbb7136a503004e0e183a0c9941309859e674fa21b7a04fa237
images/fire/train_000179_box0_0.jpg,fire,2b991fbe3352a6473bb5f7961960debb545e308013209dc031e094afa5be9f18,524372135b4434e829aaa647ebd91eec83379a87449b79f0704500abfc8c6dc0
images/fire/train_000181_box0_0.jpg,fire,808b2c71e28c61b9babfabe4fbc0fb3a7deb2cc116ff630c0fde49f5219989b7,6352c044d3d9bee1a7ed2f0915dae4e46abd35b3b4e39411c4f20ea12a593272
images/fire/train_000182_box0_0.jpg,fire,1ad679bb15faa6b01d66dd3fac4aa4867bd27718239cbd03290c7faaca0c7659,f4b5a14ab544af4592fa3e12bb396d7830b0f2e33fbc24dbf9b152a4b3d7a33a
images/fire/train_000183_box0_0.jpg,fire,46a34f711a9f495b27d9d60a34bf39c30dd0b49a75bc4399afafd8baf3a7c9e2,19d657284ab7e616011cae61f65950dd4ec4d4c992aeae05107755840129184f
images/fire/train_000184_box0_0.jpg,fire,cab115a41a5030076839dd35222c08a192823eefe994728baa8f294da99a14e2,10adfdda32f84797b693049d35cb3a367e69fa8bf8308b4d133dfc8cf96f23ff
images/fire/train_000185_box1_0.jpg,fire,94884220cfcdfc856af497931f4129021d9795759f92d54e840caebacb5ffadb,6228030262664538c2a72b4a838a52cf91ce5650b3a3c198dbb50a525531899d
images/fire/train_000187_box0_0.jpg,fire,f11f09c524b31f9ca3e400b9875726a35627e3157a04a1e7ab2ecd313559d642,5077739a042612796d93d9cbac5671cfcb5cf21dd6d046e8695ab92e05c384e3
images/fire/train_000188_box0_0.jpg,fire,b63a00a298eb2acb641a4a62da3b8e1a67dd60d2371d26be5c5289af5b6b1e29,404c2b3067c77938367db2794e4f6d445c42386268330704e9ccdc365996282c
images/fire/train_000190_box0_0.jpg,fire,8448bdc847abf07be7c2d6706f37941da2a9251da3d32f0fc47f0dab367a66f9,7004d14de261596befd5861cec480325a818cc125f42d4bcc865c2aa94cf904d
images/fire/train_000192_box0_0.jpg,fire,1b182a6021946bbbde3e7021f96754548c666cb03b48a519bdd2d4c687c24645,3cfe392f9090e606ce9a8e3205fd588ec43bdd83271bcea5c09333f6c3e5190a
images/fire/train_000193_box0_0.jpg,fire,7118b4cba66f6cb8be310a24c767156e28362314f704f02d8887fa785f533ebe,c8e26bd7a8b0d2b4ccf32fab534414c4e6658a3fc624ece36731c0d872c75e0c
images/fire/train_000196_box0_0.jpg,fire,e72ef8a9cd7675d8175d0bd1e89cb16e5ccbf650b9b088ebe5f49c1922177467,b4fa473583a5f9ccb34bed27f21e5b456720888a2d1fc5a7df2af9d272812476
images/fire/train_000199_box0_0.jpg,fire,620937929956f31b9d641e49383fc5c3e672e2312b13c754976de500e38ef11a,47762404c5d2740036b31a429e240949b5904f87ac5dcc70e643b4d7ae9cfae7
images/fire/train_000200_box0_0.jpg,fire,a00a829e026eaf37df411845f97957974c9e8ec8a1ce8304add0ea46b3eeb67d,8441f093d0d6f791ab062c16f37272d4c8fa9b35b64e5c0feccfc935e414a61c
images/fire/train_000200_box1_0.jpg,fire,ad931bdf270bef0a8aaf4020f8d99810bc1a33e78157cc6d6f211183d7b283e3,1eebbcdd3ebdb43d672713c911c672db684365bfe933aa86cfcd37dc93799498
images/fire/train_000202_box0_0.jpg,fire,b9838b569883e5b81476fae3d69c1aafb87aef991a0b30623e5e2659cf870c84,2330bed06a8b54995cc3ce8d2216d509581c0ec691000deae19b7125efc132ac
images/fire/train_000203_box0_0.jpg,fire,579f5f13c20a59e5f220a5d00483725b511cc655a2c0d2ac0a49b5d489c6350f,7661758ea40c540e5b5f715e8fa2c8cb284659d03bda893c9f943bb7914556a9
images/fire/train_000204_box0_0.jpg,fire,49c5d9b1b158f818d5ddfe56e568df34e2c5d8e18645527d8ecdaa6ff29f3731,65fc2d4bac242e5b80f22ccd82c58c037da1af9fab4c95a7b68be2f84161f343
images/fire/train_000206_box0_0.jpg,fire,3b86c3cd845792e9b3ea059cbea7d74b8d00e92905bf7b18372fb8dceb01565b,a2d5315f0aa13b6a2f72680fde30d2091aa24db83b426e8765260e8d77a305f6
images/fire/train_000206_box1_0.jpg,fire,9b8f89add2ea0c85502396dacc4b5cddf108630d4a8edce635c574f310358882,163755983c1e363d3967d8cc9a52de77d70e089f110a8270a3025cf151246952
images/fire/train_000207_box0_0.jpg,fire,4dc97e1b8dbd10df3fc4cdf722896b6705b98d3b2426fc2c2f6efa32975c2094,6a43ef22eaeefaa9a253d3a202a458a60ca89d4c12b94f5aac41dd12fc5842b8
images/fire/train_000207_box1_0.jpg,fire,d141a23121cf786a0c58b9b9cc03a47496976aff251af90eba94bdfafde95201,d539726067c5262939df6dc3ddf711c3ba4a24c60923b23e41aa804833f49347
images/fire/train_000208_box0_0.jpg,fire,a88641e44a7f043ef5cd1bda40cfbb9178e23466f0dee9f984b99e131df242d1,5dd693e563f8afa87fd97ee80eb1fc6d3ffdd51f41bb761cf23b0bf9ee8bd5f8
images/fire/train_000210_box0_0.jpg,fire,2a7704861a2d67f9e2c087b9e03329ee512cfe87356443f939be71fb54e986d9,f71bd12fa23b5cd2a156d8d86d3a241931b80fc2378cf03885d2eb75d4c4c164
images/fire/train_000211_box0_0.jpg,fire,bac2fbeffff6652d14e567681d71f71c99b3b4daff5730a03e4f1494e00109e3,5a8fc6e43aa48adf824e85f035876808247a80176f31addbd9a386d32634fcbf
images/fire/train_000212_box0_0.jpg,fire,f94e96cbbf102fee30fd3d55e2dc4314e6e9ceddd38e2e5e9990f85f04dc77c8,89d6b9534695ec8df0eb2cbb82b5e00561012f8342ac037408bd25ec0863e54c
images/fire/train_000213_box0_0.jpg,fire,a4300c70c9daa0ba83fb0ce83f8859705faac68e9a9b207ec4d393f741d0b4da,efe7acc5438ca985bc38d3fd3c350301d26e6be504f5d48cd738858156c68731
images/fire/train_000214_box0_0.jpg,fire,db56a4cad613afdc47890cbfb308e337e1d3b01e4da4254b023a91a4d35a6e08,f79bf3432695e0c0f0aad609bc1a20c761d72cdfeb31e9f3de0867c7ba66747a
images/fire/train_000216_box0_0.jpg,fire,d15d1765f328e75530f6887365d71a0186aa3564cc07b6fcc88d1c3c0858b56c,8f0651b7fe9825414408c65a98eeece21c5a84e60889d11f320c903f2ee2a222
images/fire/train_000217_box0_0.jpg,fire,41c7a676b6fe2c3efeb3aa5393df9ea410a0e8e1974e36eae942e41ed73b3304,89d0342bebfa06267b1e00db4b8af26790ef4167eed771db5f8a8787b1f6ae5e
images/fire/train_000217_box1_0.jpg,fire,c772d1b4edec3cac2b66a6ee5df2405341cf5f73fa2fcb41cb02492f00a490d7,c2369ed80bb7b3b1b6ef36ff3c7386d2b53ecc7aea54e61c35be680a17c048fb
images/fire/train_000217_box2_0.jpg,fire,86ba146fd0be8006bc0474734976cd9a210f8acbdf8e9ea91e25874417b93381,30a73cc6ca6fffe2a3de990b93f6a5b131627978174c0858148f89fb6fbad646
images/fire/train_000218_box0_0.jpg,fire,6774ca0227d69ec5fa9f64f2b668a39981c0e4f837edfcab8493b21f95644e18,214dcf3aaa98a8e196b26a39f6c730da4c607c0fb4618ffd1ef9bb940949b712
images/fire/train_000220_box0_0.jpg,fire,c2a61d07b123cc8f66e8f57a39bd3547753e079cd9b9670fc744ac19a72e70ca,0bc8085104ff544dacd42616b2ffa76570fe49527aa4314392468c93223e30af
images/fire/train_000222_box0_0.jpg,fire,e6a3fc93208774bd7e8d92e52cb40b0941a21e42e7247d14f251a9854d745b21,ceb6612fa98657c2bd3d24218d4147df002e501f663c2cdee136d8f652327f4a
images/fire/train_000222_box1_0.jpg,fire,ddf5c152a0c5dc76510b16fe569e88e70a5d98bdef10c4303ec4893b2fd8c1e5,32cb51795bf46fc6f8c8142b9a4f4df657d2db22ebf19dcc7815844be1ccaa8e
images/fire/train_000224_box0_0.jpg,fire,70a7258ac98d0ef600fd7e141492344934eda94f13bb2d19ff48eb9150fa2b39,4a4a3072ae7a042713868a47ff3a8f3902efa254c9d6f4c810f851a245848f2d
images/fire/train_000227_box0_0.jpg,fire,9c403a7475f21b723fbadfe91b205122347179d169495935b4953c1e11612098,b92401c754ac02e6dbb745a5227db1da9f61b849f841f495995985115387cf35
images/fire/train_000230_box0_0.jpg,fire,38c5aa2a8349476b39fa0b8edb3065b2c522dd88453ee05c9155f82979f7a6a0,bbcf35d5464935d2609d11aa049cc2942796e836e7b49c60da3fcfb0ab6e6dd0
images/fire/train_000231_box0_0.jpg,fire,31badaf0947194b066fb9cb0fc538d199c386119d3530e20226cd6232a5a8bd3,cc44c51378a32a12860ca9a5d5d14b1f3f1192b26393029ef612f733b5a628e4
images/fire/train_000232_box0_0.jpg,fire,11da73bafc2c0a7b1f0f948a44de5cbf5068581f2bb6ad92f5a74fb2833a85f3,bc08dce09729e4fe3796267fb05d3ae4374ade811a14d154948eddd6f88cf9b1
images/fire/train_000233_box0_0.jpg,fire,753d12745e8d221496593b200a1ddab71a4e3428f0039511fa061b1b59f8ad77,ee736c6fff9b396a8e18d4f5be04bcbd22a126a51dbb55b55033129c46a8a2e5
images/fire/train_000234_box0_0.jpg,fire,dbeefee1f878f926d14936f7d171a3326a020de2c39c7bb31385f94715172f2c,0c058fdf84a0d3cb2ac1ad14d068218e42ecc70711f3281dd8a2a9bf139ad674
images/fire/train_000234_box1_0.jpg,fire,3f617dab00f63ee562b070b924e421a884dbc1584365dd90afee74bd6468f852,2aeebdb0756468b31f0f006989cde81d102cb6763ccbed75cc0d301baefd1a36
images/fire/train_000236_box0_0.jpg,fire,0deafa6aa61b774ac0df70fccb32b09d8e51ae678caef81099c8a0611099091a,6175b9dae87f43be94e0cd1b8cf4a89bd6bf73a64c4cf1da6d70063a507f3522
images/fire/train_000239_box0_0.jpg,fire,6e208d4f671eaf89cdaebbaf5189bbe8068540f6d8c2490701ecf2d33d0b6673,76003af84114ae5181d65071b24abb556fcad99210db6aecd6406e3559df9ee4
images/fire/train_000240_box0_0.jpg,fire,8d4520c4d57f6b4ba88c0494b9a8da2e9feec51bb213ba1a54f3c27b1d0de27f,49c90a7a5ba8f887c9a426b193139c00b52e817456ce61c5ab579e269c2260e0
images/fire/train_000241_box0_0.jpg,fire,6af0ead97efcb74a61a52ca808b6e9461648c36a397504b5a0d324105305e770,d3fad4d342bea7a57b944fd0eed3a704a39c23cca6a83bbccc8eed736eb58918
images/fire/train_000242_box0_0.jpg,fire,441621be0ae99520e2b262a2b4de98c4537eb4310ea38f1f02c094c7cda22708,020c3777e0266023a930e38f1aa0aef59029b311b3ca8873e301d100803ec780
images/fire/train_000242_box1_0.jpg,fire,a0602be1f8a0bdeafea399398dd1a38ba54f6257f48e0bcf488bef37f467e145,e17ac75d851ec537a50689bedcc991b21ef4a6dabb0f7af3993508f188e9ae0c
images/fire/train_000244_box0_0.jpg,fire,d75a6dcaa9a59de919a0d8a7d816a90a4d0c751459d7410418503a727e3ffede,d9a9577aea4dc6ce87fcc06df222ba1b13fe96db9436e95c66ed504d580a554d
images/fire/train_000244_box1_0.jpg,fire,ec3b943cdf4617848730cfe9455909ea70f1f4ec390f93154c5e27c4d517a733,574e7596e61968c02a74db5723d7f40eeb649f3b980312e38a633da3f9c20dcb
images/fire/train_000244_box2_0.jpg,fire,9c8c9a413b8e7e1825d7b0d98575a55734ad1c8fc1526ba8dbb8df94b609756c,b9eedf3e7d52e45a1f0fb88ec839ddbbb36099bbd7c99febc42cee44185feb8a
images/fire/train_000244_box3_0.jpg,fire,963dccd034c280f584c5e5124ba863835f925372c5f3aeb681cd45c090a56225,da9f823527affa3fff8bf67b45b59760e74b2e725d747510090bd3d29e5dcae4
images/fire/train_000245_box0_0.jpg,fire,cd5e601d76b716ddd3509f1c7ba38e1714e70f104641c329f7a6bd8c0e4bc7c9,1fe61b277117407903b5c3f74455c639a21e42b5a5b289594dc908066a08641a
images/fire/train_000246_box0_0.jpg,fire,e67d12ce25397aafc8f7e87e7430ac1c38ac64d3ce84e712bf6b1243e97ef36d,11b30f3cc75cd5e1209b18c537d3a78c7e259cf5453fe2c5af445dc51a591884
images/fire/train_000246_box1_0.jpg,fire,1b1e26e4aef55c5df7fe514debd54e6deb4d0e1542dbb3604ea666397c912174,32cb9e3080d3f4ff51cfdfe1ff00a48566d7bf273787933189c1b5c89a7e9029
images/fire/train_000246_box2_0.jpg,fire,05a0acc9717c3ca1daf0494b8222d90a13d9dfcaea8592ca5ae1c6be37e65891,835cdd9607172b9dc0444a2319ab2329f22e5765d8d010874cb46a7ef1b28ef6
images/fire/train_000247_box0_0.jpg,fire,5597f9619cdef33856dcfca2a1ca31c24b2208c9b8555b7f015181ce83da8b28,66b3cde9a912f26a5a93455cd796d7ffd15fc8883816e199c209068c9f5d9db0
images/fire/train_000248_box0_0.jpg,fire,9fad43b5818fb136c277de3ebcb8775a6be21abad773fbd104d36955812567a3,f4d98c54a058224d34ad23283a5fb47d2f852af1d5562a6b3ea7c52dd16fdedd
images/fire/train_000249_box0_0.jpg,fire,178a10c6c3bb294a01f8519f116b7c00aa476b741810dac1d533f61694824fa4,d50aab88e8fd6a81cd24ea48daf64b54e1f9a74eabc33609d4077273a878fc05
images/fire/train_000250_box0_0.jpg,fire,8eefa702e322b9b87985f1cfd98bcecd9d3acebec04990d47db5938f2d55b8ff,48a0f0dd87e0a1bba4efa2921899a8b7855fe323320b58d677605c64e39f98db
images/fire/train_000251_box0_0.jpg,fire,d6e7f3496379486ab5573ff9272f9f204dcf9f6366b8b8333b83772c72851717,6537e6c3377133aa1620983c763b931fb7c2eed203c005e808cdf53fb53e228f
images/fire/train_000251_box1_0.jpg,fire,ca41b09b3e7b14ea4313739d1de32c93fa540c094d3c0677d1067169bf6a5d32,e91a7c91cd9ad4944ad49fefc0ac2c194784b267fb5cd5abfc2ed0afd311571e
images/fire/train_000251_box2_0.jpg,fire,4f78f09c5bd787e6597fff11705b17effaaf03a26081c6aad1aa800b8ed4d267,3b5e798e63ede2b10b700b0548c5a236731bc8c756bf8cf737fb0e1b56bfd5d8
images/fire/train_000252_box0_0.jpg,fire,4d896bc13160b50817cce3d396ec574071647f979de6e45b8f9c484d74f4d059,3e07560ad22ecfb04975afd6f36739844d0e71a33ccaa8ecb85c78e95c392e61
images/fire/train_000253_box0_0.jpg,fire,4ff265f64b70a99d9d0e3c12f28d4bf2d162dac131284c30a17437be96d7fece,661c442fe4b8397ca9e02f73ee448a4665b44a20d4a157053f9f5ab6ff75392a
images/fire/train_000255_box0_0.jpg,fire,355c9922d782f20a178a555cc0ce7ef47da9f7672f781b8f59e3753638eac133,9b876119602f4152ae8bc7bdf143f8fa656f88075fb3da35d08fe089c3c5b361
images/fire/train_000255_box1_0.jpg,fire,4f134fd155c14e1a09ab0ef6ed0debbcf9481388d1e4f69db734c3cb13e4f2a7,2503b24f76931b8dd26aaf6ef10f96e3d312d34dc6d0384444d622a5f50196bf
images/fire/train_000256_box0_0.jpg,fire,518df2ac192983f705f190dc3132c51b1b421ed283ca6a1c0b3e66fa961ca7fa,50c00e09d56537e1dfa6330c1a5d450f82bb3f96fe79c9c080a41309c47ed8d3
images/fire/train_000256_box1_0.jpg,fire,21a7d2888b9a52ca7168ac00814c7a427bd4d8f77b595ab6f207a917e3a13c1c,bdd5d76f2aa97193507466c461da0a941ec53801ec5930a59813aebe57c5e88e
images/fire/train_000257_box0_0.jpg,fire,2c8984136911af2b99c8c0acaa7875dc6fca963e45d74c96ae0cf915f0933ffc,957a0c1a45e49c382ca28a34c3d34f14d2ea2e4f792a143b894c7e263c527bfd
images/fire/train_000257_box1_0.jpg,fire,16575d1d0af9d80516fbf45118db106faa849dc0c8c1a0072df1aae5b81f0643,f411d1cc7f2ce2ec1146b15569f0d89be5367c5e198417791d7be4f33e2573fa
images/fire/train_000258_box0_0.jpg,fire,62f9cc2f634e67b260bee8bc741ee3c766e04093923263ddf339c5aa5bbcb998,8b82d275b50350d5624be2061ba194eed2b7d366b2151a5d2d955baf17662bb7
images/fire/train_000258_box1_0.jpg,fire,22fafc13d951b1b981e0175f54a79d561761d1208e19be52901bb4129600292d,2958285037f25c65251ba6f91993a9886709ec35b1bb92e2e60dc80e33678870
images/fire/train_000260_box0_0.jpg,fire,75287c84d7e69c82b5708a95136a827104f36bc2e04c6d2308a9c87849a660c0,aa581bc98fb2cc2d09a26d024e854d2ac549cfc01db723158869faed086dd580
images/fire/train_000261_box0_0.jpg,fire,55c99a16f545d09a3fcd7f4fb3ed499b9384e656371adb749868d618b452e070,dbec6c1f74a8f67da0cbdcaadf5c836ba9095b5310f632c46380f75db484d9ee
images/fire/train_000262_box0_0.jpg,fire,8ef34ed5d069a8d2368a033d7f309b188ba044e7239114265108855dc9538f3b,03281a79b845fa95b00ebd17753243e643a504fb3691227ab11ec1678a261ea3
images/fire/train_000263_box0_0.jpg,fire,fe83ddeb16a6163cd2f425f475c9bd19e7e34b13eb4911c0cfae39ba41cde884,8cf3bf4a2c7ff0c401921d016071e5f6070cf748d851ccfe4ef47505cefc5de1
images/fire/train_000265_box0_0.jpg,fire,7852641f9ae798576217319d8f6311f23f80b36180c10062e3f6107e8958974d,ba755290cb4a6301d74decf2a706d1c7dd633d01b5485184bb6fe4b234f76d47
images/fire/train_000265_box1_0.jpg,fire,cbe31306afc92eb20bb262ce2ebe848a2219cfd63c5fa21d87a66ce6b7d3a81b,3d5ee58e4b36bcb3c5548994a262edb002e21431ae7fa170cdad1875536699fd
images/fire/train_000265_box2_0.jpg,fire,d93d72d25f10758ac0c41d69eacdb3f437ccb6348033964b534505d16cc0b121,0df47df56fd084d8196010ec9e15591f5e49dd1de4eea3565ed2514114a4daab
images/fire/train_000265_box3_0.jpg,fire,573504bd0f3ee5e91c1282cf499593854a58e083aa39b54b1006d0e70141b7b8,4ad618b7f31152b268328d0ad6924ec8a0d5be3fedd5de668a11933e63054d5f
images/fire/train_000266_box0_0.jpg,fire,09396782e4237bc30b18c7c400a950f49c5071ccfd8b275097daae72ec276403,445e445e9f088169cb2fe5cb5c539747ba220f40fab16e371c03b592032d56b6
images/fire/train_000268_box0_0.jpg,fire,73ad3e5bc0a9fb82d95b63591b4faf5f327b36c13f5681354a695c48ccdec815,655661ae25d81d9baf790d1bfdbf7b2436059184579a21523a658199522380aa
images/fire/train_000268_box1_0.jpg,fire,f1f70fb518207f317a2362e500a6c2b081d966b0f292324855bbe1a893689133,a6d8eb61bfb31b7448250808fd39970daf08737eac0b71bed40a952000977b37
images/fire/train_000269_box0_0.jpg,fire,d333097d50a16e10e982b7a177cb2a1a6d1016e2984f155505c550dad8fa0b5e,f4ec9255aefae2dbab7af4091fb4f3d0d75340feb020def41167bfe10765878f
images/fire/train_000270_box0_0.jpg,fire,60d57bbb0ae4d9c29c79455de47ae1fe28005601b916e97c311c3131a0875400,5d8205cf3ba87d2ace16c23c21b5db33ec3e23a4716cb52f66c4b0b416562b3c
images/fire/train_000272_box0_0.jpg,fire,e86f8fe1c08421f702299f8a29ad01dd28181a36814913cc807287bdb544ddc9,2aa3bf2cc2f7efa921b228c636ab448056eff39a0a9f2c8dba03480d4c5482c0
images/fire/train_000274_box0_0.jpg,fire,9257d2194335a0d468415afbe5ba920748e133a6cf6c884cd2801049aaa842ef,7d2c6e8b0f48f2c66a87fa43454ba6df8acdf80c941d2b17a515e5dc2de95588
images/fire/train_000276_box0_0.jpg,fire,273951049bbdbf406b17c97d122a888b05a9239345daa348bb65ea41d4253981,6f2a0e36de5b3260ff15303f74f4df7dc78bf195d68cb49fd93a8b6cea66872e
images/fire/train_000276_box1_0.jpg,fire,0e40b0d3c08fe858c977439ba64a89a3d013ad5c1103aad658ceadab35fb1c60,8fe3adfdc858f9c355dca3d0ea47546d56b1eed8e1b2c85ae16a01844a87a5bb
images/fire/train_000278_box0_0.jpg,fire,89cc7e9e5f5fc22991c6ca160a87fae3b861fe3ee547c1d3d12902d96f0107d9,416566a062fcd93b720a990584cf4a789fe2dd0988528108764cf67b67b8d62f
images/fire/train_000279_box0_0.jpg,fire,d450984b19f0a7bba68f20b8eabcf2a4b421b59602b1509fee8b98c9d4028f12,b7c0502ad365c492f4468f8130c030afc07afb30bc11857b017155c90ace8f13
images/fire/train_000279_box1_0.jpg,fire,eaa736d6d8ee8a9ed2c8cb4617776ba9b1215d39355549033e22ea9eace14121,34be06d837bb01e4cf138e67d4f0a933ac06eaba15cc81dbd973640f91a38ad5
images/fire/train_000279_box2_0.jpg,fire,60afdfeaeecaadfe6268ff177873027e7f5a73040e3cf8528068ac91be8691b5,ff5c9db0825a750e645864b279819afb6cc397482b3645064eae333d86ebaeed
images/fire/train_000279_box3_0.jpg,fire,99c8a3e1551bbfcda21d4321b272e1a4f6ca4bfc089b032fb38655e76342b74c,37830b4a5142b2a7f4998110c546f011f781f1894e67e7050df1092f2967e370
images/fire/train_000280_box0_0.jpg,fire,e829b843cd63843c5e7ab0aa370e9b6676dae9c3a7a149dd6456f5163b299455,ab6bbc86c4c629037d6ae32b8d2694ac92ff0a3aadbc3725729b995d1e67830f
images/fire/train_000281_box0_0.jpg,fire,c59b8cb6beb6413a188e1319de5b346e521e6e52d06b7bd0064232c1d887bbb9,22d735fd09cbfed6d3efd194d26d20f592c001d000e3fc6a2da935e1818104bf
images/fire/train_000281_box1_0.jpg,fire,825c62201e3bb41e611a56419e0edf1d44aa9aacac7be9df43c27dba45625ae8,ac229385b9e96cb120888039c98dd803b28489b3d98dc7071a68857ce2e7348d
images/fire/train_000281_box2_0.jpg,fire,cd1a6579a25b6c57a34c7674ceac873671b4cb29d76f8eddd4cdfaec26e1514a,f6490f0691cbaa6a465944cd6dfbc670862ac5ba347fd55a0d1419d456dff179
images/fire/train_000281_box3_0.jpg,fire,b16a1062691bf16c9c851e33f55704e4e968431df775547d0128cd2326f651f2,2b581c02afe32ffde627cd0a4910077dded2536be0fe7eacd4dbfd1ce6e9dd97
images/fire/train_000282_box0_0.jpg,fire,dbf9490c7e2950a0c32246728bfd494950133f3ec65b357a3f2057ce5855e9d2,8590904292341e285d3a8a5ddff7e57f6bab46ce48e3ffea24706e4536beab30
images/fire/train_000283_box0_0.jpg,fire,59896ed17bd026ce3e642f3ae9d8f819657c7843c04b40126392a2ed3ef63733,03e8f83f4b470f45984b3cbe23d02516859372f0ac982b49c05640345a71ddb2
images/fire/train_000285_box0_0.jpg,fire,83c8e54bdca3458607f07a0db159f496e40363d962e23ec626920dc053193790,b6365f1a832f3b410ec75a56c27f04d777b3c870ede123d09bca3d66061e7c4c
images/fire/train_000286_box0_0.jpg,fire,1a7f015b7253686c589055129e70481ca5baef89d72ecc18d9f4539ffee15218,4c3afc543807343e82c58e320bc0e422d0e3bcc1021e5f74d9eea92bb574f917
images/fire/train_000287_box0_0.jpg,fire,0fa85c282282c58c18ab065364a71c4f73fcd098235cc8c17d15f84fa05851a5,480436775e6c141d6a50ac04697223be015177af4e05c872023d6796e246825d
images/fire/train_000288_box0_0.jpg,fire,b26431c59ff4454e4e3b9aa263eb7a0e542b826f86809fbffede118b4505a84a,7f9cf53ef4aeb8a4f1ee637eaab309849118b9170dd494db0c03036d760f4950
images/fire/train_000289_box0_0.jpg,fire,a4d88073844239f48eeaacd4cb20b60178ca06fc84a1c694e648a3e1b603f2b2,d3d447e4e8d22fc250dec7651183111569706e2bfebf504e4d7f1e6f4524f245
images/fire/train_000290_box0_0.jpg,fire,fc060521cd94177af83d5ba55b51d0b26a2cf5ca0480ebc4e0e1e8532bf456e8,d43cb16d99c274cd4049151316ba7719c59964404f6a5da89c7419f21c86af24
images/fire/train_000290_box1_0.jpg,fire,0f743979478fc17c799cb2ecc17a3267125b7c5ded3bd0054c8ea534dd07d26c,ad6ff19f4e3307a0e81dc31fffe1e93ec0ddb583ee8860f5db1383838b273184
images/fire/train_000290_box2_0.jpg,fire,cb2a9c5112e2e23d41d6d2a6e26d4ba27b91dbda428f579b6bdc21025da5539d,e6286787bd3e5bad3cadca179ae2e8960df09c2ca99ec580b4625dde04f55020
images/fire/train_000291_box0_0.jpg,fire,93f6bb1429420aa1c6590e1ff1fc3d137f8991213b3c1b1f25823ab18b0cc1a7,79dd9e0bc84cf9b414c995fbaaf3e48c8219b8abf6b59da3b219f8e2d29aae52
images/fire/train_000292_box0_0.jpg,fire,622910cc92001ba68164fb652a4ed369499971b870e902ff5ec1945971e97b5a,906df9029e154a86f808d4c23e594f5ea05bc41317e46d85ba5c408cf4d3744e
images/fire/train_000293_box0_0.jpg,fire,73e28c162b8debe189390315abaaff2acd6c5608ac985477baae9fa7659d15e5,d322ed876cd4adbcef6f827a130d741af026015fd0233dace4a247b7b9d3fe45
images/fire/train_000294_box0_0.jpg,fire,6982b9f19aea619698292965d3ec9c299c0ecdf64ce2d0b689e2d670061111ec,e5330d1b1696c052823f29c2e6d1feb1dd92820f1e08ec5ea04d87b04fa31658
images/fire/train_000295_box0_0.jpg,fire,654406fd42070a4fd97a9106c22d4255e3567fbc5d60e32623375251ba331df7,8e138e46e38c443f2a08ec0a1a6d4b516f6a3290f589cfd6c6664d41b56dd2a5
images/fire/train_000298_box0_0.jpg,fire,0908e5f3f94a0dd50892f81678f4ddfce8c379fa6d5ec5e1b0d3519e93603892,e967e4f9215c19b2a25f8ff19dc7cb77c6f6aa4784624d75ad44e4f5dbf5423e
images/fire/train_000299_box0_0.jpg,fire,f8aa121483c587d9246686b330c41944fd7c064bfefa1accf4931a44eef6e9d5,4e5de4a2b02d998d9faa5c2cb81aa4c83fc578aefe728f0760bf87c7fc07d754
images/fire/train_000299_box1_0.jpg,fire,7ed7eee6439eabf07ac2a09c1cb8e4eedc3bcb9e61502425de5d1712426abee0,5786b51fbbab0a45adb7519681d0d9e357d9f31f7693391e1141c9173d1e42e6
images/fire/train_000299_box2_0.jpg,fire,6a60361e0cdeccebef59ac75b3d94ab660f1ffab322d69427ad2da5cd278d109,251c80eccf0b911da9bb4903fc559042564ada2db2cd0ea3290247cbe94d90b1
images/fire/train_000300_box0_0.jpg,fire,e2a405102da8884220a497a10e8d9d142a16dd31279554fb4158f845d6587ca9,be1ecaffde0cfbe3e79d251ec0ec4c5a73b380225a841b49edd3685392818734
images/fire/train_000300_box1_0.jpg,fire,7774cf26e6dfeb63f37843d48e5658c547bf6f56788c5de4ec3a8f1bbcfa3821,f791d066043277d44f32a86aff13a3be419ec2f012b1e92163a1dac5f285261c
images/fire/train_000300_box2_0.jpg,fire,8f6db91bc403cb5e74bf363fd30f7b7c6848848c8f5f2977b65d496580d3aea6,65619caa823f92ff24358be71893bf2f4dbc1227c793ae3ecb94f40eb818ef54
images/fire/train_000300_box3_0.jpg,fire,9018d309b674936d5ff8cf447232e4a4cf62a0e79047115fe7d5fdeae9b3cfa9,a27f31be0c708f35b7d789138ae3112b74ee901767fdc272882d0c4b7c6696a0
images/fire/train_000301_box0_0.jpg,fire,9da4516fd3c94c3c59fac008a24ecde0b8769aacbb40253995da5e627ed444d5,727083e120661fb1173469c211760b62c489ac5dceb4404edc90fce9513229df
images/fire/train_000301_box1_0.jpg,fire,aa72681e4a9045b02b8a715a8702f859b8d1f96c59e8279afcbba3b5c0c8fa59,b8353c7a77c32a5cd4ad188322bf6d7d7ddd4d6f9dc3c8a90f44e346715502ca
images/fire/train_000301_box2_0.jpg,fire,500bd8fc4d8a78493750f396a73610a9355477083afeb85b8580a5e455d3f695,f7d309bcc780185a31d7da44948b7f627a59e28632d06dd178411c6b0d8f1514
images/fire/train_000301_box3_0.jpg,fire,b66fc3ce6681772c72e6cd5e486334ae98fd4ab6fd1bac3e12e87b41981826d9,abc7517d4f1b7a7be2d37b27ae505b736f69d4036f9dbdbd3ba57002fb1d63f0
images/fire/train_000302_box0_0.jpg,fire,b26976af996a08758845503b0384bee8330a34abc1baff8a968f0197e704b744,49bcebc4c4b6b3676c5c55f038abef6b1cb5332d22552e195af4b82fb2b6c1b9
images/fire/train_000303_box0_0.jpg,fire,02f699e8c3e83618f393b9f2a0440fc446140d34ec9c213de9a0c9971b983872,9ec2e15d19f856ecdc2b510992e3e27ce24251531c968d401aa2efff4078e20d
images/fire/train_000304_box0_0.jpg,fire,724fae2196b5b016cdae0e8634d51071c2ed26f3756c65bb08128a9fa3c8beef,1584e604b73499996d9bc5af25582d51d0e52326e260539b9a702903646c3970
images/fire/train_000304_box1_0.jpg,fire,9b19fb58ff750cfd0bc57b18faab75a70a61b4cdde1bbd968b0d0d3725cab7d5,b2de20c862d911e4931090820f4de7db138b8db603455c8001bcd2264eaf486b
images/fire/train_000304_box2_0.jpg,fire,0f39a3ef6faec285c390b53fe7352061c15e6056f3e749ea5c514502fc2920f7,85dc8c188b4818240f8da7247c4942560466f2a4cb13e07777bdf98bc78b14ed
images/fire/train_000304_box3_0.jpg,fire,62e2abb20eb38b47bb10cbf946a7d09187d76357228095330593c13797468b9e,88c09fbf2564031b09369115051c07ac39f18bc4fa168589e8a374681316091e
images/fire/train_000304_box4_0.jpg,fire,d74e8aebff79951492e2386996c6bea5cbb1869f534a402e9f5fc3099a6fbac2,df22361a1df18aa7924e0879c4bdf3c4a20c72e9eaa1c52b0c82b4fbb4fcb49c
images/fire/train_000304_box5_0.jpg,fire,b89cfa4945f4f905661cdcc066467ca78f3b53574aa95d024fbda5b7035abc5a,2f643c5ecdb8844e7c25ce67d58146f10460b4d1bce04a0620fd1e711f378e36
images/fire/train_000305_box0_0.jpg,fire,68853894a30d981fc11988bb42bafc9e4b2d85b7702f1d1fa93de2f113cd4035,7339d826467b91e35716a2f2f569f5fd969bd57a71a1296d5ffc5ddf06a3d397
images/fire/train_000307_box0_0.jpg,fire,7f024a13a4c95af1fc1f285d6eec32eca5079c9ae5519a611dbb18d29af8851c,493fbc2702f9171567ca35c50ae457b8e2ec6c0628e0c6fe8424aef8c283cd2b
images/fire/train_000309_box0_0.jpg,fire,65f856d104d3df107826529fd3c933ab0cc0f09a31d07a8a213a73effe2b952c,0dec6590544d01032efee2c930f3b482428c105e0211bd557205422d33402390
images/fire/train_000309_box1_0.jpg,fire,15fd7c8162d274908fe293a95ad647f39d0729fb97282f4c68f05cf6527925c9,91c2c44a6faddb091cc74d26ad144cc0f17594124aa0ce2322ec6ff484db651c
images/fire/train_000309_box2_0.jpg,fire,a8f286e7fdab737bfdeb89aaaf5d8b2b1ac62e4256f567505bedc75e251f85b3,0ae8ca1b56e8a7c819f634e847d9c7301aca80fb31b3fea7a89a9fad955fd422
images/fire/train_000309_box3_0.jpg,fire,9052358f237c0c65f65b7ec664666397143c66c43a90a37760f6b1844fbbab05,5ad3ed08361b167e7e3139e02d6b2b209d914b5ba9d86937317f98d296735c3d
images/fire/train_000310_box0_0.jpg,fire,d38f55d7a9e88939b806428189252491eadff1ce8513783836a419840125e6c2,60759d75671e95b619785683380779f32eb68b21df9c142ab56be0cd4d1cdde3
images/fire/train_000310_box1_0.jpg,fire,880f6db5d3824610deff8c4cec5f38f57c6752950144f9e39127bd1602b39611,9bfc71a9d73e0d333cfdfffe009c6b1ffb18ae33e4d347673e94d18743a7e24d
images/fire/train_000311_box0_0.jpg,fire,a3f3195c824597b6fdce2b363ddf301a3c820a03f41fef1109487d06597269e1,0c1aabe42406d7af0b29e821e9f6ab690af77c6a5a318653120628c452db1603
images/fire/train_000312_box0_0.jpg,fire,d7f31f98745a0e2f029d5ad5cfa1e1a139e78bc1c242d4b355cb9ddd1fc9b479,1d884375bfe09015974a84135090a7a8c994578723a3b7dc847344ff0b4ff724
images/fire/train_000313_box0_0.jpg,fire,e90e768da79c73555013c48022f29f30ad7b31790458b266cced7dde8f61f6b0,114a36ede0a22c31e6fc93af316b32aaf9bbc0eab8c4dfc7f4c2f3dffd776417
images/fire/train_000314_box0_0.jpg,fire,544dce142e18e36eae94323d0caebe680d6791d409a5b9b73a404c921d17dc10,4a4d544171b5cc5ab6fb6cd7296e6932b37a8baf6517e6289c42a0e1a6553a8d
images/fire/train_000315_box0_0.jpg,fire,2f030cad9db109b083d08e3946f8a27826196f84acac0e151579890f5b53bae9,e97983acb5f9964b352a95bfd56fee347587d29bb94143837f00f5a837aa8e61
images/fire/train_000316_box0_0.jpg,fire,a38d61cab64f27be22cf2843d9d57fee3019b35bb8dee8c96c22a0aa862bfc12,4130a873c9966c55669f2178f88a4857dffe42aaffa52560573cfbcc02f656f7
images/fire/train_000316_box1_0.jpg,fire,2a73f7df9b6470349def4e9015bb1a33e88c4846387e0b4e1572f743922f54a9,8f3c33212c5f4d4de3cfd014aaabea08ce8fe1fbccf57fefc68fe13eb86c20d9
images/fire/train_000316_box2_0.jpg,fire,5d2714050c962211ccf3100b66cc8c07fd8468575281b43c6a5dc8e3e9e24f7e,a553d40583fc8b9941fdd047a126e8b067c5f162f08e3d014b45282d8eab330d
images/fire/train_000316_box3_0.jpg,fire,003b92bd4d3b0414d0ef6499e5d1c92bde10037045859fb026906e2a2268593a,4f061e6375e6288a2c81ef44df7bb7cf049079eb21c68c6ab25163e8854de709
images/fire/train_000316_box4_0.jpg,fire,c6372d71f9fc088be9e426eb9dd166ac5c1d64de390119ed5541b5186b442097,f6eb0f65f7f8231a62da3798ff0046c4b7d9b9c924b728537eb2b8541a343bde
images/fire/train_000318_box0_0.jpg,fire,4f7dfd67ff55047805227e4921ad6559a98783e904ae5c4b83cf73b94ff0c926,e2c16eecb0a9d983583ce60bfa68eec94b45cddcd3580dfee966c8c6ceb7754a
images/fire/train_000318_box1_0.jpg,fire,bd9b418ac1a6b3675cb50f8fe8810f7964832bc8ff740da193223421e5b6a104,cdd558f23ee0d0619096fa829283bf0c2bebe9421afda77cd39ab74d147f726e
images/fire/train_000318_box2_0.jpg,fire,1febfac8445f8489551cc5841ba2b820529502cf31fb7244b8a20571534319dd,b4b8faa9ce4e7a314aa52586a17fe97a8b09c7b078f771f731e5d8f1872a3a8f
images/fire/train_000318_box3_0.jpg,fire,4220607218691032d90c00885399144d95c8d8d8209644c095a7e16366e6d678,d35136a85bcc38a9fe7a55d17ab398e6f740c2afbb9006107e12f5eb6e85e00b
images/fire/train_000319_box0_0.jpg,fire,3dcb6f8c6c38ed06c63210155ff356f863162a03df938c8c34432139fc242371,06e08110b722fef102d917fae14108df5b9e274de5f8faefa27d59e7c6404d8a
images/fire/train_000321_box0_0.jpg,fire,f78b867aff18d432d70aa3ea819556b78809a0ae8506dc1ac99ca8bb5de48ebe,f729ee8ec52928f3aec78523bc905e0e6dfebad3004926dc1b514db98bc1944d
images/fire/train_000324_box0_0.jpg,fire,9485f3737bfa798a8a26b4d54a202f724644992e2468d664723871c1844a224f,5ee94aef93571410ec167153299b91fd72955a9f3e689795e4c3b99442b4b68a
images/fire/train_000324_box1_0.jpg,fire,bbc7df9ce86e8a0f6bb666dbf52b2a71576b4452c98001d4fcb94a0817e30527,54a3ce9a852b205f0c554db79fac38047a92963e91a86e4e725667cf09ec5ae8
images/fire/train_000324_box2_0.jpg,fire,ad18a76965228ffde2b5619efb0d5a6670671bdd73881b361eca870004e58161,271df7a77cd76f865ae81c53bf29e02f36db80b5ed2eab0d51b94f6defbbc5c1
images/fire/train_000324_box3_0.jpg,fire,37da16af5d30b3057ea536f6256f7e3f02b674fbd7d96675aeaf03bb7b8163d7,7646fb140c7b05c2d0edaae0f2fe1b045a8c883e912607840186be2e1c4f7c96
images/fire/train_000325_box0_0.jpg,fire,ada345eec65c7d77ed2e7c405850762cc9e3eb0d07debb2ddaa8d9413bd146c7,d1a3aeb63eb833341580797d2540b446412c76f3d9dcc9f45ea5f4a136ebbe66
images/fire/train_000326_box0_0.jpg,fire,a1a2a02dd14a4c5c2e128bcb61736a7b15558e7f258cd08675bb92b010994415,6845306b245932755568cd831e238aca44e8d6111658e8d963a520abd13d1cde
images/fire/train_000326_box1_0.jpg,fire,745424b5f258ba207580cb5014af8490f42d73865eb014e87d49d03e748619b5,6a92d15b366cc6f175985b9479fa41185f3fe622384f632042baf60af26d9850
images/fire/train_000327_box0_0.jpg,fire,a0c271b9653f3b71629128b78b8ef36af318abcac80a4af35200ab8ce34d5957,cad082f4cbba8405d3850c093959e5ffff7bb708eb10e5d1a330e16fe0fe93b8
images/fire/train_000328_box0_0.jpg,fire,fe7a3f4cdfcd72098c514b1eefaa5b8502ec0f377e150a4629877307964a5c77,82e9f15147cedcfc0a9ec0dc9b7ceae456613d479fb196588b64d9d8d43fca1c
images/fire/train_000329_box0_0.jpg,fire,b4c62cbf672bfe149d66914a7e17af222afdcf5e123112161e8caadddfa6a083,bc9b88e96c024ff7bab544e6520fcacef2cb1c9b757a33140f20266229ef7ab8
images/fire/train_000330_box0_0.jpg,fire,3432e65ef910d443a1fd27e798c060cf5a3bec3aefd76882cb1e4861080cb455,060e4674c0b8683c147e6b3148385a095eb6a0728c41e4d7dfa5ea92ea0a1195
images/fire/train_000331_box0_0.jpg,fire,4503e1406036ecfb326816170503a93b11544d4ccddbb58eda0e35a8263174c4,7289492ad4b808b3b834cc9315503f4ec15579c0941dba3df5d9b8a946727df0
images/fire/train_000331_box1_0.jpg,fire,b08f237f6f42ee356364bedfb9f445b10ef84dada862235c68bd585509c7d771,3d0900661745be21cd38e460e2daf4081b512b2c69e9d41820035581731a7903
images/fire/train_000331_box2_0.jpg,fire,6565660799a3ceb513c49b2ecc79f5b1ffe1775dc667600d43ad69ea98316be3,9a4f772aa686519977e34dff940be05fb0eddded86f90c2725445c5e79d5a0df
images/fire/train_000331_box3_0.jpg,fire,e4b066e4c4c5d4563d96e95da0b4653cca8e9c6784a3c4099a1529dbcda3d5ba,0ff231715b744a5672b09daaf759e865a027da639b7406ba59adb6c5c7a5a235
images/fire/train_000331_box4_0.jpg,fire,e0ed7f82e2af49407883ab0c66b4c79b448bca644de68c5a03f65900cc2461b6,bd4894fcae09620719939fdd752314503d9213700187ed83c4a75279d9366b87
images/fire/train_000333_box0_0.jpg,fire,2328c852d2bb70232cd72e869d1f07eb01d0615010b226118fc6337d085fedd8,4cc5a265d9a21e7b2384937f1738de0cf9a0eb4a3c48caddbd19bd8ed73a90fe
images/fire/train_000333_box1_0.jpg,fire,0f9820727bdbe57136d2a6cda18d546acec71a1043d6950cf9877b9de956c300,3f7af72b1c569cd644a8dcf5e8a6326dceae83b420764ad227c63bcf676df221
images/fire/train_000333_box3_0.jpg,fire,8cb19a38f18dc592b5a6eca860e4aa52c49697a18f3c4fe85e2ae3bd10db7231,9d0fe588b0508b304b9a20b884b8f87469d80d8b2e9bae7d2182bf29e38e4577
images/fire/train_000334_box0_0.jpg,fire,c1b299f01a43e5c549edabec83742360f694fde5fca72c641e0e7ee599796a85,f982ab635f4f597b6a7265ce41c8bd14a564be7b41611a7f36a1862e6df4a3d1
images/fire/train_000335_box0_0.jpg,fire,00f118ff9b7021cf8f2475f1af1f941cbb8c2199439fe65627a954d87ffa671a,672b41e73e29a139261ce9e3a313997b6e277b5673b5d29ec122c950417bd81b
images/fire/train_000335_box1_0.jpg,fire,84bb6596e0e280f73c0f14f69d0dd1c798be6434d3ce0d36ecec1a772e6bac17,cb2dbd9d9bb5b6fbbf752d896d1217a90e7bdbd5b765187a0fc2ce0dba6db756
images/fire/train_000337_box0_0.jpg,fire,cf496140b25f392297754e668ea12685edf7c2b7435b6b9ec94bc59480d1c573,492d90ad8891b0c1f673a2bb5c051930fbb58bed86f29c93e58dbca33a4b819c
images/fire/train_000338_box0_0.jpg,fire,97d026d3b988f59335b994bff3270a8f06e5146196da4daf36bbb8b4f07e5035,7543d80c90d81d0d47174f0759c1eb6b5a430d8a4cb2177fdb7197bff4956b93
images/fire/train_000340_box0_0.jpg,fire,40154f9eadfd2054c798b7562982a0d5c08447bf17f838d06fb063b97ba5dea3,2ceeb618cd56d198111645095cb2560593917cdbac3071793d43174fb98d7873
images/fire/train_000342_box0_0.jpg,fire,235083d032b8b48175e4cd4c93bd0f41be3386d67510f8a5cbea2f1d355b80cc,08f7d96875d45dfcf2ff85534c000f53f844322e930c1cb3f855db9a3583f8b4
images/fire/train_000343_box0_0.jpg,fire,d34f02e80e15a6ddcd2620dfd0bc75b573785f76790117ad947620d20587baa0,e8b277bf80af7197b872b5e27f62a4a44475e7b4692cb28b8e96e20f83350ec8
images/fire/train_000344_box0_0.jpg,fire,17887b5dcfd9a43a3aeb1c443814afba438d59111085b7a6f1bed0226353153e,d5c5018aeb5a487f296cf08eb143a490d0f9120b72e300002d057be6ddfb962c
images/fire/train_000345_box0_0.jpg,fire,389c5de0601f7baf408efa744fa5e4f50142dc066f0c63148b3bca61f37be9b2,2e38a0961aabb1a03ea1c88b0c032dbec6603e92cad4ef47302126a43a463ab9
images/fire/train_000345_box1_0.jpg,fire,9f830cbc1a374ee2199454d231f97fd7f26c06b35ff5485d3b0b5973226196e2,0ce8bcf360b2aebc21a5f5bea77e3c1ffbe58cc435ab7edf3d48e8fa9f5f62e8
images/fire/train_000346_box0_0.jpg,fire,0a9f4a7f7c4931bf5a1a161918c76aef4f5abb7209623680fb15534c05099352,02f29169e0784e763e33861b26377b0b0e0efe58a58e4afe4b82e24570f6e47c
images/fire/train_000347_box0_0.jpg,fire,8f4b615cdb31d7d63d64676d6cea0d1288e80d63f8bfacf93916efc7c4394b6c,9e30757f744a2ef3866e84aed9334d1dba6e9f87a2a550fdaedad9c9cdf7c2dd
images/fire/train_000349_box0_0.jpg,fire,1ef0ac4d19ac1fcf8700a8f8702909e6fb4e51394ee33145753dccb782dd8779,51503a3be073f3eaa6e1e54153fb89f8cfded082eac400449c070d2b33aa2ff2
images/fire/train_000350_box0_0.jpg,fire,bd9457fc040333dd4d39c26b1864441f13dc03c78b13cc7ed3054d8dbccc1eaa,52f22ed51962cdd43ad0e5c1f36b34336e93f104e10d432a915109d061294757
images/fire/train_000351_box0_0.jpg,fire,32a3da50940157b52d8cfec779abf613a501ebb5b5beb54dd1defc608934c460,aa6151f9108d6b7461adbb6de5733cae9c926e9c58f62ee1c113c5a6463be4eb
images/fire/train_000351_box1_0.jpg,fire,f6040206b2859c10b95587708e641e068dba8e24a408fd07ab8195442a59bb10,1391f8e388d6e897d86324bf92aff479865214e9f06d6eb2fc65c47d408f7868
images/fire/train_000352_box0_0.jpg,fire,9bdf3b13ebecfa559e1cd75557ea42346cda35e3711a8d866a945a250dbec37e,f163f7111231d61eba74a541c3c644a73e7568296fbe32323685328155db42fd
images/fire/train_000354_box0_0.jpg,fire,70edd4017a45aa458f292fd5f2e4b639a7cc8bd89f81c5e3e04d5b473ebb06a9,e1e1f9bec75b37376fd7ecefb6ab371b7d6d01e642e3fe4d9f4db2cac91ffd99
images/fire/train_000354_box1_0.jpg,fire,3531bceb2accf7bb0cd6b3a64782f32e1478eb2dd55b17223983f76bdcf9cb4b,1e369a2ea9a898b52b7e05d14e87084106c1ca71843f7fe27474d0b57fb659a4
images/fire/train_000354_box2_0.jpg,fire,397b970f09ffb97347df161add8b2b9a50f30709803049c3448348c205ae3328,27a802f6ef5c3ac6320548ff8186b196f34db57947b9551e735083c95f05ca74
images/fire/train_000355_box1_0.jpg,fire,da2f5afc7e6ec2a1b4ad1f4303b2ca16efa17a1ba9644bbca31927b702a17bda,7c64c707b758f19a3446804d0be3ef2daa9b91e47e5d9d12937506dc30c3531d
images/fire/train_000357_box0_0.jpg,fire,1cf664150b539c38594579496f365006131f29d0ab80cc92407bed70aa7fb1f0,6e31bb328039a7da0c6eb3baec401437c734f7fe2ef7f44afa75348cf9a52afb
images/fire/train_000359_box0_0.jpg,fire,69d3be8c250fb90c2bdfa8c6be248a732902e4835052dd80bccc9cea41f203f7,17c7c69da3368a4fcf68223bb3cceb9852c311a0224e301b8cb34eac8156f61f
images/fire/train_000359_box1_0.jpg,fire,f7239a6361fb7b0b2ad396f0e26a55ec1b8ba966defbc8cd29eacaa27080ef87,8e12665394bc02355a204d8609afa7c8f42d412f0083f681dcbd6555266085e9
images/fire/train_000360_box0_0.jpg,fire,04eda2c33098217d94c785032599e08304131a22292cbcf47fe35bf5ac403b35,5d6c7b217973f98e32e5aa720a7414f9f4f588fcc78dc53ac3c33fae69ffab0b
images/fire/train_000361_box0_0.jpg,fire,1e51c48676aad6960ac4869cc5cfe4d4efca22429e9b2a0e1549d5f493f698bc,db10e4d431a275d658edc2b7d5a7aacda473a8fd56e98c98b1ee6a261b5cf7e6
images/fire/train_000362_box0_0.jpg,fire,be7e20032318f9777d5c95bbe15013e11444bad419100ab89432d6ca6da92305,a8fade887be05a921a991081fa2a51a1fb8b323db211897cdf0ebdbc7a77645c
images/fire/train_000362_box1_0.jpg,fire,982cc1ac01d8723d12292bad132bc2efea764e054f56fca5f8d47b2250596887,807f6b378dfe95f0873825b339a7aa40828296344b00fd2a52c1b6a0a5de5708
images/fire/train_000362_box2_0.jpg,fire,cd386a6e01558f43f39696a308a4f4c04ccd89b48e90f2b801926c9a4aca3fd6,0844ef984c2c345fded9cdf39978628b1ed9a78885b3f97118e0a5f679477e9c
images/fire/train_000363_box0_0.jpg,fire,f8463bf23631b564c2b95d1cd22fa85a9225cfbcdbcc09a13a692dac135434e3,d47a9061cdf1b11422989922495b3db856a44281860330707688003cb1af3ae3
images/fire/train_000364_box0_0.jpg,fire,dafb8ef66c60a22380a058c6d8751a718ce78152ad28789977778d56aceb0871,5d8e8a978b03f539c064ca0ab78dfbc4ca24ffd8ea8ae9c1345ffddaed86103d
images/fire/train_000366_box0_0.jpg,fire,5149405756a19ce54f1593ebd87f5c4c3d1f1668a49df4a288e92f1662331396,fc55e5e1bfc1d63ca49471c0fa487b69be30f816abd3bd4e6d166595322e4937
images/fire/train_000369_box0_0.jpg,fire,ca0ba2d3e30f1af7a13dc86e94cd8850e0b77705985e974bae99501b66bc1342,0bb653f3d7879cac88cc43a8fcbd6479577da6d124f3a80bd05b5ebf70d5cffc
images/fire/train_000370_box0_0.jpg,fire,f8b37f297bb58591da18a84859d2a0923ba5219e77c6cf78ea6c4292abed3989,8be443d5a84d1a736b17d669b41e43167e93d908050f4377939527cd3fa145f9
images/fire/train_000373_box0_0.jpg,fire,97af482b370d463535a0f18c9aa00a00555ddeff937d65f71077299077ec5121,64185f69e7812eda3fe0ccd2b503f699c8bdbeac948bb952a565a886e2eca99f
images/fire/train_000373_box1_0.jpg,fire,c3a4f87a6087a424094f0ad961087d3d9b90ac9b9aec9943a2156bdbc0fdd88c,8a8056d031e86d70c4dbd4d7748a80a45f22eebd2a9b40d4ad04c19dc6524cf5
images/fire/train_000374_box1_0.jpg,fire,0b1ff13cf3c32eeefaaefa0c148ac5df1425690bcac11ad2a52505eeb65ab8ab,5d38fff57ca2751d05fd95823ab597a7f92529c0c7853b43e72bf7c496b1f494
images/fire/train_000374_box2_0.jpg,fire,36da752ba9047f796ca4ec54b2850939b5bdaf4545a9a2d64cd006f426d0222f,a5b25313a27204bba16dba8a5a4cc3ce0dc155d3f0d60c88c6c9ed0bbe442f18
images/fire/train_000375_box0_0.jpg,fire,ae003ec4452e5c1f3b66fbed5775d74d9fcc5ef2cd7a5cc2bdb22877f0aac762,7f2b1505f5ada07ecb858a2cc95ec704e61cb40181771edcf99058e972f81a18
images/fire/train_000376_box0_0.jpg,fire,b281254f0618e08bdb033d345863e2803afb8c24ea9809e716fad80446a416d1,8a55997b093bdd1dda98dc09bee22f91e8a5001ccfe902dd2dc285be88b8b00c
images/fire/train_000377_box0_0.jpg,fire,a5407239be06294f9374dea184de94f226a869468d9f099033921548f28e70f4,73b5d5a49391bd19535b4bf58d90c5031113937fe8291d9d3382bcda9192ab92
images/fire/train_000378_box0_0.jpg,fire,42a261f03b29da9aa5237a00aa1df3683096f7bc0d081c15a0a85a26dc121ae0,d6656c23160a255ff02ed7a1798d386d88eddbf21575a6a9318f585399e2dff6
images/fire/train_000379_box0_0.jpg,fire,143755c04fd9b61610a3acb599349bcc1dfcf4d411051523683c4dff2dd6fa89,6131734e2fa934e988f0a5cb1c5493d1ffd0330d5e7a30b68456cd4c1114d0ed
images/fire/train_000379_box1_0.jpg,fire,5960abf006ff7200a728617e977f3771242aa7f5a958ddad47a6973f0044af1b,b9f3fcda37f081349f76dc0fd841e13e0e890f24e3697010f059412df77d915c
images/fire/train_000381_box0_0.jpg,fire,d32ceb4caa9f05812d68afba4747e549e3f695c03cb553b683a875d1ed4a6097,57d307e896d5f8dc45ff07fa3c1114f75f4b90ff7dd6d4d6f724c9e02f739117
images/fire/train_000381_box1_0.jpg,fire,cdff031318106029cf1cb90ceac6e10561613ecfabf8b925fb62d71ef8cc69ea,c710230af3f71b4654b00fb7ed93d3f3053b51d48edf2ba3a1f3ef889eeae353
images/fire/train_000383_box0_0.jpg,fire,ebf5a0bac2bf617b2ddd128779d79f631e93699ccfd3388acb1d1a54b315f113,7395ef67039076b77844cfc4191044578860e21677ed9b409e588bd16afd0bff
images/fire/train_000385_box0_0.jpg,fire,c2c85fa796397f01cb190815d2aacce7378e67c77d1dd72c2b1562e3bb33c148,99327d814d1e561249bc4c26023e81270d591d6b2e195b01c10469c708397864
images/fire/train_000385_box1_0.jpg,fire,1e03f03f7b6944bc49ad218f2297b9a3eb9a21b4ef493855646a9ae1a7875d55,75cbab761c8835f63c23242aba69340d21139a410cdb81b59667011f97266dec
images/fire/train_000386_box0_0.jpg,fire,0700639bf42dfb2c96b922995afff8da171ebc95dcf0352af44703bca8e14135,177750e3e5fb4128576cc2dc20498628b7a0a6d40b826ed848011fb52c396ed0
images/fire/train_000386_box1_0.jpg,fire,af64f6af006b4e3ebe649ddefb77f6f5ea090c0fee773d5a6204dd8faea6dbf9,5bd64ab37cb028c04c87714b0513e275f33b247f990d9e7262f3b1a91c03c11d
images/fire/train_000387_box0_0.jpg,fire,a376493c43a40c3ef77277e3938ef3713d751c7a3b8634a06c230e7d5d917c66,9fe19bb288c9a3cad41d665034cd08688326a983ea847a6fc327ca488b5e691e
images/fire/train_000389_box0_0.jpg,fire,7680469b2b5de0739f7d7ae9ba684d15880faae1f3a599490caf360f3200466d,ba147928541833699b7dc11075fb2e8da40218759107e23a73fe765532442f92
images/fire/train_000390_box0_0.jpg,fire,57e0306a64d916b9c4f5559888d6cbaa15d1d8532ac843b470edaac0e5ba648a,9c4686e9f20af0a40a64f15fd1aaba2ee2d66f586e79e923935d6f6527317857
images/fire/train_000390_box1_0.jpg,fire,58c62d00b2422913c69c8c1ada1c0ea4352fb8a9a2dffc199fe6ff931ad71d73,3aab2d9be7be4e580bcfe1a8b2499032d8175303175824b17769262ebbca40d3
images/fire/train_000390_box2_0.jpg,fire,bc9b4dd9547a83339754cea73baea75ff604e01c383a1e3adf9d66196960b8ad,f4b68a4c63f7e61332a898238ed34cde1c29e3ee8d422954665abdfd5a2f3b02
images/fire/train_000392_box0_0.jpg,fire,1a5abce093cceb0271cd1fcd833d41bf5048f6bbee806f1f595d89fcc94c3874,e11e125f1f4ce536feb63d1746f9ee2aa2a13536075cc75e0b5170f6e40d15a7
images/fire/train_000393_box0_0.jpg,fire,ce8fa5d81879d1442eacdfee7a8d4b7bd59f8277e57c7887a8277b4505e099c3,243b05e66c59943dc8af07cfebd5d6fe30e90e1998b9d84c802979da3375517d
images/fire/train_000393_box1_0.jpg,fire,88d12578c5cdc7737e339cb56cfe900afd03d8827df178fcece9d455a4d675a6,9c23cd97ae24b182f0ccc8095fb298f26d327ccc3d457cbd94dec2618b16995d
images/fire/train_000394_box0_0.jpg,fire,22cc373fc8f92eee23dacd46befc28bde06fa1d7b2fb813a14a847de6d039e7f,c88cb09dceb405b5d68187444ae18a0bce3bd4a9df2c76d38e836ccd93c63df2
images/fire/train_000397_box0_0.jpg,fire,24a20201ce4e1b15ec7787e7e49b87734f5e1e8a9cd684f5bec492a239079ad2,8eb30386a63cce9aab7d22d9bd0a29b31127341e26c1f67b1048856a6be8afa5
images/fire/train_000399_box0_0.jpg,fire,6083a199868e563f5023f71aa19f322c44035a11015a018cd422e229268ea01f,d194ae98f1a9270681cff25f73cddb7ae326a9951f8387a35fc7e3736011788b
images/fire/train_000400_box0_0.jpg,fire,ecf32390f36912120475ffff5aeb0151c79bf10d20faa433d8a5604614c72be5,a3a4f241fcd28c99654d3bde60cb0613ed94494ce653d0882ebffe2e1bba5e10
images/fire/train_000401_box0_0.jpg,fire,dc88417424ca12080ec08e00d904c8f5cbacd1f096a0dc990c2d9377d44b1235,df847039fe5e06b1dd0671e7455cea3cf807dc613e2aaaf08f0c6070c76c39a7
images/fire/train_000402_box0_0.jpg,fire,462e49847475267870d1423d39a144ab447e58366689eaca272ee97498d106a7,35361b9680d6646ee8ad935f0607d1b857c4bb7c66eebc7acd90e6a9cd47b680
images/fire/train_000402_box1_0.jpg,fire,7265003867c3d9ad358e24533baf9969cb154b52176a0fc1b767baec785b9476,0030957cd89608721ccdd9c26d1ba8584b9cb17cf8c3ec6e859aa3946b35d285
images/fire/train_000403_box0_0.jpg,fire,8d332c52bd9692be904e213a527f97c0724d5de85819ee73e1992303421d1b25,278c5191d8df2d325f2fe092f585b02c691a449f9a67d8f88cdcf4680251ba69
images/fire/train_000405_box0_0.jpg,fire,c8f21b6bd405afbfd1e558cfc4eb5bc5a0bf1b56fd3b464394665117670fa9fd,c90da81624428b5c2972f122366cbf12d88f0ba7bc5bd121a41c1d744e14e13a
images/fire/train_000406_box0_0.jpg,fire,eef96b93de5ed85f4d74d242845057cc789d848bf4d3877438a0d20118cd2eee,89180bf6af9f8bd503869b6956380be151c8362c95abce39dd21450325e4a1b1
images/fire/train_000407_box0_0.jpg,fire,44a05099447cf775d5c58910ab65d2e3f949342dc8c921d265d1a740c8d5ca6a,47c1a175b44d84b3bb3b57bd51443393fd31e031523cc4cb6a65de4ea7a1a35f
images/fire/train_000408_box0_0.jpg,fire,8ad7e67fb1a31306c538204482cca021c7b0ea070ec4ccda44400febaf848663,08ad47bf65ab5306b338251cb23b3831ae183eec57e55a446014bb4f5528161e
images/fire/train_000411_box0_0.jpg,fire,e156ffea60ffbbcd5e598328375f440d068e69f6474b5d65c21e6b55f9ceaa6e,cbe845de804d4d5fc9a9d56837bff35fafa700dd043b5fcdb00cd8da5c5d1be5
images/fire/train_000412_box0_0.jpg,fire,4f614dc5b6ae30020bb88186c01830936e2f43b5020bed87206fbbd35e8fa69a,27ed93874362446f6d0f9c678c08a0fd9474c794a1c774c9f96a5ec6aa4973a7
images/fire/train_000414_box0_0.jpg,fire,b8f0d38ce7ac89bca5d4f51947fd1b2c3b741693e91a2e178de3f87207fa0a5b,609926d588ac84400d7e39084ffe2402c495c9c9d7516bc60275dd59cc3dd695
images/fire/train_000415_box0_0.jpg,fire,6e2397b740d47d99736938d863e2ae469edd4ec235f132654595b3478e30a315,c2948a3ec1bfa98cf648f1abe5c55b65d59b6a6f04f49782c3bcef7c665eb366
images/fire/train_000416_box0_0.jpg,fire,f45f9bb6029aab9fb9ef928aa76bb3a05c403c895fc3b71e217aa52d3c3dec9f,e972543d317dcf920072a70bb1ffdd359732d936b1fcf01823537e2514c35518
images/fire/train_000416_box2_0.jpg,fire,bcef4fe675d352208963acfb4b33c6a14b4c14f1a8009519986215588e69bb65,bc3583cd6ea6f3d042c8f6a16eb9135fcd0c6fd3f007fd858fca1a6390877f51
images/fire/train_000417_box0_0.jpg,fire,ba0826970c7aafa38b1800f1cba90ad91bd553b5149b6939816e887cafeaec22,ef655df7316db4a8508eb8f978f5c2d9f501a5fdcc0576c941aa29d123aa8361
images/fire/train_000419_box0_0.jpg,fire,02c1ca1a29356cb8343d0257cbb8e0a9ac2e8b7ffe9ce6a64cbd0848e710259d,7570c33ffe32578057b77cc08a5353b15306e8db246534d73e68c15282ae4635
images/fire/train_000420_box0_0.jpg,fire,16bfedd70019457453449eb6b292e55b26456b4b9b2fa869d093646c5deff159,7fec4eca24cda5b4e24e25f95e435d337b349568ac84767956f7228c33bfd6e0
images/fire/train_000420_box1_0.jpg,fire,da2d722530158459ae3d74e59bb2bc0d1663f9dd1e282eaca2846ec30531ef04,63b1caa41718a6a4ea7f75c1d11d0b7ada1e184d1e8afa61ec3cc28d7ad7e6f0
images/fire/train_000420_box2_0.jpg,fire,054bfc2c626c5c3641fa51ebf828f625e910bf7667e9fa5a2648433e9299ccc3,7d8747d253534c28496469a19ca665bd33db3ccc8a618ae75ac78cb443433c61
images/fire/train_000421_box0_0.jpg,fire,de8f1ce44d7ce675c5bc7eae3fd1315c5f80cfba518ae44b674e7d858d009584,bf99bccb5c4c16a97d9e2404e5929751532a6ac319ca860714b86c51e56daa5e
images/fire/train_000421_box1_0.jpg,fire,9828f7972f410f476e479cedea999ce4c004a9494d16e73f822cee8e65f7708f,b8644ae194ef66469f4e7126f007d99d2e90db953ca23a240c61201ff5e41ee9
images/fire/train_000421_box2_0.jpg,fire,f6c52ac2bc713429c0b9f0c3caed9c10fa8e529c6da16663086e786b742f13f8,2d842894cd2684d379d4db4b96d3d67ee0a24689546a1c24265223808a07b869
images/fire/train_000422_box0_0.jpg,fire,084cb1da6ffa127878d77603e09f43ef9e7d14c8a95173d8457c4f47343e940b,bd8f0b80bc740f4202b8856798c4ed890f51dfee1c1fee5545a009bcea66215d
images/fire/train_000422_box1_0.jpg,fire,32ccb685555992a0468a86b4de694f98ed3ce081588e9b7a8c7a5a55883185bf,86f27aaf7aed2a7b61245d14d289c071c81282d76e20109dcbb77d3fa4eb030e
images/fire/train_000422_box2_0.jpg,fire,7493972099733e695f63bbabb19db12ebf5fb1921ed88b07c10ea3fdc4fae154,8c776daf3d1c4fa4a01c29cefe77472eec273808f11cd314e942016092b6860e
images/fire/train_000424_box0_0.jpg,fire,21c73a2079bda3132006913fb5f3c3dfb563ad72d3901d5993172818f1798783,0611e5e0a7e40a5939404639205cb29fa72c8775778b5d5495d918fd84152831
images/fire/train_000427_box0_0.jpg,fire,74fe6f707936901fb1513f582b3f24ffb70bf9ae688d96ab943b1367d6d0fcfb,85e1d7cb2372ba45e771db189234c0706352d7acf7540acf218c90fd6d34c5fd
images/fire/train_000428_box0_0.jpg,fire,88c241ea39a868d1d6d1b6658f9de8c9887abe8daab8f3a49a3f7d7444aeda33,cdfe878a75a4b67d1c68089f7b1fddb26d2eefa06218029c040a8693c35aca25
images/fire/train_000430_box0_0.jpg,fire,a1bb00e7ae018573c22b4a687755e9c12f71473e41e9fe9a0cec38c076724fd3,a6f0ce4810e261c293b6b15fd4c8b8332c7bef006e310d5a3e7566fb75821356
images/fire/train_000430_box1_0.jpg,fire,23849f2e7a9e52217e8ecd1f9d874e7aafe0eb778f7455d6fa877715b47b4b47,2b446d548f0db48ab80342341bb8bdf5267be0941e251ef7e7e5704a9457ba3a
images/fire/train_000431_box0_0.jpg,fire,53bd5c202a94692652ad55f027fbfcb38b3cda689d15a6290eaf19b4b3fbcb26,b434fa572c2bb30c1571cd7dd72f85b23202e2f75bd1e147c208474bd0cf36cf
images/fire/train_000433_box0_0.jpg,fire,bac6c4f6adeabfd20fc63cf4989a44fda8854df07b435545ae97cc4362cedc1b,a0858a05af906d4c040b7be07fd4808641b09d274420c349d4220a796dbe476e
images/fire/train_000434_box0_0.jpg,fire,ca9702fd4deed69c9dc1e8cacf826e38ef7498d222c92b4a5e2444df11c2cc53,c63c21c5e083ee3d4f841ed5b9499fba0679e2a4bf1811dbeb69075f69d3914e
images/fire/train_000435_box0_0.jpg,fire,e3b2fb72d2e0df389070a967b08986f123f667635feccf5dfd051c1ff7ab0233,1db8921bdf477b188eb8fe610a2971dda0c074d7e3b3985f9f172547d6850b16
images/fire/train_000437_box0_0.jpg,fire,aebc9a6e32566a7deeeca0ca23747f732bae83b22395dd2698553b559145fc86,c7597386845d7620b4d6cb0cdcc0bcc111e5250cfd0c4a17400e583bb05eed44
images/fire/train_000437_box1_0.jpg,fire,adab68111a9ac6b09bb2c1898b9060b49447318e6953893e1c46e96f7b11818e,7423751a89028370980cbde4661582ebdf23c9f9fe6e84d2eca892237a984569
images/fire/train_000437_box2_0.jpg,fire,34a96ec168800b20910973e89b11f152e0c7f1bc414786ebeab124267ce00364,978dbaaa5f4276405dbb079ba673bbecd4ac8c5ad9b41aca144959261e42cb0e
images/fire/train_000438_box0_0.jpg,fire,af62d11d86e8c278a4c871bbe5b0585a14002866ff09aaa0bf2b2611e0a4b538,8c5a4ffb3daf8e8b83418136bacc793e17b399199221bdcd6bd9205254bbad94
images/fire/train_000439_box0_0.jpg,fire,6673597c742573f4ed4db86947b5ec985b6dde5bf74cda6f5f43c2f2ca52dba6,0e8e19fe518907c49498d47a2b39a923a0526208a56c8235605595b5483740a6
images/fire/train_000440_box0_0.jpg,fire,fd2718eb55d9cf36af8e1676572740e3159db1589ecb4b54e06b41d634ab96ca,08e60aeeed26d6075e9d7ae5a7d6268ddd768c0c2567106e79873bba81f062dd
images/fire/train_000441_box0_0.jpg,fire,bc2302d5173c2efc4a487b13307e948f2937d3630e83c3b58da4169b4f0e037c,3d57bbacd577303987fc65c22ad55c23dddb3fbced6f6b7589e1eba973e681d0
images/fire/train_000442_box0_0.jpg,fire,17aaa8bf6af7021feb79b72159a90c3be6eaac03921add643db42a594ae013c8,5545826bc20407b999f4f2a5b98267c11bd80bcef3e48b1337bad6731fc2be9d
images/fire/train_000443_box0_0.jpg,fire,f96fa1722b77d225432a40d56fb6b16fb4ba2769488a19595fa61915346f41dc,2870d239b60604a417312800d3a1612d2d4a43f55aaa639fdb238f77b7da13db
images/fire/train_000446_box0_0.jpg,fire,8e7e7fd8a497a2eed658235694a48490f5fe7a1980b893529e92f7b1d52c34dd,9e3a33ea9cc8b12222c4bd85f20715d23717d1711299f11f4723e8b9dbf119a4
images/fire/train_000447_box0_0.jpg,fire,6bf3cd9e24ee11633a85743abe54aebe02e747c7a88d58f05a2ca91c5d8ee924,70ea39624282ef0dbdb625064bef10b581281ddddf4fa96a81979284af17aec7
images/fire/train_000448_box0_0.jpg,fire,6e56a60e46b7e248b8b7b74521474c044514065c75b69bd5080a861370eeac81,8e0b107a06520f755afc431fb4dd577900ff638e2dfdc82cdbfd98398cd78b05
images/fire/train_000449_box0_0.jpg,fire,571609adfba8cba5a037bdd151b281c7c06e36549118dc189d29678832e99ac6,429ab3d49ff14cbaaab5b728488e0a6808206ce69ab0a59ab8cffe3e1b4d4214
images/fire/train_000449_box1_0.jpg,fire,bc6bb4afd23f2fc9ed8d84934b7a0083d2da9ef04aec6247b390233bff56f4cc,4f39b1833dccadd324c10bbc5774c15fadc34f1e3916ec92ecf271870979e5d8
images/fire/train_000450_box0_0.jpg,fire,fe011c5eb1b701bb2c0e64a2afab0f2aab98c76994fed71d64594a72ed31e93d,b2222475d37bca32c6fa4a96fcf7367d28f1c22d9ce29b03b7cf67146400cbb8
images/fire/train_000451_box0_0.jpg,fire,cb58a930a4e0ffa1058ce2c0220b5e8b904a89fd685a1349157796ef8faba25b,ed97a0edce2e68598737785ac7d222ca2821eb3e450613fcd4fea7a1f6425aab
images/fire/train_000452_box0_0.jpg,fire,aa6f0e76d364354c080adc7362f809be2046138b6fccfb8594bad06304e643d7,b1f43f53af5db934e354c610933fd0210ac7405f6f98492c41e1b4cc326ef4f6
images/fire/train_000452_box2_0.jpg,fire,68330c7e91ae7c12ba23e4276ee9d7e86801e8e0819b6476cb98f4a25908c813,13899c8f3169a84cfd04ffc2d4c2feb72104edba8938b119aabc261347c7ef38
images/fire/train_000453_box0_0.jpg,fire,936306954e9d1ea100aa5486a8c25b706b32c26f3298ae26de2b9923db9078b0,87f246e0aa4e0b4781e97c6d31284593754938386ab43313cb72efb08723c81a
images/fire/train_000454_box0_0.jpg,fire,d75396723ac5f4a8ee28bcee6373d44b7c1e4222cde26ff1d9aeb539d3929fc0,953a9d125e9b5846f97bd226fe54423d9fcc446bcc1e08de7d8f84fd909980fe
images/fire/train_000454_box1_0.jpg,fire,2f3b14cd6642979b91c590bee431c32db45619812807b43d080a80c0021ccff5,cce4073a8083e8191203891d38b08487d857329c09b34b62adc41b867d1325bd
images/fire/train_000458_box0_0.jpg,fire,70d93c3bf17e7f3f293b0eeb6b30f73846cd372f4a392c570900b1410c51aa92,a4a4b7e69960b5601bf0bbb5e3f04213a7f8e3e4da301b72568d10ac178d94c3
images/fire/train_000459_box0_0.jpg,fire,5d2d6cc8e6d4b82c29314dddcc4d9a6e646e7840a03ed0162eebb1cfe78da785,a2fe6f53cd7180247c7dd218a2aefa74598b4a3788d63e1a89274f41d5fd3fd2
images/fire/train_000461_box0_0.jpg,fire,3172a73aa43f5583fa60476e031f3efb2900f7770b12a5358422de6ed09d9c73,9d9045f22082a9f02fd37a81a6b477c37daf234c0db2cfa9a32f1320254ed317
images/fire/train_000463_box0_0.jpg,fire,235e6d63f039b59ee12bb3a724ab1d16e2857c270d59043ffd8bf2a82cd1c27c,c76ea6530f78e1cc4a1ba0dcf7cd5d83c6ff9667d1cb5ea5361cf3d9be68f2ba
images/fire/train_000465_box0_0.jpg,fire,0fb1528c50d8385024acee2b12697a18a51c0eb39fd9ceb40dab574e40005e36,184df4bdd53954cbbac88c6e551c506be1b9566c33a2e65a80169607ae6f62bc
images/fire/train_000466_box0_0.jpg,fire,d9dbc673f95400c348ec3e643dd84eea95c5f12c7c6ccd06df893cc74c58d56b,70d486a3ac08356cefca36049c5feaa36877969e7bc414212901c3445ba2735c
images/fire/train_000468_box0_0.jpg,fire,258590549a07a301204b4236580a276343ced9fd1886e3ea95cde91ab234fb3d,8b0b78c548e48660760fb5f3a5610b16e6f0943d7a41bd801b68ef5ee3df168d
images/fire/train_000469_box0_0.jpg,fire,13acd37bfcda057c726a08043114a245883b4798eededa26813483a7046d95de,54c28a87af4ffb6463b88341fdd616d6f8fb2ea1b875bb0b3fb524ad6a9f5045
images/fire/train_000471_box0_0.jpg,fire,176d2c5469452ba8afd3a346d6da86a9130af861842409504d1b54c018108782,7f9635b1459a706d47db4156dfb3a72cf6ca50a1db57c72cf590a89b451a644e
images/fire/train_000472_box0_0.jpg,fire,ae22eaffd7bd6b8d73590b793b432e78109ff7c60fba6234f67132ef929ef64b,c8bac79afef331bff0106e0fbb56518f6dc728e85d40bc8e1161e1e7ac795e46
images/fire/train_000472_box1_0.jpg,fire,7307409d2b254f6a72de45056a0b121b955d61abf113b58aabd5235bb9d61d1f,33eef85c748d24ed0745298b5395402fbc0fb934aad4d2c6cdbcff8d27444128
images/fire/train_000472_box2_0.jpg,fire,fb91331593193a7aebc75fa866bfc1b3ba50638fb21f6c5e4bf9a2b428dd085f,d1897535fc874f344ed9692f823a5b2f039bac7eaf953cfbc487f9359b99c600
images/fire/train_000473_box0_0.jpg,fire,2ca6140b39986cea29be069f0ca56a64fffbd75cc6a2a8fe1582cb41dc9fa809,ab7677473ea6a7ff998a1e243effacf72d35b40cc467afc37dbb86e68fb68350
images/fire/train_000475_box0_0.jpg,fire,a636db200022370b105c56dd50d0b65391f422d8cc6715fd8d81620ae1056a10,c22445cba3cf8718557aea2bdb626fe0a6713340b7da38c9c6a8a9f8bc382edc
images/fire/train_000477_box0_0.jpg,fire,124cf64855d36bb0b852ce12b554558837569fc912a5583002f5789fdf76947f,2c81efadea6818b0b1da6ff358245058339f30cdb7244b9a46a1dad18d173dad
images/fire/train_000478_box0_0.jpg,fire,80022525624396574254ff5327b1d342e99dcbf637ee9844afea051bdb1e00b6,e235120ce06185e35a6d266449ef2689c47db576874592c3075c8a6be4ccfc73
images/fire/train_000479_box0_0.jpg,fire,4d10db2e16f314e754898b50f1d2f42a78793a7b26bff3f9a89c2577d1a8e411,665884cbc7f145164b93b144fc0983c45a17d164d3a9c295972b7789638747b4
images/fire/train_000480_box0_0.jpg,fire,8f0750219b1bc0caf94bc8b11eee8a8afe65952ec58ccdd6186cc0c868c200f6,b49c319e53e39d76b9d5b88199dadbae0f13826f16c7936190e5cf690479262c
images/fire/train_000481_box0_0.jpg,fire,183e3b605d59e46c3778aff2c5c0133361cb998f09de03c092bbd53784e1f20a,4054dff54f8c70b51e36381805489fd4c56302cdee9f956814dedc71bb7401ae
images/fire/train_000483_box0_0.jpg,fire,12f81e8cec1888c5ff404067af8f1ad5278c84daade90f1e1557cadb943a3b15,853f9bf4f0ecf9774132cb63ba6ab5884708d7b15dbc6036db1128a2bb8496b4
images/fire/train_000485_box0_0.jpg,fire,28a617ac3915693a80ea29bf14a853b2aa57da5369d359e0cf63ebefe85af536,d378f70ebf8de7c1babc90e5f10862e6ec7ac8a600631435438f6e0099df0f88
images/fire/train_000485_box1_0.jpg,fire,75d3b93a0384271c5eb1bb2ca3ab650e06152d1d74d1497885def6f89e7cac41,b91153c2d30bfebe3c3436f8e22a3beedf5ccf3985923a0341c62546a4759ecb
images/fire/train_000486_box0_0.jpg,fire,09cafacbceb4ff4cf11ca04e94c4ff9c9d1b0f5b27f988583a02850034d52ccc,80d265cdf2b6507b69c21dc2a1dc4c97db11f589a398476ef37d362cf68f2812
images/fire/train_000487_box0_0.jpg,fire,3c32ec4330e73dba4b3d3c7c91da93d1ecdc9f986c1a9f7f949157bc834a80d0,f1880deeeb506031a89d40b474a5056b9b1d349a2aa15ac804e9bde086fd877f
images/fire/train_000487_box1_0.jpg,fire,cbcd0996d24bb74a862ceeb2b7048ca8cf9de74c25349e23c930c2c1d3aa764b,beb147fc7eff782ef5cae9d5007c8fad2f9eb44c455010f208fe12b367d766dc
images/fire/train_000487_box2_0.jpg,fire,8328c3748b5c8942392eff6d22f2036c27ab174eb5e0d0b3b9b9b16403ad781c,8ac850a77c2e7e86553722a9ea442cba3f14186f7787b34568b337f8aabeebb0
images/fire/train_000489_box0_0.jpg,fire,717613c34e6fa0e54a416333ffd19b382e4eb92459cdd1b2c703c93c39196a2c,d0e55bdb95739bd600a9c2797307926203813e2a9f5b2bc3a84d616810d70083
images/fire/train_000492_box0_0.jpg,fire,117278c8bbb7d49fbcc6b895ceca46ea9ec2067a884dbd259947aae0fcc61b1f,5338aced946f1c9f199e255e8131b7d06cbfac13c6b69b5d50e6e811122a830d
images/fire/train_000493_box0_0.jpg,fire,88427e21f8bb05cd1e5fa6bf67ba322768af1b37be3e586d153f2819fe9657d3,2d9bb6dc8715806b72cd5ec63559f716d983da839f663a17fbdb6afeaa7c90b4
images/fire/train_000494_box0_0.jpg,fire,5554c41533c3df62bb47b0b71d191d2c02939bed7c8f77d3e13d122c8829fcc5,8dd005118583b26a39fd1f1365f7027ee2f1aad7d4d2d3a364d483a6ed9aa89d
images/fire/train_000495_box0_0.jpg,fire,cc35b9f26bca0f4d79e7ae7110cc7afd75bef92785e97f97481af4b0823558ae,96ba5d4f897380ae7dd35a2361b213b4569b817cb4c2ac16b6aaf07aab4b3fab
images/fire/train_000495_box1_0.jpg,fire,23a19da4438f45fa646c9b93982f2f4ba9ea4d837edeb14fbf253d1997a6d02a,baa50cfc823249e280d2a0689a5259971dc88436ef692d9467f858fe6bf013a6
images/fire/train_000495_box2_0.jpg,fire,57978672fe3d18c5f780c9c11476576754fc3c2518ed2672a1af2fc468dc66fa,e6e0f77b46f9fb7993f993c808bc169850c2bf527e664ccde56337775e08d402
images/fire/train_000496_box0_0.jpg,fire,990619241b955de56e901d086231547f4e6276faa2c676de32733756a57e41fc,3c9440c0f0bb62e2ade0e81d04513254227d867cbadc62d39dedb77689e7e527
images/fire/train_000496_box1_0.jpg,fire,f34765bcf24095d4e7368b4b8f0251d77c967bb33e00005c7d775b4489422c11,61ff16b7715aa0e2eab71ae616b1e7b4088dcac30ff87ac64f99500e67c08d5e
images/fire/train_000497_box0_0.jpg,fire,dbfe10e2dae7a641720884a5381ceac7815d6ad426968962682df7a6ed58b734,3a25575ab68555270ba8fa5fda1039fcc2d12e5a74e2743a05b5281370d079d7
images/fire/train_000497_box1_0.jpg,fire,e453217e964ec3eb9fb1f93167b8e5c9ab97d78a158be753e2be7e2854d5a372,4e84531c7eb4bd5096db084b65e60d8abf024c34f4f2da9bc73939b3d4bf24a1
images/fire/train_000498_box0_0.jpg,fire,29eec4fc3671d15b5de9027095c7358d7be2255d9838d6c1905bc358ea2928c8,abc35d28973a70fd033fd96c9ae859289d6383aa0c78df16f0e2842fda7b0e18
images/fire/train_000499_box0_0.jpg,fire,272c59338f679a1445245ce1db5cae52e31c0746520f1781c7e9836a128a871f,b302dec6d93152bc950acd2f7879e4812a0f8d63c3767ed5bb5b939a69034640
images/fire/train_000499_box1_0.jpg,fire,e37c5d5caca80eed8bc96b4c056364c05a0f9e9b60fc948e7e3488b4b08a3f58,c7155d44a4152be235df7ba4f4fb3dc05e6daed7089e962cd7654508b4a88047
images/fire/train_000499_box2_0.jpg,fire,82c8186666bd2ada26af71b2a0fc9e73f838269d622b9adec6692266483640ba,18118780a8e5e099b30edac02e3d028f1b24f61cc15f80979786f82680037f3d
images/fire/train_000501_box0_0.jpg,fire,dbaf3d4be99305e3a59b1bcfc068be53809d9c7d0d6cc2fd2d6d289264eeb6aa,f771948c7da9525070bd7c2c5fa792abba91b6a29c692e1913d316a01619c335
images/fire/train_000501_box1_0.jpg,fire,ba1be10c25baff4f80a18c067e5835ac87d1b4dd5b007cb4bf326b063664d31c,ec62d9ec504c5616dfe7fcfb6bdfafe2c6d334a20e51748a5ca8028349830ba3
images/fire/train_000501_box2_0.jpg,fire,336a24b7f5885deea206997e9faaa416364c3dede20b5405e075b927f5d620ca,dd7e6b3f811934734521a7eee6f24ef823cdc402c7bfbcc3cccdba71846b6d7f
images/fire/train_000501_box3_0.jpg,fire,92c616a6494a1b616945b1d5adf3a63c6b2f7f2f39c4018e618fdcbf58e287c9,b72cdff219857b6061e2a7620813b00c7a666bf3cb74a6ad0d475087f94e567c
images/fire/train_000502_box0_0.jpg,fire,b16f294155a3ded52456c81637ae41ce6680bb23427d214e72121855b5f1a169,ffd99a3d128381fa7616aa3fdb120e562828a5a7cc1fc216255264baebec55c9
images/fire/train_000503_box0_0.jpg,fire,8659a69b48bf0aacfa35488d8f484e7f9277ac046526ccef4cb0e4fd4f0a2cad,a8522ad2b5df5e71680fb22bb48eeca9aa1fb0b8013933bf2c33ace1c8a5877d
images/fire/train_000505_box0_0.jpg,fire,37630633cd43a56515ccca13f79021ae5fda0b5d1bd38d894b9da63a6eb74776,bcd4b93120067994f5fb7109fcff3eba34e5ffca293c3593e0512b512ed044f6
images/fire/train_000505_box1_0.jpg,fire,cc0034a1778852887a2835ea74e28e006770dd02bf202d2f635d7a91ae97d70b,2a99f403160baf7fd537f77308cd1c3888e11841670c1e7c4fad28b133e62fe4
images/fire/train_000505_box3_0.jpg,fire,e02eefb7884e22d9185205485c9fc4e1c0fd8a46b91c9e9657ec4a62c590fb14,e710abb698813cc2eb6f2d54a26a46b93ea92ed94ec0691146b05f82aa2c4ca0
images/fire/train_000505_box4_0.jpg,fire,7e39c218a28422c15080b978043e32f25eca63be39f769d1204bff3626ebb39e,f6b2c31f63938c55cd4ea2532c701a4dce42e8aaae52a2e2db7cc722a5f80f66
images/fire/train_000507_box0_0.jpg,fire,d9d837a89eec54e8a9611f8a241f548b61edd912ed56b092c188c53230af4ec5,41abafe495400387cae622afbefa809c2073490785102e80774454c84cf6b065
images/fire/train_000507_box1_0.jpg,fire,ba9a70934520dd031ebe3e082f330d40d3dc8c3a4e42baa83ebb445b356d59b0,ba1817caae517d0c8552ce551af434ed4a9b04883097a2f1a2cb009cf0d147ad
images/fire/train_000509_box0_0.jpg,fire,1bd84769079f2174fb11b739881773acf9a3d8ba43b16c51c3bab8ed53165071,5bf36b3e48786c986af378fe9972c4d9db2fb714e23bf537550b55c07e01c8b3
images/fire/train_000510_box0_0.jpg,fire,6ebe75abe9bd86e09659ba7867b84b72d0c2bd5591b1a6763cf58f454e49023b,b4c2310886781d6522dcc612c4e1d3c8565c93fefd48151b4c45912c005fbf9e
images/fire/train_000512_box0_0.jpg,fire,d7eaf270cddd1836a1406d6bf80d6bcae439f520cf6a280cc64d0a2ac1874ae5,403609294ccc5852732138083c8180cc8359877928d7502b35d612a558655ead
images/fire/train_000512_box1_0.jpg,fire,9bea146b48e771babc8082df96635ed5a296a2760f60f8b708c46d0ab317c5f1,16c654ee03eff8a3bfa237287479b96a406ddd09c4ef45688cf42ada4f12cacb
images/fire/train_000513_box0_0.jpg,fire,71e401fcc1beca01f23c2ee097b1d63b8909e3cdc33313bf4993160d86916cef,69482552ab6ed3231ca3b2c670d3a2f0237066f92355f9b72e6ff6aede051ba7
images/fire/train_000514_box0_0.jpg,fire,15967289371115050f1169a7108d7982995e42a17053f61e6c516e116e52bde9,5ec5999febca3489423c7ed069a41ff0aa5d8d7c7bbb78f294a1469ed362843b
images/fire/train_000515_box0_0.jpg,fire,76391ccc898444b4ca04d1aaebc1edf41e20c9a69886b3c289312add44fbaa6a,86e2cf2571bbdca2e4fa21e85b2c420915585b7b10aed77ca6ad4d8c17b4979d
images/fire/train_000517_box0_0.jpg,fire,79c488a5143317eb087c7c3c6f6baa04d1f707544ce02b7421af23e65f77ef3f,e22860c31a5522f26e0eed34884b11c7236b41f2d2252b2d63ab8099cd53551a
images/fire/train_000518_box0_0.jpg,fire,9ee056f60aca6dff7584632d9eac7aeead486afa17e2fc01768e423066dda19e,ff8650e2604a09c23e4e21e114acaa03054618dfaf7dc02123764501ae757144
images/fire/train_000519_box0_0.jpg,fire,59aefa45947d4e8dfd599ffad35c4dd64445954fe67935ff8f2cda56c4d7a7a8,f0622a3d709e2d5147cc5fc4612a076ec6fcfceb69421817919f5eb996babf9b
images/fire/train_000520_box0_0.jpg,fire,8f8e40ca49e435882fd6bd040e03464a852e368534d894ca09e9f972ef378099,424335ee704dcab84a7ee41cf2658a978523dc2e42246ab0c31c64915cea6117
images/fire/train_000522_box0_0.jpg,fire,5b4340a10d78409a73bd392a9f5e5a13d935cbbbfda372c9a9c373458aabb892,2b27d6fdf0705f40430cbb9d73441472fb6da4c3f963c9aa20431e67743ef6bc
images/fire/train_000523_box0_0.jpg,fire,792f5ac4d7d32e8e45c798947a46f6c2da8f7d7de1f7e9afbde55d543c01f771,d8ddeb5af53bae4a80b5b0382359c1dde7666279e7bb0bbe6664cbeb5c4d2acb
images/fire/train_000523_box1_0.jpg,fire,8b808cb89264c3d7483c022d325a5227cfd83ec2be34f12f71a75fc55f842466,327eeab5ec48a8c8ae7f27acddd8196805d9b223f86e791cbacf2b57706a0b8c
images/fire/train_000524_box0_0.jpg,fire,653543503ea846ce081c01d52b332751b3c61e9faef1c6cb4c14a6f848f6d073,89d80d38ab52e2bee315c54a8b9ab53d041947c46ab77ee4aeff4d2649d32302
images/fire/train_000525_box0_0.jpg,fire,800d8ab59ed7e72c205ab8a7634af773717ec6420c9b8177db640251dcfcde06,9db8ac96e09913a885c2d567aaad30661610529256deb6d44ef82512a3c24e3e
images/fire/train_000526_box0_0.jpg,fire,1c897c61fe7b7cef1b51137a45b0e34401a3c20550b93604d9124e771b832a25,9bffb0be4f7bb90a1ea72b1ab387b3416b6b655676739c91dd9b19e59b28d2e5
images/fire/train_000527_box0_0.jpg,fire,2c5d574392d093f2cd0bde9381b4fac1db51e087c91ca0dee180e80de42393c0,37adb567bc199778b98e352031b555ce1c141d56e0dcee3dd76c1a2bcb3c4cca
images/fire/train_000528_box0_0.jpg,fire,7c9fa3ed6c580f5e8e4ef51bfdfc125cc9d2c366c900199629fab4301b5a0a89,948796c387fba4b8beaf8076bbcd8d6650542d45d7e4eaf8b017fcc025dc1042
images/fire/train_000528_box1_0.jpg,fire,5d65f41d53c69f05022cd7567b1229df1d4ff78aeeab638b177c7b411907dcbe,e60f7943de0975ae38321689f9bcf2ed23ef9e5fe79a69df37c9101c764f1c70
images/fire/train_000528_box2_0.jpg,fire,76cce4514fea6acc21938020f0b82224f6cfa8afb140160cb14fff1c446a98a4,151db231d2b54da4bbb3f154ab3b0cd3bb301531445fd10296f82a3057adbf90
images/fire/train_000528_box3_0.jpg,fire,b01a4043c8507527ebcb1f808807a4135e99d5df7f501e67a4e129a12d5ff111,4e4ca7fc882c97373a12dd57ba9433abaa75e5630dc7fc24bdf189bdd116bd24
images/fire/train_000528_box4_0.jpg,fire,95ce957716a567acd7ef61c8ed45e813f263cdd8c30711135e7206ae01ec7b44,58ee8c20eda203bb25d6e8dcd68ad8665c66aa287fb29db7b63bed08bbcf0e07
images/fire/train_000529_box0_0.jpg,fire,72a2b5735f15170b273d4a2a38dfbbf189359b76e957380e48ea224a16f9848f,d97fa438132f3650c5824976be70dd370be87c9b07076f2cdac2a4a17201a110
images/fire/train_000530_box0_0.jpg,fire,c2f5ef6c1b1f2eccd6ea580f2ae483f7468e434c00805df3348bb6af7ac5f23a,00523c5831c7e7e39d54d73035650c22d4451beed427bf943e298a9044cd8b48
images/fire/train_000532_box0_0.jpg,fire,a408148896fb49fae4049d190f7e83c248db7a4ebb0fd90fced016af46d41648,81bcce8ec9796113910ffd751c0bbbd2597e9a037e452eef8175558b84dcebe3
images/fire/train_000533_box0_0.jpg,fire,177728ae6a064be48fcbdd17277230498e593b5b798c512f329cae6fcbb600ef,1954cb63c5e0830376c855246894b2b9dc38bdb69b74e6fe5b8f4cf39f57f74d
images/fire/train_000534_box0_0.jpg,fire,dcc4c72be68846278476a8c9bc604d17e8f1ff4874cb75d97d9b34aaa564b66a,dd03e4f3c9d9cf9ab564d4c7612f3de3e17958f61ca3cba8bd8574358fca9c81
images/fire/train_000535_box0_0.jpg,fire,c89e6760314de1fa721f1c9ac75e56e328dfcfd11e9694811be7f1e040586c08,71e690d9dfb742d4f4536ae0e20a1f4551f23f5a06ca9c64987f3265fb97ac71
images/fire/train_000537_box0_0.jpg,fire,d4dfb21b35356d2c2d3b6ea39e9fd9e5172bf8f7613795a5884762cfa6c29cc7,c88ea50add99e462ea2d133e978326dc501185f9c8c3649f7963d9d611a3afa8
images/fire/train_000537_box1_0.jpg,fire,f51687c1a4d78c36e5827e3d8803efc36855680066f4f5f50c6a3eac2c24d5cd,32b0fe3ca776835586dbe2b251f102898c02db5c05dbbcf68e915e681689908f
images/fire/train_000538_box0_0.jpg,fire,575c7a8aa335c2d8964cc2d719c2d7ec4a1096efc4f8e4ba7b3662bea2bdf715,1ddf5d461dbe2b24606e3f84f07e4c0d4036ac6efa5405a4106fb14b26251039
images/fire/train_000539_box0_0.jpg,fire,07b71fd098534d1541805be6221ce18ef6440971f4de91f9fdae6a2ad2fa584f,637d4223618f00e3566e31b5af2d7c94d8f9fe3e01b9dc205946a20661e5c49a
images/fire/train_000540_box0_0.jpg,fire,4b7e8b9bc618225312e80caec9b2550aed0157f6ea5b5d289fc195b6ea81f4e5,0ac1fdfcc63e733a9a458469c795a7244a4301c27cc4d22d719ca03fc757314d
images/fire/train_000541_box0_0.jpg,fire,05d3a7ef06698b3608df80752751024a1c4e4befe585cc28acb53c5da3d0d4ac,e34b970b3388978db76cf78a79e9757a1890d2d3c17da8b105d052d34f52c376
images/fire/train_000541_box1_0.jpg,fire,259b5d1cbf33d10b2892cad9df09ceb1c5c6c9781c70ffb35f6fb3b0ebd3bafd,7dc000c7a9a26c8f892f3a80e85b474175b054736ccd1447222308ed98e3117f
images/fire/train_000542_box0_0.jpg,fire,3d856e70c8422be4ee8a9da20ce433877eed39011d5f1ade490dc393fcb48c11,fd7d6a661abde99d962a851baac63a08542ee8d4b3d7b7840e69d5d7970bb0a5
images/fire/train_000543_box0_0.jpg,fire,a487b7cbc3ec8d47371e4885eef98a257bdf85b1f2681bb72f201dd465612e68,1bb0e41dc1b7b8a4a4cfa40bb08979f5063d01258c8546917ff1363a936ea777
images/fire/train_000543_box1_0.jpg,fire,9fa7871bd459582cb46ba58a5415e775bfb6fff4108f5943a8fd4adfbb1b45dc,7445e5744e90b95e14a3ca1d642155d30cfd0c49bdd8b007311e2f4f02dd5d9e
images/fire/train_000544_box0_0.jpg,fire,509dc33e1ef1a0bc95e1a880bb2bfb158160c06b8beaa6946d9a3aa1967de621,2ae4e57b80f51c0fcf6c88e30d0be460edffd20538676860aceec44a9f034355
images/fire/train_000544_box1_0.jpg,fire,fb80f25074cc13bbade84fbca01698b02414a5e39dcb578470954dbc91f27e39,801cbe6bd24643afe076033d74c734ce110378ef5069b1ca75a30fedcace3aec
images/fire/train_000544_box2_0.jpg,fire,b764a4c2baa4aba401ec95ddcdb6ebb79b658baa8b04b2aa3667881c7845d20a,ce21be26234c9b1191eb3f1f23bb7e2969f2c5083a5c8a65c02fdc7d95213c54
images/fire/train_000545_box0_0.jpg,fire,556ed0f6c0cd0f34d21c1f9de6a608bcf63126cc38b3b7931885c6c5dccf7a9d,8220235e28791c71e72eb7abf24c3d3fe72864a7957a2f6f8eb8c1c3c67986d3
images/fire/train_000546_box0_0.jpg,fire,87c74f11080c15667dcc2a39e9136c3c7d7ee9e729f30e2907439d9c91b88ae6,241ecbcc367414f635fe44762d4519f7011a8045ee94e0bca379c92fd29b1a5d
images/fire/train_000546_box1_0.jpg,fire,c8dba26616704b4e2d0d8f3253c4767a3c82223b9ca608aad67490cfc81df8dc,c61dcfb3613ff52942d5b733de05ad6689fbd0d39ff4e55f3bb0f5362c752139
images/fire/train_000547_box0_0.jpg,fire,809ca06389721042d2116e5c6422844f8fdb681e6507f782ba76b916761e39a0,579cbf0407409b4ea1261d351bcbc58dea238a2133678f1231ecab09a9e5935d
images/fire/train_000547_box1_0.jpg,fire,7e558ad49eaa1d8f8c04ac769aa47398cec4fc2867a2b4c397ed9ea083a05a30,b984643a435d4bf87f34c02e45c8edb90c20cf93b74de0e1b42dd9a48f82532b
images/fire/train_000547_box2_0.jpg,fire,813b6f34c2c73315a743af692155a7adb200646e975bca2e48ffb2412f70d927,d960e2043fe77326c1f0966b074f813b2b79271bcb173bd711b9c3baacd87e45
images/fire/train_000548_box0_0.jpg,fire,35152e35fb499209e769a1e9b6c7606ed5d404f726a885e05a49dcc0cc8a527f,e71a721cf4d2b79530629c6443135ef44ef9700ba20d8c0f9c929e6b2a0baf96
images/fire/train_000548_box1_0.jpg,fire,f9d04a854718d9607392510219094a39214a313db2562e58f031ca8bec81e6c0,f132d13b029692947e32ddacdbce27f827e238df32a80542ef2bc0802f9922b8
images/fire/train_000549_box0_0.jpg,fire,6f84849d99f04c090783ba2fdef6f255b99b18d5d31164a109b8d3de93af105b,4b307958c42c6c9a1217b4f2b69ae544748d6dce29102c3c9eb0341de8101ea2
images/fire/train_000550_box0_0.jpg,fire,a7d0b6b12411d1e38cbd1b5fbe0d1ff71c19bf141bd1fdc5dfa3f5d160f6da80,951c632bc1c0de6930dac2dde8b7bf772517117efaee2eb2c4f33d513c7ffb6c
images/fire/train_000551_box0_0.jpg,fire,e169ac435667307fb607e99a3ea43e9ff570f47ace0151ee69fc5120820f27a6,e68b789c92fccf24c6c1ff99424d25593955f5bf616f1e398b04bed4f940750b
images/fire/train_000551_box1_0.jpg,fire,2e899520252a8184aad47add3e7f064fd92e0af1aa0d462edc075ae7be7a4e33,e8bd92486519633fd1817af7069de4edbaef543a08acd784b8347bea1bd440fd
images/fire/train_000551_box2_0.jpg,fire,70a5afbb615f5b5132a6ecfddefdfcb2f88f5f451851cf2ed9107f12e35e6a12,f07d81089440b82bc15732f25656229f47b4e277fe82cf41f93838838c70fb76
images/fire/train_000551_box3_0.jpg,fire,b1de1452234d3d83e4112f1dd0ad742970ffd8135bd05bbe733b943a4f3d4cd3,e78c62072e5758171209a98bed6da214b73307cb8acdddf7a186f5f342bdcb74
images/fire/train_000551_box4_0.jpg,fire,dd2965b4685f5d866e209e741a7776544330ed49133ec3db6e4c0eed1e34d28b,eed3514461818b9fda1b655f53a4bb24678ca680b016c84dd7d2339f4c5c8173
images/fire/train_000552_box0_0.jpg,fire,dce8e2cd1cc1061b340f5164e9e6e1f5cdc45433b484afdc50c02fcd0829fc93,2222c034a66184554c48919259819b702f054e8fbdfec5308dfa2d73391231a7
images/fire/train_000552_box1_0.jpg,fire,2298462053360035b6c8ca0d355a30fb8f9715ede7292efc827dd10e3a5b9e50,2c4ef8ea173cd56fa02528957bbad61958deaab7ed8d35c36ed499d075250aba
images/fire/train_000553_box0_0.jpg,fire,fc754384ad5a192c6ac4decb3709c949aec5b520787058ecd7ac042401cda8d9,727c69c0edd2d9530bc5cb66a14380056f0a4be168d56c023d58e4622aa33f27
images/fire/train_000555_box0_0.jpg,fire,e2cd8dbd70e412925c776e72f1561fb2a9743724593955c759ce424ae4482b71,3c1ba1ec9b66686a97f9ea87ecdb90c14171ec5025f0c9d06effb2ba63a9e9e8
images/fire/train_000555_box1_0.jpg,fire,27218a0111c0adc83a0ab08cfc6bc30ac2430ada9631f56d258724ff68edaaf1,fd347727eef9eba4a47f305da6e40e0521c5050910c7dadf403c84a7dc24e3a2
images/fire/train_000556_box0_0.jpg,fire,73fe3b67ee041a02ab35bdaabbb7d42de53c1216eee36950c903d62d3c34d6e2,d8c1a73b94130452b24b06236ac18f8bd82d9a39f0177bf54803896aa366c47d
images/fire/train_000557_box0_0.jpg,fire,9160cbaabb8acfe204509813d2a1523cb6948ac8a4b21da2b7043edc155eeaa2,493393c926c5204f668cc759b296ffe5673851e4c951f4ddbf0114b5c66cd426
images/fire/train_000559_box0_0.jpg,fire,0e8525242661a71ecb264bf7c65e39d6eed221ffb120fdfe5ccbaab807cdf97a,0b643e7ff0bb397d779043ce249a5aa6f98c557f2578ee2cc5b4cde5e9979775
images/fire/train_000560_box0_0.jpg,fire,ed426e7ac2fca2197c7b3df94157f2639e8dd312b37baed0ca43ebbac7f2caef,259e149f03b999095a817a1caf2192e73c25dccd6baa9385abbd7e0d99cd1510
images/fire/train_000561_box0_0.jpg,fire,404371dbb46d9546d02b241a70739c965c3bf46caf99126c4f4ff7b9b75a4081,11a76ba58ab07d45598610797215a9797cbb605a3e9c0038fa9046ad7a17d18f
images/fire/train_000561_box1_0.jpg,fire,88ba7f37728c1a07b92b3bd810f16a78cdcfb3807ce7cf56c93c7b6e62f0e8f3,c1805acf05843c48c23b86a73d6f313bc435906d157f3f1345cbb60d4797ff49
images/fire/train_000561_box2_0.jpg,fire,b7fc9a4734897b66a321e610358da38dfee390f3b784380972259dd4957009d3,21ce7cb60d8baa0937a058a6449f572ffdbfda92843089f981be04bd6c16ec79
images/fire/train_000563_box0_0.jpg,fire,2c4739f9fda155224fdcda44d824cc58d8f7936936dbbeea69ef6a7854221b78,57175d8e41cc1d20b6b3943ee79d4f3d61a206961809c564317120895bd6ec09
images/fire/train_000565_box0_0.jpg,fire,5298a03f41e1eccc1cf3f326b625a179bfc956c56053cde1b7086876ed442bbf,bec53f76bd0a1ae9f4841c28664d98f28fb5c3f5457a161c1b9b23a44585af25
images/fire/train_000567_box0_0.jpg,fire,4be1aaa9d32aa833e7d8fdb71795e0bb4ba89a2a0648e6c9368d22b808dc862e,173829df536abd5f83496f7f47ada0357a21d13f88548d2912776ef0cbff8737
images/fire/train_000567_box1_0.jpg,fire,840c92fa91a2fd23b294d6977edc530787c954a966bcbc17d8f7980f4292f869,150189707d6dd59a6a3464087d34ddc9c9f5237911b771b319318658344716b3
images/fire/train_000567_box2_0.jpg,fire,888f51184cd881551572b8f5932e09d45fc580fe145fc03d593b57c2d9eff374,ae13784a150cee7fba463b0deff1ce502dc2a3a082627709e279a824167d7260
images/fire/train_000568_box0_0.jpg,fire,ec8ce1de8e11eb9be046a1a706fbd0fa1f1434168784ff8f197802c982626bb2,b98fe41b31f68b171686086f3a97ace5d54d1cd3d3e37b2c03e6ebaff276f1ea
images/fire/train_000569_box0_0.jpg,fire,71e4809c97cd582157ac198336297832fb5b630abff7389f1e577757e6cd56db,6f71140e4c56662e7dc23a8b239e441393f104e6f47408a8ee2f0560028b0765
images/fire/train_000570_box0_0.jpg,fire,2cb4832cba488cfd565f0dc86d95e7a572117f9bf273c11051c767d5bbed8f29,e705594bdbab561737a7ec4e7900f8c797ff4a7e7cf8337bb9b6c36658ebf687
images/fire/train_000572_box1_0.jpg,fire,19fd8a0eaa765b6a847e17a73437ba0a9cb463ab61279ea181aea2f9af72cded,c3b1093b3fcc4049d4079c817a6bc9b39773a14ce2d9a0abb8884e0e28c28d34
images/fire/train_000573_box0_0.jpg,fire,53e371c62591f5bdf1f83a0952b01241f2da25e3c8afb9a6791fd8f3d2097bc6,312ce3f88a7eb5e2abfb2c9b8daa6dce146d5e628cd342c21a0bdda37963e6b3
images/fire/train_000574_box0_0.jpg,fire,6b8c647ec6121f754ba21a054e0c48380632d48c230f8bf5e841b140ba6d56ef,4b68159e4929d067cae78177a517e51c9c47514dc0c2563569a8c55c68c58951
images/fire/train_000574_box1_0.jpg,fire,046a7d327617ef94840436c778d777ad8c3779ef8e4fb05da34115ac021f49a2,50f15ba270ae9aeb8454458f174cd4d208a2636b529bda0b4cf1fcae37bbdd8b
images/fire/train_000575_box0_0.jpg,fire,c55b5c0117e578127ebe8509456f2738a5dac3a39aa5cff01bd449a6e99d6e56,a4659c2cc75b494ce4a104975c8acd4958bc1e256d5d6a6c72c66aa1384164e1
images/fire/train_000577_box0_0.jpg,fire,228fea23ff3c956d3149095924229fc4337e044cc88783b41ec755f586be4dc9,70bec948b0cb3c8c2622094b0e68b97b2ab1bbea0426b03c14425848d27154dd
images/fire/train_000578_box0_0.jpg,fire,ab5b109e020a2b8e32287dde09700243766fec5e3f49e578cdcc2a41c51a68d1,3659eb0f8e9fc1ccc63d427e4e570de62078d7bca14fe4d4795397c863458dd6
images/fire/train_000578_box1_0.jpg,fire,901723f40e84c596f10f3e70fd00074aec0d003661fba9112e7e3d5a0a093339,dd0880bd796e0ac68c19199197579121e6ef4c4c043893915dfa5061af48ebdc
images/fire/train_000579_box0_0.jpg,fire,a867c8037b48ec157b20d1a6edf7bd3781fe6ca701ac324a7ed3ca040b437f69,aac141df327ab6906f046c4c7019ecb269f327cb026373d49f870a6a5d3cb6f1
images/fire/train_000583_box0_0.jpg,fire,c74271a0f0ea485cdf0f670e65576e743675fc429a936c94a4021958c37098db,8bdd6de3e716417f73e5fc72169175901fb19943a0058d90fa76757a67602fce
images/fire/train_000584_box0_0.jpg,fire,a22d06e9c3944260e71591c6d5a46570ed3c7d4a9095b5c17e6fa123bc0af024,7781146b6c6d2ccc49b1cf335a6f75d5bcfe1f2b37972ab2d5d3b5c615a35498
images/fire/train_000585_box0_0.jpg,fire,1d7d00e6759870ba1e931da05085f06ab4d0ac26f705e5d4958840fec2e3ccc7,6eca2aa45a78f4f510a9229214dc4c4e85d844f23cc4d4c9a68ea68b9efcc40f
images/fire/train_000585_box1_0.jpg,fire,6f03b4204e9e40cb9a82902b8d125518894ece09a235997f8b5bf51f875b018c,777cdcc8ce624126a2325ff685582060177b4de0d0ee6b3047571a8fca5362bf
images/fire/train_000586_box0_0.jpg,fire,624947c6122516d50380c074ad8124b335aea1debc6e4c7ee8736f86ebb97d69,527bababca1d272e041420a507cb2873fca764286ac58603517fe2668bd2d36e
images/fire/train_000588_box0_0.jpg,fire,e9f1077ed1f0961c00e2e84881c6291404eeb50876e286aca663da40327e89f9,762f56270bd8882749c8e51f0fb6b60faf5f6bf1acd19f2ff96f145bd9632cc0
images/fire/train_000588_box1_0.jpg,fire,f2b9d106607064d6225c149917255665c773294864bc2ed0181597a9e71359cc,0fb124117bbcae7599cbb9cfb0ffec302ba3c6abd9e982d992a8c89f544689ba
images/fire/train_000590_box0_0.jpg,fire,2e92d1fb43c0117176c88090909611f349c9633d9a0d93f43ddcb1b36dab6b18,f77a6effef844067736323d87e33edb65403fc1283ca565d9ad541df163907c1
images/fire/train_000590_box2_0.jpg,fire,7783763c45ad4ccdda6e677a61ff1f170fa91719c401328bf1f7ff3309400ce4,6822033488c8c99deea5e55c79eb9e4aabfbac8b332b1e1532b917c9eae6c3b8
images/fire/train_000590_box3_0.jpg,fire,c7be0926919968212529c224cd64eba58d32d155604797d3de01d040320b9fec,d7d2e472a47d8ff25a2365aab5725e80449b3ac3768c06bc5f8c9b53c14b8549
images/fire/train_000591_box0_0.jpg,fire,fbcd0263cc17a0c64845f7c9441b0860b5c04dbf98d1f2ce3c2090de446c6e4e,1c3943357005e1a9a9290443381fc6020a8cbfbc85a09facb593780d38312392
images/fire/train_000591_box1_0.jpg,fire,698b36d9d9a746525c6c0d4d0c39a17ec8308beea653ad50d493ab3dbedc31a0,a9a69d13beb434f64d71b880c16760cdbcbcb4e808d1c3a3a767e77eebaad7ca
images/fire/train_000592_box0_0.jpg,fire,e87b35f033bd0dcec0f8d32145d88478e2931fc3765208af0934a1caab105d58,2ba63f1faca0c9f53755bba0ebd2e31f252d941d2867c2cadb0048c3b99efcd7
images/fire/train_000593_box0_0.jpg,fire,453dfd384ec0f7001c1fbb7a6bc61bd760d311027baf5c703565b481c49dc8c4,0a6f0b1c6c816b0109b90d8a60417cfe28271415181a42bc04334ab82f897fdf
images/fire/train_000593_box1_0.jpg,fire,a93dfbf18e77632ceef138b994760e1ede895bd2a7692234b7cb0e4e51a05dde,83cd146296b712f77675560b2124037f818ce154e694ee53d47c0ae5e9c30936
images/fire/train_000594_box0_0.jpg,fire,62904cba90b6fe228518dfd6faf99cfd2f8e9b47245b02f254a96fad45d1f750,23675bdd94d0642c68b83f8bac6302f07a332bd3435d52fb7b2c949d4bf181a2
images/fire/train_000594_box1_0.jpg,fire,5347438ee9c7fc76b1583159b5fd2d671c1879c3c926afc3a4209e9db2c51c26,36d509b5f32d8d060e03d7c558f9f0ef48384c6aa9a5f866c777344cf58d078e
images/fire/train_000594_box2_0.jpg,fire,3905b99b505a1a4404c20fe405e3dc1d7556922aa1072618acf60056091fa860,13381608f53df1f73d093bc975ffed8318df6fb1265daf536333da7a04bb910c
images/fire/train_000595_box0_0.jpg,fire,ab8aa2e9a3747191175f66871ae7b204cf48fa338e0aac0efdc930bac75c178f,96868bfcbd599cad52373065744a7482748c983b99ef21f947813001565eb4ca
images/fire/train_000596_box0_0.jpg,fire,0746249a27467d0645a149746281f3ae754ca7ecff14e4284a7add31ff58e93a,0f636838f7a8b346e707031c527e1e8f782dba69ecf9e9b64f1c2c9740635458
images/fire/train_000597_box0_0.jpg,fire,dde86c85f53279290bc8df1a8e3682bc294ca8a140435dc38ad0f68cdcedc06f,cdc66369b3af0155534832d7c8a99df22bc806eb125d2e6cc169a06e93accd99
images/fire/train_000598_box0_0.jpg,fire,12ec9c5d0bb1dd003270c3278c6de920c4a2f69f4c0c512d37cf2e1ce31a14bb,e406472d08eb12d764240ab7726d8ac62655b8757da5618c0ec70853f8f71ac9
images/fire/train_000601_box0_0.jpg,fire,e5b2294c4e61578c8c86d19f09fd7b78cc0acc68ee407d21fdc03a8274aa2ef5,d4d22b97b3b2f53b950662374e31f108a8ec6b1889592ef710a9cc364475c60b
images/fire/train_000602_box0_0.jpg,fire,be2d1760a3733bd3a0c77e6f81e799253afee7b2cea5f756f85122619c8580dd,9159cb440eeb667b718cc8a9cbf0d58bdf880a76cbcea1047147420896b4c03b
images/fire/train_000604_box0_0.jpg,fire,473ee0d96cb75849ddb9bfc4f329f10aec57afc7d329aa47868f720dff85d633,193c5220c548f8da73343836b8f247ff10f8c1f95f1d19138c43e420ae7bcb26
images/fire/train_000605_box0_0.jpg,fire,19c57dbabce75290840fe3967fd47d174e0868ab767f65af542f855c0f3d6df9,4a36a7488f79d9f1f32d499386733225152dc11583a9d22e624d20d79f96d7aa
images/fire/train_000608_box0_0.jpg,fire,1d76689f17b3c03db108a0d75a29ae8c75f5cc1f1c36ef12deb853d492d58e6c,6cde9a8f23688fde11e4f61b9874399f55772b63db7fecbbbfbb6a5a22c7533a
images/fire/train_000612_box0_0.jpg,fire,f9a80cdee7a642122285cda7e2c6c70213832d24643a6a6a402aa584e794f850,2f81d0e440664171bb8f9a4461f121eb48d310f0f62861d2ac83f4d680632940
images/fire/train_000612_box1_0.jpg,fire,efe0827311e40236fe1a7762f0336e81685f3b120e99276527ff266d6323dadb,af9ba311ae04efaced1a276d8172e1a8de2d6f8cb29a38786f1caac9e7e19563
images/fire/train_000613_box0_0.jpg,fire,579c6b743563540ae4bd87e9af2fbb041975489a1e15ae316d68c2dcc0e0f09d,21a1a2ad2b0572bb553a9ee575be0baa5fad9ae1d82b73ad272c105cd54b9358
images/fire/train_000614_box0_0.jpg,fire,dd495a5855fe3b99199e0a36edeb44b9811cac82c9a5aca8c3d37a5cc4028cae,d84a23e2b4f6d0b8a600dd1ad67da021e99af5b85ad1d4547afbfe29fda0d40c
images/fire/train_000614_box1_0.jpg,fire,251c8086d303bfa4da24b42cc132e11363f8365b00adc862a4cc0bd2edf0ba20,8dc8c80468511772f5b09e885658f43fdad6e6ae1547bf67e0706c2019980e20
images/fire/train_000615_box0_0.jpg,fire,dc77758d607b1e1eceec7acab29343923a88ad4479bdd2f3467a2525c03ad38e,da29de43d0bfa7de13afd9bcc130d4cd0754773af9fa780da3ca69cca0e92e33
images/fire/train_000615_box1_0.jpg,fire,5e8858547983e3fb1ffe8f5f796138175c0a9ca57374a58837a8c1b200221cbf,53145974dc1265ec9f493670210edf84816a67b8cb1dac9ab97d1fbc17ea5905
images/fire/train_000615_box2_0.jpg,fire,47f53bb7c707e787cef5b0247ba382ca4c9ed57712e47fbc292cafa11414351f,33a2ab5c1c49c1c4c6228a9b37ef5b2afa5ff241a26f0f2d8e3d103ec8e79b31
images/fire/train_000615_box3_0.jpg,fire,c9dbec2b9b5567a30962ca67c28cac2cb875d6de2deaa668aaf44081d0d88ee3,043d04907147e4c1b1f7b404d0457e6ae75803ac000d46360d4f7c35c37c9d6b
images/fire/train_000618_box1_0.jpg,fire,31e420f8fd4ba442ec068984165bc6c25197d094298f25b3cab8fd9e878377a9,100657d19e5c807e481ea64dfe89ddeb4c0b408bbf6aec10aa509626b142117b
images/fire/train_000618_box2_0.jpg,fire,d9bd4d1440d1bc3ab12bc9249279a0d7fd918df087cdafb9c895d0ae1934b1aa,83f3d4a9995bef061522143b7a16a75b7785c47481b3518af93c261a5b304814
images/fire/train_000618_box3_0.jpg,fire,41d3c507f66524e33707bb6f6a20e4552b1f90c728b218dc15cbc7fa80653dd7,2c49ff5ffc72d3815e6b03cfea49524d7e4911d11e962478b19710c1b12d19e0
images/fire/train_000619_box0_0.jpg,fire,2d30e0e27b1e21cb0349d32e1a421c795b667a24485e0265a8cb2c2937c35978,e11f05ad7f942b772c759a8d84b2f4d1925286e789de71f0edd05544ae16f5dd
images/fire/train_000620_box0_0.jpg,fire,29b66c705b78e224eaec59a5260bccbf3054be2d6a44604c8ff4dbc3e68d53f1,9d5716b5d1ceaad7e644ab618a4855cde5c2d267c23cc74dc66bdf7a4e047816
images/fire/train_000621_box0_0.jpg,fire,59c168b6b676955b68670279d0a56d439c52f3d7b45d5c584d3641b0820fd86f,5fca7c9c5c4d69fc5824f6376e7024692af0d931379a56aace16adc5a9c04611
images/fire/train_000623_box0_0.jpg,fire,1e4544344af74fb448e2ce5385ab2c38dcc6d38bcb9f999e40d1d48f97040b21,d041dd23c55c6ef4f2608e7b0da2f91e96c3c61f6d62bbeebe5e5c5a20ff7ba9
images/fire/train_000624_box0_0.jpg,fire,79389e011d6f46839aac30dcfb75718d9dabca51d41d8e58a3e46f0c3b5f73b9,98aea5536dbe19e8de5eb892e7f46f6183bcd591ed2601f48d7fb96ed381c21e
images/fire/train_000625_box0_0.jpg,fire,a0e2a28cbfbc847aa9da5ac13ab719a3aa96f94d365cc7488945a80f54e120fe,7ad6500217e42c7ff81e9e6f604aea691fd400b4a6b2c47c42402278a69604b5
images/fire/train_000625_box1_0.jpg,fire,d63f367824468f9eb84ad466bad432cf290b5adcb7b19e4bb3f870ddf87eddcf,7907b8674f4977a270172b4f51685f69996d417b859bbef13c3725494bd6e426
images/fire/train_000626_box0_0.jpg,fire,c1fb9822385f0a6b868cd3154ca53714d95df432c1aa2cba8cd87df65129c4e3,bfca7948c4377a2e008f2ad97c8e18db93a2608529c121a8cdd40045ba496ac8
images/fire/train_000627_box0_0.jpg,fire,5dd179c237f46d73c9b672740dd36821ebcc3c249269fb0cc46b6bf18e7ece32,c001f1f6423c62933d095ffb90fb0dde178a8462acb894320cecc3fad6e2bffa
images/fire/train_000629_box0_0.jpg,fire,3a74123038ff631a3da09f61407f575c741a75188b464028e3025b1c221a8b87,f49e615f09b3389519d8b4cfc7e23e741222bb92c8670f11aecafb06a33de19b
images/fire/train_000629_box1_0.jpg,fire,29478254b42dc3273e80d9bac7ff383065aafb1d8af5d5fccf108d5270f9d7f0,d87b987b9cd8d6352c4345656b27bb3b7411c02deb8682a991d18e0c7443ce29
images/fire/train_000630_box0_0.jpg,fire,17bddf4f24a5904f3ef23b9ae041ecec0fb6609d10d5b75943a0c52d4179dd66,6e815003374ee5d85dd220a6bf05787eba24860b18653c194e07a2cfa530b226
images/fire/train_000630_box1_0.jpg,fire,b0429a56ee5e11d984554eab4434b7929eba127269280957e1e403690bb969df,9218bab17eacf214a19904c09c45f4ff4bef294803806b1aae1408026a9bf993
images/fire/train_000630_box2_0.jpg,fire,00f1522439642da9ab4f947bca3367215ff691d0bcf0c47291ff31c213538305,1c967aa4dd713e4e9972c344f3a834ee2002f32cdf98bdb316c2586f4c6ae332
images/fire/train_000631_box0_0.jpg,fire,c35206b4b54e0f447c28683005bee6ecc232078fb35c94683b84c3402edd85d9,93bea63f704c3996605199319f3c6353545832d4e0149b8fdb46bdecca9c0f29
images/fire/train_000633_box0_0.jpg,fire,b94a07557bb13a0c95ac4a103c8df2e3481d2e5d388de2f8029f92d04558c414,82f45f8c44480394e5c375829613b659945a69acd11f4863b9a03f59a5b488da
images/fire/train_000634_box0_0.jpg,fire,05b1c6062e43432eba208c0851fc2c8be60a92aaf371aa19b9e8a7169d1414a6,660da8eb7430e459c65227a83edcc6df42cc16416ea3b92bf74b9824d9e9c821
images/fire/train_000635_box0_0.jpg,fire,09e0dbf0cefb720d65c06b11ee98477f23e3b528cf013ee59a34ad8b8900026b,bf2b8a00d6b221becce87696ebde7acdb62c66c20a01cca64e5eb6f5b43155b4
images/fire/train_000635_box1_0.jpg,fire,d8da485cbddeec987f4535ffad9c73ec11f5f1ef337bbe72a35a856ec5238f71,7f4f43ac3514d703fbbf53bebfe309cfb753c35547a1fd0045d5027448907736
images/fire/train_000635_box2_0.jpg,fire,ae9847487af25e3ad4578a608e514d65f09cdc0fde09ee6f8147313fc8faa22b,2f4a2ede588040d2cb709dc0f1bc967f1c4af9bc1cb885c9662f66d6e28df627
images/fire/train_000636_box0_0.jpg,fire,427b51843ba4caa88a8b050e0089282a4badf5abd28e52df4c28af0e7dd0abae,d7d24905c8a095414f22765e012b6939eca0c1786b5078d832e3b96e72967012
images/fire/train_000637_box0_0.jpg,fire,d9fb2950aa9d5d76f97f12345978fe72a750d8fe83b0bb7b71e78c8d7aca0891,153e965421966a67b26081d08f6f0860cd83e21754b6319b3386e9164872699c
images/fire/train_000637_box1_0.jpg,fire,027f26adaf477c4f1bd0117e2c899900de92f82ddb17ad87404deac078ec8e53,375505c0849f102fdba886663d96f34234592f7d5023a61390432b7b27ee06f0
images/fire/train_000638_box0_0.jpg,fire,0318980c966a676651363a4b7c2b6dacd2d852a8d2dcbca4351bc5266cd319ca,0509418ee1cba945e84b270b4e8bcc053f3e19716902595c28e90dd3824c4485
images/fire/train_000640_box0_0.jpg,fire,9a2462f1b8a4bc85c82317b2963116fa259dde8380e77fa32c435103b0c0bf1c,d0aecc558afbc317860956efed0b04ce1a79dc9273e131c082cf2b129cd93919
images/fire/train_000640_box1_0.jpg,fire,b3e2c722ded0bf01520b4ba079758f630f4531332e606c3efc1deebf7043cef7,d2ece9476c69c65ce6606755fd4bef773d9f28bfd8d221b8100d74ca88fb8704
images/fire/train_000640_box2_0.jpg,fire,f703271bbaf856491e5079a76cd8ca722cad6b4c8263abcfdb4417dd4b843d8f,d111601f42c75a468e4e10671971596e94b3e30867f795585d31f47256e011fb
images/fire/train_000640_box3_0.jpg,fire,7edff811415ca74101185ebf2904ff0520e7c9e14c102347337d062dc7ec3800,a337d707cb3692dda4f32f90cde7e9aa96dc21f6f5d1ae519e0d02533eeb17ce
images/fire/train_000642_box0_0.jpg,fire,be8903540cf930ee0d953c8fea7e9d9d878166e170d931b79359019c57f44a24,6a08d98fc7a6addf05194a639051687fe0e812d9fa965a7896fe60017cb4f3bd
images/fire/train_000643_box0_0.jpg,fire,63b43d238bf0353a859c45502e2131429cdbcf9fbeda1e6a04c71c6172813d4f,1b164ad28e51d46f42820ec0f03046fc934ca028958c1233ad7795f1bf8c9006
images/fire/train_000644_box0_0.jpg,fire,4c9df49a555cebfbe3a63ec40f39689beae9bd4d29f5802c49298ccde871f21d,5673f60bdff5cfdcb3dfe4b8c2df30e26e3d9bd5359db4963ffc0dfdcaf0499c
images/fire/train_000646_box0_0.jpg,fire,369ccbfb5a202d8ac3fad8aaea2b26e2a11d9c5f4818012bb99c0950c4406c3a,43153a5d394fb5ec4d403769ec5ee378c6939d452fd465ada927c5315c1695ef
images/fire/train_000647_box0_0.jpg,fire,0ff3cf374df4ab9a80388553ce7819b5128e741e42434ddba1a93f097b3b795b,83e13933e29d5e2d2fc604846836e83704a98dbd90a6df456264124adf42f818
images/fire/train_000649_box0_0.jpg,fire,57df16c7e62c2ac65ff9ee12a284c11cc2bb47ec874f539d2412e2a5e50a87c6,2b952ed4cf201167ffff31bc63137e8b21eb02a3631f9a3ccf71006458fd333b
images/fire/train_000650_box0_0.jpg,fire,6b93e0646a3e17f53f167a1a229a1cb2f7187dcd53334eab007561d7d3ac8bd8,6edf8b89d9ad286bcb85443938a37d6af104596d0c0739df12f06c1de10f29d2
images/fire/train_000650_box2_0.jpg,fire,a30f7909b000b4ea39162a8b353c66dd8197c993504edf1feee1f184cda858a7,78cac4ab99e45601eec9ab17abaca7b0c2e05b19fd6fa65bc428db4b78fc3cbe
images/fire/train_000651_box0_0.jpg,fire,c6c2a1bc481834447dd4b7ba294b5239b85aea21adb56141a0ec31dadf3fae20,3e3217a4192a7ac414e8b8903d14ee50e3c4eea69652ffc01b7852aa7246c0da
images/fire/train_000652_box0_0.jpg,fire,7bd0f065354d97dca60d1e88b2e33380ec69e242a4fc04c08d84ccb1f35b9bf5,1a1b483a1f86444447c589ba4364aada9a557e938bef72a2c70726575c7a6e19
images/fire/train_000652_box1_0.jpg,fire,d5701dd7c05f28021120c0709babbe6e47d73d836e917589bffbd9fef70171a6,f8bb85bfaab9ebe5cbc169aca953687fd20e27703dd1825e36fac9658fa0add1
images/fire/train_000654_box0_0.jpg,fire,0d8c306fa1680b039d6f0b725e0d5dab3b93f5e973b001eda9e1be6d7eb79f37,38a904382633bd44bff09e0518da538b986f247a3eb6c0b2ff604f4ede89e16d
images/fire/train_000656_box0_0.jpg,fire,7219e9161453446f3867d7efa0e95919e03084473495116808e5d75603d1e831,fe2c20d2ff9be8e591250907a932f7d94773646c87ad287f36ab22ff7b6c8d45
images/fire/train_000656_box1_0.jpg,fire,5eb2cb5707f49d19dda31f97ba43832fa55b4a8cbb0439de48d4c46beaaa5b9f,eff3bb5c006cb581081f1b73abfd12d6e4671861c4d08c85c0a78a9af8bca270
images/fire/train_000656_box2_0.jpg,fire,8e721457777f9e3dde1507246e7609f94e7a641c4421ac9d725eada0cce48fcb,b5f5163a33720441e2b15ffa8d3ea896b6baa2b077c79109d5a9f39875811870
images/fire/train_000657_box0_0.jpg,fire,75dde86f895e94357de1c10982cf7b144efbab1d0af27147f7f3c74bca7eea95,8d8636b586657412a45ba89a01f5738ebedc34ef120501cf75c0ea1a2046709e
images/fire/train_000658_box0_0.jpg,fire,64ba8a0cb5f48e04909b7cbbadd51689e27c3ca3277dbddfda1272e47bb1f304,0219eb5996ea50ebd5b233c74de6d11fb46f06a1863213f3714dc5e088a350d0
images/fire/train_000658_box1_0.jpg,fire,59ba8c075525d6165e34c7719e6d0c684ba51a89830610cfb82f131cde6ad110,4009f4de564ab6c773de9f55df142f26bb9ca61a113d18f9c1ff4976bda153fc
images/fire/train_000659_box0_0.jpg,fire,da9e1afde3029ef218120bb2f8da19516308bceb5bf18e283a696de624f8b307,639262309e56b36b1f8aaad9e95aedc4b9bd01b9d6aa3c203f1bca1108fc2124
images/fire/train_000660_box0_0.jpg,fire,f92cecb51f800cb47ef768b895fb2d130f101b669d400828d41d9ddf541e5240,6331b731ac566e193b089a7bd6b0b119c4acd10ef4dec2d38cd36b1383ae0b48
images/fire/train_000660_box1_0.jpg,fire,622fb65ada1e0475ab8ceab237cc4879fc5ca91ac024ce968eb1d0f77893a230,12100abb9d040e43d4204e754ad0f86ebca8d41a38a9e35ebf3a828ca49401c6
images/fire/train_000661_box0_0.jpg,fire,7ca29cb21c08ae9f467d3f5b9608fde0ee4d823e04bf6ef461291f7a94d684d0,94ae87f77682feac11bfe397ed8c785b39c512dd5103668b0c8102c7cf70e443
images/fire/train_000662_box0_0.jpg,fire,56cf8414dfe89ba3a90f287478111c2fac4ab44ff7b9eb0f0256571781cba2d9,e63e69762ebd1488795a6803c228f55f5558486a64d6c24029cc9511d7484569
images/fire/train_000663_box0_0.jpg,fire,21898a1ad160b795326679995d7cbe726cd7a9c38e8f68732249f95b10839b34,729f54aa66b18f43f00ab8aafbce88a36b6ac5eb7903a61f4aba9f36f8311e1c
images/fire/train_000664_box0_0.jpg,fire,983763f538a53fd712374c3040a7772e53dbf25dce41710f84a398987d1deec8,fcfeccb77634c4ea91f8bf080e2d7ecea428fb73a6326095acef4ed2f8a1e5e5
images/fire/train_000664_box1_0.jpg,fire,a0dfc7388ade11367efe11cb5c6edb2814f6e7fecbcf069cd3bef5bf835e33c7,cdc205178ee8b7da58282a5c86232fad2fd90bc1ed7a5a1c4e7525e2c836e0c9
images/fire/train_000665_box0_0.jpg,fire,69959a95b1505c57afaf03684ae178a4c78bf484ef3098c4067294776284a379,31c71e5a640e76d2c87e5ee8c25c452377b15d824d2670f6c07e24ca5e99bcf6
images/fire/train_000667_box0_0.jpg,fire,bfec6a98c67efbbe2b3a25531f71ff50145e93a2fdd422da97bba67f1cc92516,b7e530d17cff516026a401f58b829835103ba7fea27b75a2054130b3329f61b8
images/fire/train_000667_box1_0.jpg,fire,1446ac6d2faa3c2d0cfc5b6dceaeab042f64914b010852b34b615f218db91763,e8c081878647eb2681a8fabaa5e91f8aa7aa46c00b179d3602f22c6d463c9dc8
images/fire/train_000668_box0_0.jpg,fire,fe2b99d63b77c4fccd6a6cee1bcfc75603bcfeb7108fb465bfb4cc24f5463a7c,13460b414196450e5193b70278827935109f6c5038c25cf5f2d80c955055d181
images/fire/train_000668_box1_0.jpg,fire,cef46d44de1a858988a9cf36bf93b2e3c15d77991d61128905b93fbbb01febcf,5fc0d6af1c9ad4d3fa910c20f6e88eecd2bf6a4dd56a08e1eeb11fe3b55520ca
images/fire/train_000668_box2_0.jpg,fire,41ae4ed193f6892ec75654d28991f12faa8850d7dc1c3541dd93c59b4a4ce755,6c92c7997cee04c4aac20aa4f833489d4eff6446dbb07fe6d957ab8d455cc6b3
images/fire/train_000669_box0_0.jpg,fire,ecd00acc2ee31d1d71494cc7fac073e41d59b2a8bd80614fbe42cbbd43fe25a6,b22a096795baa60f712ecb238855d05f42c32cfd0c00ef82ff8fcab2ff63b6cc
images/fire/train_000669_box1_0.jpg,fire,3038bbb8dbd5f5680b14d38534c3bc777f883c225491752796d0402d4c705c63,25885803872e8395fd039c2dc7caa8f8262277a9179194994caf0a7628ef7bd7
images/fire/train_000671_box0_0.jpg,fire,266635d9c54b58c7a05b952e915779668cc90d7128f2a58605ad5f583a7381dd,5892c8fe7fbce062f1ec1404af8bcf5f52b2172d2c92006a852c1735bfe4f44b
images/fire/train_000673_box0_0.jpg,fire,0d185a9364ca08ffb387e075976e200d142544579daa1ed22808840afdee9fa9,c3514e77936258092d2aec3a19f11705e6a241bae786608b97b986ab59f20dbd
images/fire/train_000674_box0_0.jpg,fire,faf6e5161daef6d1a619e33de5e376590d2c0eeb908095a62d94f10fdd5a38bf,66e934a507be98c7bee88f5720c78ae4601e9f8596442c246687e0bd942c2465
images/fire/train_000676_box0_0.jpg,fire,797405ae24d5eadfd8c67b5209dfc99ea0ab5dda64fbbf26c0efe4295e1a3ae5,69904a65485881f6a2dc006e9330b8681359cc348e58831f1bf26b6522c62e69
images/fire/train_000677_box0_0.jpg,fire,a631224578989596792052356fafa6a0e2aa1ac87c2eb6b0d5c0defdfeb28b76,7eb743c74d0e2d519cf1389f4256d60811138810bb16a498ea28b0ef34ccbbe6
images/fire/train_000678_box0_0.jpg,fire,24ef86ae6ef6683161a6e1de120b4c89c03eed857243f1710198bb5c426e8b35,499e8b372011eb268b9411dfdf0aaf36b4391029b29db82c6b01251d0166325c
images/fire/train_000678_box1_0.jpg,fire,c8ac26db6e6a4db2ff8eb92bdcd39e26d3a9e47a4be3b8240446367b771ff109,1ca83c7489596f936b6d424ce81ea051130ff96c2e68d5d7b491e1cd729b99cc
images/fire/train_000678_box2_0.jpg,fire,ea049e3f31eefd8837cc8cba4e55fbd51d1d02ad282fa6fc84efe9727fc11408,6925a9f7196409156f2a826584a1a249c72c32972ecb28d7d59bcadbe93afd52
images/fire/train_000678_box3_0.jpg,fire,efd9ff8c771c40c1ddb85eeadd105ea4900ca620b181575145dfd6413f8e8627,0d885cd9870ce8cd93be7778c0fe7f09586b32d7917e90ee6dd4795a03af6388
images/fire/train_000679_box0_0.jpg,fire,0fad7f7445f1050e4c5a7b6f0ebd461f7a8c6367d0b907071081859829413ef7,c27d9a1cc2f7bdab7aa4f21f3d78bcddb14b40a7622480ec6eae50a9d963a947
images/fire/train_000679_box1_0.jpg,fire,31afcd6ee241cdd4c79c9036789df811cdaf129b9f0e8dc852ce4f226b838e32,beb84e117f9d4f921112a522555524913ab31d534abcf23b675ac39dc2055301
images/fire/train_000679_box2_0.jpg,fire,47b55f8d3d9ba4ad46e4f5ea013a501148bd461155a3c34eac5d489a297c6aab,27d05f8a6d92acb992a15e2997d4f8202fcc8a091f6aa7566179ccb06e4344c0
images/fire/train_000682_box0_0.jpg,fire,3c3a826a9bb6edfcf014a778e69fbbca3d2ae21f282efcea3171cfc82d45d4b3,a97c6159c78e9778a65cc96154cef393428dcd04e63a64496fc6396fc5f01338
images/fire/train_000682_box1_0.jpg,fire,4fc72afac3bd34c70985b368d63a484aebdba7f8cd519682d674c3e3ef2446b2,32c3a08c1c86398e920ab5d15fef54d0b0f3336c5fea06659f74f0593fbc8580
images/fire/train_000682_box2_0.jpg,fire,2fe134bbf9480e4281e943c022f183457586a603bbed5a5e073b2a894e0499aa,770bf5b449a575d395032f5321c1765f8701864c696771b91a5d0dbc7c35ed16
images/fire/train_000684_box0_0.jpg,fire,6d3288e49cf5a696d39e019de1b73e69fe15073d3706d19d30fa80b98cf8c439,9c72fc068451aa9f3c0432a3361d37a323811667f346bcadcdad7194fd400980
images/fire/train_000685_box0_0.jpg,fire,81fc697d35263bb8b75a88fa89080bb4e9db1b215d3082f1e0320dbc297aee8a,5d32248a1ffcc922d512dfa9566b03ddb1aa6ea3795a05f50cf8efc285d47da4
images/fire/train_000685_box1_0.jpg,fire,320bf9ee46ccbbb4ff7bfbc8ae72aa899bc362420d51ccd8801ce647ca893bf9,72b628ed8cdfb567572ab198663f97d3129ce112722a3c02970f3d7d891b2db9
images/fire/train_000685_box2_0.jpg,fire,481e0902eb6348e7665944d6c674995c43e71075ee5eb47e686a660db41d917e,2370957a11fda94872ea5bca533b8874a5c0c590f9689f65b4b36792b1e3dd50
images/fire/train_000685_box3_0.jpg,fire,783e663b306ca125c5af8033ecc78971d146837c7b86d3cb6216a0395e2bcf1e,9cf3ca68f9ff9c07f30088d94f6114f3b4e4a147e1b908f4b5ced6d821d458e8
images/fire/train_000686_box0_0.jpg,fire,849608af1190d3c72fe6bcf230504a60e01ee18edc827f4efe09af28dbbbfa00,92440b45c8c47c8a5994d30885330b3e2babe510d748650d5d3d0d2deb0478ac
images/fire/train_000687_box0_0.jpg,fire,b099b854a26f804de5053b7a8cc69394a4f0be09d52b1016cf3cd63edd12c0ae,571f72e6dbe104fe4c13f2e411916d6b995aabd7fe54ccb9841ab0d1956f744d
images/fire/train_000688_box0_0.jpg,fire,0ff9a09f464185857fb68cf7ccc5e8e67dd140d5269e78e8711920f2b93589b7,ac221fde28ca63fd620896aff41e0d0c256c041c2053144d0807acbb514c39fd
images/fire/train_000690_box0_0.jpg,fire,5ba460763381828bd00a2cd642fa1a9ff0f6e90eec692bfc0c54a523687fbc68,edf5e29df312078bbcaf497c7c55e20f901ae58155f0f708fcc6580a5b5da246
images/fire/train_000692_box0_0.jpg,fire,987c7421fe5aae3d8feaed8cf5f648df67397e1d230c3da450aa9f12f4b8c216,7298f7a07263cc5833b14a9577f25ee5bead5819768c6eff20e8631bc59f3999
images/fire/train_000692_box1_0.jpg,fire,773c99c54771aea267ec6253a99dea0294aec802ce40ebdcd1d53185c8f4a0ad,94441e9093d5e7875dc48660d656d4a035370c11e59447ffcfcfb9973879249b
images/fire/train_000694_box0_0.jpg,fire,d049fccf16e783fce5dd24236c43df02fab54bec1cff810bca5c0cc433e48ec6,04aeb4b2cca05717ba5d705890be5a7198101567f5cf6a325b289437493aa401
images/fire/train_000694_box1_0.jpg,fire,3d985fd41a3ecabcaeea932f239922ceb57ee35829180ab5722374c689cfa511,3eacfb7c840f333bdf19963b87df416b9089973db1d949d2be892bd67ba4ed69
images/fire/train_000694_box2_0.jpg,fire,8a1a20adab097ba157ae87348de230ed159ec96a54b557a34d964f2072f0e2bf,bed92d6eb889269520e93be88c63414add04899c0407f6a99d1715bce3b71b42
images/fire/train_000695_box0_0.jpg,fire,7152a80440b2928b0df9ac6605f05d3abd985abf2dd68314fa241e4fdf1f92e4,8f689583145b130bccac8844aa784710522d359fef72e2418d3f028a49ff4da9
images/fire/train_000695_box1_0.jpg,fire,bad15e18d13a1eb51798884cdebe643d8d13e7dacbf4faef4b56f36094ecd679,df68fa2ba1e4c90b244d026c971315d00ac3b8ca7c6ba06f26c481b2bcb09b27
images/fire/train_000696_box0_0.jpg,fire,f55d4c0607513d244c88013abbd99d5b1f582f11b3f628803e7c884c589fa907,b83792273205be467990161326e505cec75b3362763f80d2a2dce3eddcf24e70
images/fire/train_000696_box1_0.jpg,fire,52d8809924a9becfe19f77024e14e6c634ad03b227eda8e1a887a70a383a7def,ce7ead86968e585098e686a9dad484443a7d9506ec8a579b2cbe218b044618e8
images/fire/train_000698_box0_0.jpg,fire,58d1c954614f353096b86e79e3b8458173d63a33c273aed60c9994b4f59fa9ae,8a7ac6e8451d99bdd15bbf433ab1850986a55238a5de8197968ac99d13102220
images/fire/train_000701_box0_0.jpg,fire,c4ca4d67eea4cf15bcbd899c54b2d5b092b57d03aaa2bd7546db851fd2931c72,d298e3b5a2d0b13b750e926311249da31c29f1496eec2831a32828f69ec24f02
images/fire/train_000703_box0_0.jpg,fire,60aaa416f596b3cfbfe275f4e267415e12d44f838071d91448587b3a6b3e0815,5ab1908ea2930ea6e3437dc4ab4a240bdae696c1dfa470ef17e00625e2e1ab21
images/fire/train_000704_box0_0.jpg,fire,3d9e07ca8f432d1b036e0996ba9d46e49c0c5c66624c226780837293c5d87098,374111b704dc52594c1c50b167ca5dae355099e98b0fb1d1c1601bf102305472
images/fire/train_000705_box0_0.jpg,fire,599fae14a13a8a270d5488d0a7df25fd3eef4ce90ade2688d14c96b53779766f,a42cb216ab83af99b23e3719caabf0f718245de5bc2717a59803f95d267d09a4
images/fire/train_000706_box0_0.jpg,fire,fadd8445b65e7642da89a05da6e7bc7a956258d526926f04edffc6808333d115,f88b791c7fc69768c113eabb7eec6b5b378e6d59a3418e51f351c9a87fa7cd1f
images/fire/train_000706_box1_0.jpg,fire,7d2954f79436a2409af5d4cc621081184e6954708690fc120f6e4c4ec0b34af1,db74abe7c781ee938fab6af0f1e828ccf5cec91d39abe8948da2d5a3fb08e59b
images/fire/train_000706_box2_0.jpg,fire,8187943c47bb0ed25bc3dfccdee747c54e0b37e4090a0888013a2101b2f56ede,4d35cd1695568b00c9e75af0481c49629e7a4a304b3851397a87148cbb5ac221
images/fire/train_000707_box0_0.jpg,fire,5dbeee7234ab99c344061f762e93e8758df1a4bacc9ae984884022efbc80857f,018399930b1d0fd32e60a093bced8503139e24ece170b5a1978d3fee7d75d9f7
images/fire/train_000708_box0_0.jpg,fire,c62fde81c6fe5d63d525dabd40fa12e0951e6890ff14edb68a15523727e4b2f0,88eccfbe271862a8f12b7fa4023003b7f482b309275230b1ba45d6445d2c6048
images/fire/train_000709_box0_0.jpg,fire,609d8144f7a592cbfed0c614fcfe56d052f71606ec8323aad4c6a6f3242949a2,48207d82cdc20f7bd61beed021da09021821ad0fc13e79e9c0d70df95d9efb66
images/fire/train_000710_box0_0.jpg,fire,eecd7a01350d03a6c44278b8c789b5935a6f6787f0c3d4bd47c05d34013d3d90,aa533408822028eb99fa4ff8b01636500dff241d218757794a1da253ac45e098
images/fire/train_000710_box1_0.jpg,fire,6d4c816bc331c4a0994568884e8e07aaf81bc571ba8e7149c25d7b37745f19b5,f96e97e6d5743b84bfafc286b1a37543747b2e0ccab47b4aacf460241f3b5d19
images/fire/train_000710_box2_0.jpg,fire,b0c2ddefa62980ebeaf36b8c6568129a21b58d8f2f7c3daef6de6b6c4e10c386,6d5091f6feecf8df00e296fbc7b5107e05b4f6496daec9b87df5aeb5232dfcc7
images/fire/train_000711_box0_0.jpg,fire,f005d18cc3f60596feff4be93b762fdac0300e0c25212fcc54fe5add823acf09,40d67d2441ccf012a50caaa315205e28c42a643ba75e1c6e83449acfb3fc525b
images/fire/train_000713_box0_0.jpg,fire,97afbe1424d9c17831892ebedbeffe87b010b84673eba8dbe784dce4ec632528,955eb9c614857c8cf0bf9ea66ac5e8d5dd0ac6d37a87a32405e3935df42d08e9
images/fire/train_000713_box1_0.jpg,fire,e34344d3fa40d46f1e321611c3de0f43bdf4a1e47228b0f33fcacf0072580942,01f2406fcb6ad46a868d7a23ce3cb23fa091f9f54b5733858747f4d4b8e07ef5
images/fire/train_000717_box0_0.jpg,fire,d747172609ea2c046f99111d779ea17aef1fd990f5895ebb3a0541aa516df029,b8dea7730ff8f6dd95d8f2535e04f10b2642c97a2d9a6b7b829b672543a33721
images/fire/train_000718_box0_0.jpg,fire,842b6baee39b4a595a74d30bbc76367ef93d03c6fade4d5a497150aaae476562,b5799f5a67f5f6ac818263ad1b08f9a7d16726dad9bccd3c0b2aacaade4b8d4a
images/fire/train_000719_box0_0.jpg,fire,99bd2d103f93915dca1e00d43bc51f1074b3c9912a9acbd87447ef44128b06c4,19be0fd78bb10951a6e39eb3d65fde71104f38a77176c15530f03062b888b91b
images/fire/train_000720_box0_0.jpg,fire,35afe3011e2510127843f88ec25feb457631439b6f2d374f91b1fb2c89b4d557,ca25e8b4832e4304364793c0bf82c1f38b13a38bbd55e72539c2e23e029db0a2
images/fire/train_000721_box0_0.jpg,fire,3623df3dbd83e2c2968fdd110c98260b4111dea74cb318605ec5cf52fa29798a,d8b1f60f6c2017a574cc9ba9821f91ced13214120ba5880b3a115ec3eefcc117
images/fire/train_000722_box0_0.jpg,fire,c28b63022940036a17a23a500c4fd8ce13c52ca24a3c596e455f999753eade22,17231aeeac85284abd07d67a49e125483daad884ff284273ced361cfc8a528a7
images/fire/train_000722_box1_0.jpg,fire,931f3eef8cdf5fd085aaf7aa55d559a0712eaee873846136fcaa4c7da3393977,3c4c369d30fb92bd10e6436edc755bbb020bc7039ae1f5ae92c23a1cd9cb132d
images/fire/train_000723_box0_0.jpg,fire,00185bfd7c15e06fb23beef59b6356c5e7e5c0668bc86d3783584a93473b2255,d6613d4d3e2f48c4641bb33ebd7fdfe06486d229a85949af3b782be3bfb4a33a
images/fire/train_000723_box1_0.jpg,fire,ec3ff0d215e40b4a2f12a9a051dd7a8724b772277f29c611a377ecd0d8670edb,de5e7179db8071bfc7b7df0f3f3b457e8c18ecf1c3898cc9feeb652c44ab3e29
images/fire/train_000723_box2_0.jpg,fire,a0400dee79becd5e7e81756dc525c2f21ec7a3b8d73d5702bbbcaf129d34d328,1aa02951b169e505c539f0d39d7957b86c11f8a272f73ea21ca599a9213a6673
images/fire/train_000723_box3_0.jpg,fire,2731925e2669770427a29576a88ed960c4e24daf676ae8d9b88d959d016719c0,e93c887506ce8171c6483a864a3c6e28be511e78249525a1c10c7fe052117acb
images/fire/train_000724_box0_0.jpg,fire,bf3a1ae24c0038bc92e94c5c773b35b4f50ed5e077e405e4b1945c989febeb06,fe62b21945d3b34285751293eae8dbafa3053d1719ddbb9eb4b1fec14e67c67c
images/fire/train_000724_box1_0.jpg,fire,7478d8b631963f5bc64b237e2ff25535d5bfa61c973c01f3f12eada5f7407f26,87227514c038617013cef03390bc7c523115428125b8a4fd73a8d4649dc585ba
images/fire/train_000724_box2_0.jpg,fire,e75182641fa1dd64f4a5c179cbf9f8e091256e2e3f9922fa0097e6d183cd3bba,e47236b0775b818fe5005287e91be3b260f838ec024beac75ecbcf1fa5f5ab8a
images/fire/train_000725_box0_0.jpg,fire,d9dc91e636c4d3ba893a733586ae624874cf35762c4abee1bc3143ff3d98fc47,82149fd05cb212d618f8fe024228b8d044162b6bc1d9a711fc0e130d45b36d7f
images/fire/train_000726_box0_0.jpg,fire,6d535a32075a3b4d0c08cb6af746235fe4642a9a5f5eff1f07a86a1c55a2cba1,a207bd815f26c8b92dc3716e3357dd69fb7ca19d45d886d4ccb8476217b6b96e
images/fire/train_000727_box0_0.jpg,fire,c487f455529f5594cf0d5c31ea5cd432477e516335c2c668ecfbda1b0bdecffc,c579c60d6e98a68731bfdd35f0df2ec51c7651cf25cec69ab624e9c2e8eb88af
images/fire/train_000727_box1_0.jpg,fire,9d7226a5028ca17d6d66d31d79362d7c0229bb823c448f17cfe3be01406b77e9,3c09b012b8f1519c4740be517f57bbef787a66448ee6bb739adb0fd5ad459877
images/fire/train_000728_box0_0.jpg,fire,cfc8c534d5a58af7c20da1e3f3e0a8cb33444cff02d80c180271c57f4c0d2db6,fe4df77ce2efd2413c80c1a32b884cb63f342f7a83a7d759fc7686e5ee23110f
images/fire/train_000729_box0_0.jpg,fire,e2d99c13c3896ac43c1da900014ca17d88d92df5449fb9f337be31160852a27b,0ba51dbfe316aeb448f7d6d2ca0c8d88544d35a4b57902723cefab78405f0ff4
images/fire/train_000730_box0_0.jpg,fire,75128c70369ead02779700b66e3db5ac3a8e39bb3dcaaa1f19ed73be93295b4e,895e17f2d13dbeaf978c83fb172ba1e738163ff974a5254857c838418d1e7641
images/fire/train_000731_box0_0.jpg,fire,3f6029b69a3464141adf04d1ade2394a125213afcac98a4336019d2853a952b9,74297a336ad072554279e75e663ab3b25937c261dc5248aa3013f8fa775a3431
images/fire/train_000733_box0_0.jpg,fire,a839d2873a142e34c8cb0c10c62eb5b4ea090c44c0f796dbf9749477b3cde7fb,0bec3366db1360840fb0fa503bfca87bcd3609c34f4bb0c682a5309b209dba94
images/fire/train_000737_box0_0.jpg,fire,7714c8f38212ae80398e04e2e68fde8a38cd76684117163e33d76c8cd682f8fe,1ea716731373027d4e8e5e274b69b28c6f0452ac58167f7fd732e090a6714221
images/fire/train_000737_box1_0.jpg,fire,78fbc45120ffcb5a2237234aebda49180863b1b78a1a2315f8569a54b784fe28,d6cf541eaf8e2eccab444724ae39564cad9b7e86b2556312dddc388a216f86e5
images/fire/train_000737_box2_0.jpg,fire,7b4fdd68399bd04a8a739f94858641ded252d63e144f685596e140f519e466e7,bc9a87907f6740e2f69c89b060ba67ae7ed260ec8987509a86f1f6a1eaa0061c
images/fire/train_000739_box0_0.jpg,fire,68a2794685790d250e1c8967a0ed7b7cf2f40a862928ad859d02dc7553f1aa52,b8d5cc65bd86de6b3106e2100f5c4aa5d33298af50fd95561e738c51a269cefc
images/fire/train_000739_box1_0.jpg,fire,74c64fdd853fad3e281b02bd65f1641777cd5168506b25d178b36ee91d962ad8,bebc59ed9aab90ea54e8cb3c9b3b23ed96e89807b11b483bb6bd5bdee9b6fdb1
images/fire/train_000740_box0_0.jpg,fire,c52c523645c246838f3bdc5c657d7cd61b379f90ba9e7cc8eccf41e60c03c629,7ff7e71d6eab94062e85c38b4124abe3d325813dafd2438925a6d4c88f7e2af2
images/fire/train_000740_box1_0.jpg,fire,81e864f308634ea779e9618e3da1faa28df583e914708ee6f00229e3885c1fbe,c678783ca1810f492014cff4cff3b625cbfcf5f69d79e958fd58407253251202
images/fire/train_000741_box0_0.jpg,fire,a3782efa44c0cefdac4023dee0c823c0ab098b209d6032152aee7b53f13b02ba,9ed70c2b266170938c87c07e51228e1802268deee76ec6b3c88228b766350258
images/fire/train_000741_box1_0.jpg,fire,d41e54444cb4330ebd6f75bf35d2b349563edb06e129307fde417d127db915a8,8092212fc64823c0a076769c63bd0333d521d3f6199d09732fa99a94987c48cc
images/fire/train_000743_box0_0.jpg,fire,7ccd07464921c839d72ad840a94d307f3a94a93fb472eac38a9909c4ccf4da54,8c65d7699db76e8f9413876c33aa9b28f3629c6349345a6d59dd4f53f319932f
images/fire/train_000745_box0_0.jpg,fire,80a6e7b5bf64a92c6bb6ff2e8ea9c51f154980b209aea44543aa9047b02c0bab,c4a5f11beaad82d2d4c1581df4f5db89dca52dc5ed81815d97db3c8a99e90bd8
images/fire/train_000746_box0_0.jpg,fire,25d496ff660c09884aebc8bdb73416c1786c2521bedd4a40c2032ce4e6c6d37a,d45a89809492c1df1a0f61b6ca357af3b2ce699bc09a215b76584ec4254f91a2
images/fire/train_000749_box0_0.jpg,fire,fc5a1244cbbf848bc8ef74b9bffb28b9f336d31043cf64657a0f78e950ade8e2,f56deebd56d565f36619c5f3a2b11908af32b0ca97b0f6b069ccce662c10c06f
images/fire/train_000750_box0_0.jpg,fire,ac70bb93c82cbc3393652ac8224fb6286c56626374acccfdfa6d7244d1b8667e,55bc9fc57128c497e91180d1386b0b2089ffc283ab8f594271abd1764e27471e
images/fire/train_000751_box0_0.jpg,fire,30c4eafc0c46a4d0db24b6886154d97849b7107f9fd6e5c75093da91c3fd6cd3,a6008bf1d82495040986b7dc9870d5fbf25acefdd2b2a9b0d191fd2aeb471802
images/fire/train_000754_box0_0.jpg,fire,7b83a98649c7cd42fdbb57f4903a09392aafb770576ce609625bb3e7fd71e19f,573728fb13a7a5a03b6755f4a79d3e2b20c912d6295b0bd707781b8f3efcf0a1
images/fire/train_000755_box0_0.jpg,fire,b7c6e15ef8951bc06391359eed2ea5c78b9ec472b7554c8f4dd010c853a7d9a8,21724879ededd06b947b89cb85733c10885a8aa6e89e6b5999a16663be3f8be6
images/fire/train_000756_box0_0.jpg,fire,7a8e7c095d30896f7c093cb365d745d5dd37800431f4fea1cf23306568a8d377,921e03bb8597f253dbfa43c70aed7eacd58387484d16bd667fb853144e8ee7fe
images/fire/train_000756_box1_0.jpg,fire,ca489e092804dd92627d5a7fcacb4e1a8b74e87c0c7c70f4ed85ba6a994dc828,e42e8225921f46d6f555d4258493bd5ecbd1843483ad88a8be7c8c7753f55d62
images/fire/train_000762_box0_0.jpg,fire,1ba137168ee2b633239cfbaec423cf8dd7e6d977419cfe2493bc25c67687afbf,aa7f03ae81e6e1f41a85b9137fd61651671f8309d165dcb165c22d50424809f4
images/fire/train_000762_box1_0.jpg,fire,89e129ecd4311cb2f5512f1ad7919d0b7326352ab6872433e1f7decfabb16662,01a54f37b2f090d1b4b813b0e94b5d0064485a483e08c2642b124179999e9418
images/fire/train_000762_box2_0.jpg,fire,94c98bfbf2ee475128cd0c272d6ed20b99e7b5d260b973f5e64b4955889ce2a5,304239f75226391e7edf1212ac3917ca1818123f7ef4c435166a24e534708b89
images/fire/train_000763_box0_0.jpg,fire,650f7782b3a9ac6f39e7aacc7ec1e6551a4d77e84ed8639c083970dfbeb7c3cb,4cf89ad1f45fd8590e8b7d95e8fee26b1d2abf592bd26cddd095c4d9e684f1ca
images/fire/train_000765_box0_0.jpg,fire,37253ee5a01bab29066eae4d36928ca44601133ded5bce077cf20014115e2380,19e68570b3989e6d9306775adc5e87e626ff2432b0b214361b7af022123c3c3e
images/fire/train_000765_box1_0.jpg,fire,a4abdf7c488061677fa4f869d2bb7024e1866452d2f6e85bde421d2fc3bd410f,216e53dfb933ce2921bab730640247b7e90600eec477d78929319c3954bd1911
images/fire/train_000766_box0_0.jpg,fire,3d4b8aa45b0047e1b8684f5492ada8c57e1c52881f4d261d0d58f2f33582fc4c,5cc9b2022c58ddee4a6d036c6554246bf75084deb40b5c4d003a742ec265a2e0
images/fire/train_000766_box1_0.jpg,fire,379a4496a6e3869c3f5e3eb00e52bd0613ae26181f35921eb555a3cb3e62b01f,5b7000d351ad27c311f92efaa7f7c2a8735924ffe79c611abbaf9f6faed6ad5b
images/fire/train_000766_box2_0.jpg,fire,21f832dfcf6b223fe09652b3d95a4c11d1d0a63f685f16d13ea03894964dc7cf,6b2743f7b81e2775ec0d1800a59c36f72e4a1e842e4e6298fb8ccf54fd44f1fa
images/fire/train_000767_box0_0.jpg,fire,d295862a09aad0469ae90effedd2594372d0327d9fb60b7bed6ef473961076fd,c0bc21d24a1569143c5b1679247abac87449057dc467fd0d8f41c84d614b10c8
images/fire/train_000767_box1_0.jpg,fire,e45ade331926b1bddccd8a38bb262a6e804756bd14eb9c92546f0b9986f3a57c,6e758534635d6d2a5c73b687fbb92dd58a295b2353107df5e5b1c36754716174
images/fire/train_000767_box3_0.jpg,fire,21cad675828c093246aa6bfd1f6fb79327ede1da1e09fa9c36080bc1cb9907f3,710bddcafcfad1794ddf2c886a5ddd16aa53fe9d023a35de81c7815b413c155f
images/fire/train_000768_box0_0.jpg,fire,a123d28a8a19b8adf05c147ad51de890b82eb4eb646e19ccab035a96c8e7d299,c88ddbe56f7ad21fb683f51de40ae8ab13861061a2e24890078d34dddf75d900
images/fire/train_000768_box3_0.jpg,fire,ebb33ed7c9141b404ac2b828b09f99631404e084ecc13689085d996880e94247,9679a1444799acde74554c46780782ec9a02eef0390b8a433a25f9c94991f536
images/fire/train_000769_box0_0.jpg,fire,3b0a931b0b0d74afe63f6c85fc605cf4dedfcf338afee2bdd8e71d03fb0f8142,4a1cd7590eceefcfe2818fefd6afb83787ecde5820c0ca629e87ea7a2c9be3ab
images/fire/train_000770_box0_0.jpg,fire,8a82556703a5986974f44df7fc9d2562ffd4a239eb99fb4f1432dad53b7f9cd0,e57527f8702f2c081edb32b4521f9cfba1330b18831b69e30761d81808602ef4
images/fire/train_000771_box0_0.jpg,fire,b3eb4c02ea85d632d01f45bbeb71a099b4b54908f642d9e38a151f3076e2d73a,786cf56511862b573e239f90b97e94c6be594c59552e28c2255735cac0ffada7
images/fire/train_000772_box0_0.jpg,fire,8b0fdd342f03c59e8e5be7ff2333ae6f6a6c2a784c25681950d8a0b701601aea,ad84bc05f20571424085a539433f0db9c1b4a9603ab19248d90c417e2a14cb9c
images/fire/train_000772_box1_0.jpg,fire,919246e5fcc9de356553a56ad503cd0c5c5111c1a9878e88935377d503488e0b,1e3fbbcec2ed6b997b30c1ff91cee2c743220a720186343b75328e0eac4f523a
images/fire/train_000773_box0_0.jpg,fire,7df405bc789eb242f4142c90ca7dfefd7a99ab6195a56e4b9cb2c5b63bb2fded,48bca6c861903d8f599a2634917a5f917dcce871d2d797081ca740bbc3a7793b
images/fire/train_000774_box0_0.jpg,fire,a2c71ec979a6f9871ae30cb62cd965719cdc16f7f12c967586ff114d9be5a129,c41b838b33ad2bffef214bea2b1f7a06d006dc3d636ba0ebd8b857084f0763bf
images/fire/train_000775_box0_0.jpg,fire,85434df01b3efa39d4f678c2068afd09839ee2b32d7d4b2b5fa5828bc33ceed5,b68bb592e57ea6b4042205ef1f396d1fd1b8d26f4c0aa3a7590b7f5118d5a748
images/fire/train_000776_box0_0.jpg,fire,aa63ef3ecd227097a0714dd7378ba0775c9c7087d6879e5be5d2405cd210db77,97f773d5dc0a4f154f4c2d615c97c76c9b2210d81924ea28cf06defd436ac82a
images/fire/train_000778_box0_0.jpg,fire,983cbb9b1e4a753bf2e40cccf7611123eb517b62f1eaaddd7888c082560ae84d,6d2c15081f6268b76a4300f3532fe4c8a4d00436b8bba4f8500a2f61bb4f71dc
images/fire/train_000779_box0_0.jpg,fire,e6dca6a53d485cb14875d16e11e3d4902bdb25b4fc9c6d2443fdc4b8a3e1b1b6,82ff5a98c3169fd89651c15786412170f815fb356b4819ade6d48dc62277c815
images/fire/train_000780_box0_0.jpg,fire,02449b36e1be817436d0a088081a0e26a628fd5fec8c8e36391d1e2fd027bca5,c2bc6cf69914e7cd085f33b27c99c94f6e1642721ff3b89462f359194eb0dea1
images/fire/train_000781_box0_0.jpg,fire,e34afd197ddbb1a8aac6e13a3fd70247aba13257f34c74bbbf91332761b9084b,2994998139be6d7b340c5c53bb98f8b5a740a65c5cffb53d8269235ca2ec3afb
images/fire/train_000782_box0_0.jpg,fire,fb628c2b6ae8d4b532f8a8ac455573119320386bcf4c636a9f9c9e8d9df4a8f2,6f28b7fddf212b8f3a39b64097a9e100078962d6b86ad597ab31901bd5260d41
images/fire/train_000782_box1_0.jpg,fire,a4f8e93700e796518c3177effe2ef2952745a76793cefd86ff863411c85a9ae4,aa66213886c5422980fbfccc9ad87573f43329dbac7976b3b3a75481e2d120f9
images/fire/train_000783_box0_0.jpg,fire,3c03d06b114aab255084786818160e4c86d2e2feab4b1dd2dc02807f34bb02a9,8d9856f9d4bf8a142832eae0efd50d6f0339fe16488da01c15e03cff8fd6314c
images/fire/train_000784_box0_0.jpg,fire,123ec69dac38777c221fcb62400a2ec142d968a3faa41d89f2f21af9933a182e,cf0e8cbc89fc26dc2976f5ecfc1d70ed9378416fbd0b0ae557aa41a943be6a11
images/fire/train_000784_box1_0.jpg,fire,f969edf263461a1d44b1f83a5775a4d25fa7ddd963729b465e59dc1a49edcbc5,fe2e215c5d3e14d8b92f2568966e660a69bc41bbe57dcd0019b9c47a8632ccb9
images/fire/train_000786_box0_0.jpg,fire,f88fe091ee10439366555e683d72a53637b0cc3737f8f29ff0c16615833e8060,b1c5b7608b671c9c04b0525a57b9dca0273d01684ec9e27c8d40c2a60b2aa655
images/fire/train_000787_box0_0.jpg,fire,3087bc95c7c6e60816badd07e1fc16904c1942f56f2421c6972b7d1cc04714cb,2ae7acf0b0c89e801ee8aabb817632065defc55077e14c5cf11700b48e882cfe
images/fire/train_000788_box0_0.jpg,fire,081709792dcd0a016c34823cc7d03ec4cfa0394ddd6042d27af2d17911a666bf,d206b2cef4e3f1e311cd8ed3f9012853e787baecae61f49178cefa796df67bd5
images/fire/train_000788_box1_0.jpg,fire,67ec41c4b1012441cfe388798fd409e2abcfa70c2f3b6ceb585df44e772ccbe6,642f3e8ebf02bbfc732e25e5a4c653036dc04d4dbe5873d548e1443c4264c8db
images/fire/train_000789_box0_0.jpg,fire,628a3c6f0e40ed06f5a82c32a40f838757d56806600481286fcfdd211e99c74a,e42386ef36ac569c0fc92812786cd851997c789bfaebd32d246787c9cd78dd87
images/fire/train_000789_box1_0.jpg,fire,03736c79d81ae6851302569e6d6f6a54df57ef9a6311f11461027d0dbb59ab0c,82436eab1e1dabfe2086346322d13cfca9308c14d250a1c379df3ee3ca55c1dd
images/fire/train_000790_box0_0.jpg,fire,23ec6eacfda95a972b74cea037fcdb499f5ff51b93a93a61aba1567e9ca75322,081cd51a9406621581d9c22cd9bbc78e5712a5a64233c8e1fb7c669282af1ac7
images/fire/train_000790_box1_0.jpg,fire,d1225b71d5a01c1dd54946496171bee19da2a3b5dcca2efe8adac0ddd37a674a,87105fa4f2e0e8deacba75e0ff2474b463fa41ea067751850a77be7be8156ce7
images/fire/train_000792_box0_0.jpg,fire,3c4e61a093eb841e59c6d6225bdeb538cbbe5a48cc0de014a631bdcf192e9fae,ba4ac458d55a2a4a25e158335940badfcfaaaeb3eed28342346dbb7832849048
images/fire/train_000792_box1_0.jpg,fire,3ed5b96d3193be5ae3e913d692e9ac651f12403984537aec873010611831ade1,4fec95ad1f0c69fe5a870e15be3d6079f88b677c584b9b94db0488c7b3dd5365
images/fire/train_000793_box0_0.jpg,fire,f8c6b3244a2e8bb1fe51002aa5c0dd4802e7f7d4bf84ae7e1f6d99819bbfb47e,2aa56320d139580081b4b359b6009589bfc2b69d29cbf796b9601771eb0c1c17
images/fire/train_000794_box0_0.jpg,fire,c71edb9506e46e021e815813dc2918cc82cb298812948ff4660561bc30acef7a,a601c20e0615446372add9b9227e3ee0049ac0bfd3cee984582cdd94329b0839
images/fire/train_000801_box0_0.jpg,fire,27c1d6cd54f1aa17d243c652e2178c497d39697ca4560c0b4ac1a1e3034ef83e,350d34b44715d597de1c08cebda0efc093502922ccf77233c0d3b368d4a359c2
images/fire/train_000802_box0_0.jpg,fire,6633ba51ef6b555a0fe480c96d11f51d3cc6093b30a434bc2a941622c6e4dba6,19133b26c0eab80e4a457deaef5c0ccdc11a10ae9b3138147bbbc895f463aeb6
images/fire/train_000802_box1_0.jpg,fire,c19ec611f99dfc135da3c79218b262fa00d1d996585528799663d4a43e5867e0,d5fc98a6eb5e0c816a3844dbb5bf29c0b4617c8156d17978c6c50f834cb9576f
images/fire/train_000803_box0_0.jpg,fire,702ff4c0ed741029cdd2c4e2b43b2b067afd61c09cf67a7a492becb37b002c2d,6a2435e168e8c800eb68ae7dc88cca44998e525b23a9c1c4d4a5e70efdbf51ae
images/fire/train_000803_box1_0.jpg,fire,f0211aeb4a53500b0c894114d7c9a97c860b8a5bc5275747ea79e51c4ee49a9c,018288a454ed82ecd4a3b4fa72fa017252a54577556bb49c23f8f94ea72f0ba1
images/fire/train_000804_box0_0.jpg,fire,cb20a8bf824963f041b6b301dec3eaf944450b66136e1a4f8cea51032cd7e6df,58bbcb6482865f02bbdb94df78f2699448952e3cfcbaa409d37d1de00def5b11
images/fire/train_000805_box0_0.jpg,fire,4d8a92d71cb3a6064dab7849171d5fc6a20837c905460fd088712efeda6b0731,4316c7f21a7de33c1a1a07e25b9cd91b4a72900ea09ef499a73ad3690e9de106
images/fire/train_000805_box1_0.jpg,fire,abfafe4198575ac127b84de0f91e7965e272e62ccabe59daa1f0e013e16f9901,d472253b8d48f0e28d1ca8cab9c485f344c78d71d434d377070e2fb5770e811b
images/fire/train_000805_box2_0.jpg,fire,873cf27ec3f89c274106661415f2bc5521aa32bd7469d3006d4be6d1e3ebaef0,33a229735c67287c448111fd419660a9b35cb870a1b5096187c6fc5e19ad438c
images/fire/train_000805_box3_0.jpg,fire,f219ba1066726d0d27d5f8a5e0471caa2109f7b341747aa054d8b75e2468c867,6e16ff11d2ea9d1f0db483fd22f8adfc36237acc0dcd16e988b9f202d859e7a2
images/fire/train_000808_box0_0.jpg,fire,ea5f524a832016f41495319aa604dc9d3fe486dabb319c9a61a8c170ae3a37ef,158956caccdf2dbf09356d488c92cc1272ff0606fb858ed732d1c775412de592
images/fire/train_000808_box1_0.jpg,fire,d884f6861cf775a63bf5a86ae7817c7c22834865495b7852abfe713df0c6790d,9d7344df2536dd5de11f08b50d36ebbe785f0dbb4294693f5e02fc5c2ab3181a
images/fire/train_000808_box2_0.jpg,fire,a6e6e0761a24e514a02949926010043f5c345c489535ec1e576644b4c48b3bf1,cc362ab8c26376062415134a8b56cee16e8c8be400e0e1866be6ab316debf751
images/fire/train_000808_box3_0.jpg,fire,99185f132ba51d41c0e336ee91be9972d1bf9b287249f9149b59b2f3b5f8d18e,edb44f7b072d530dddcd89c67d0993f72eecb0d7816fe44cd14b906b83a2dfa3
images/fire/train_000809_box0_0.jpg,fire,e53aa8be62a9cd9a13f717440d2f68195cdaba40b6f38a868740d04c2dda4acb,082926b7d133b1f323c451dea0c98d7f170d521f0ea4689544dc82c0295ca81e
images/fire/train_000810_box0_0.jpg,fire,ba36b0d707a16c77222252e55c8dcfd2a1ddd480f5eed06c0c1182307363d3c2,48ab51011b0b61257023fbe50fd92f96b5e61de7323d4960d5bd9f68bf9ee63f
images/fire/train_000811_box0_0.jpg,fire,8f283e626e32bb6de11c0ee07de033b8a92a67e28c74787d4ef9c4e834a9bb91,54e64d5eb2fedf67c8d62ad7042da5899eb9ba97cc95cc9857c63945dac87562
images/fire/train_000813_box0_0.jpg,fire,000f23ad1a938a46e88ac83df2d7a55b170e482520c7c36da9ade2e5b3fbfb68,2790230693d9c6db547736dd8053d61739b40445cdee477e5b8f99ad91974520
images/fire/train_000816_box0_0.jpg,fire,b4177ca085d264decaf60327b735a3b0371ad16a53e4c16e9289b9d379dd43ce,2640cb723db0ef0afe813b478e270bcf780fb404150d8bc495b3fecdf24a18cd
images/fire/train_000818_box0_0.jpg,fire,f27d0d90de1a82bf7eda28c693af04794793fe572ecde7cd2e37224649b26068,05d00518ec999497a5b06932222966cdbdc12dfadeb9c23bb457c1acdec11dea
images/fire/train_000819_box0_0.jpg,fire,04881698ac2764bdc295bd4bcf0bd060a9d78e746d8ffd9893f60404b33ae845,2b567119636a3a72b487e1707ef6378f3866823c5e8fff4af90474a3c4324902
images/fire/train_000820_box0_0.jpg,fire,3c42b58eaabb39d68a621866c2463fa5bf6322faca9c2624e25eeba146d5070e,d65f091acaf6db7d59d9185dbf7ae60eb2bedd522006dd853382f387447bb302
images/fire/train_000821_box0_0.jpg,fire,e235e31a85cf7dea2822542394fad507240a5d4c81e8d848e10bfbb9489bf342,56ce3c79b3ba75b6dbcbb352f1aa9e235f4961b943e05728b539245d88bac999
images/fire/train_000824_box0_0.jpg,fire,a3e38590ae19599a4f16ee82dd9b801129377d7ef42ec445d9bdd84bb3adfdec,53fbff08c0d81e059f483352919a9a8ffd15418555b1678c78e3acbbc1aeaa3e
images/fire/train_000826_box0_0.jpg,fire,02a0d3fefb8a52c274a8d20749011136f47cee300815f800f39ac522ec1eecdc,b09f3cef66d79bb27c85633fa0bbb0bc7461c8ae1dc02c85bdf5b3eff704b412
images/fire/train_000826_box1_0.jpg,fire,7cdb19dc14228183f11b9732a44a288949819358e9220df5d8c97ec90a7067b6,cbd603f81a2c56e0a06411b87921bff577a065019bc15eecd7ae57393db43ad9
images/fire/train_000829_box0_0.jpg,fire,076401541fecb8ac61c9d4ef85b52fa90501a51fd6287db89da4800b6fda3ac8,5412cb29e2040d424db160ce64fd8643c88306f1ab312d4d5c342e33fd8e0542
images/fire/train_000830_box0_0.jpg,fire,864a05d8ee2531826bf494e3a01917d202f4a7c92b2ec5c5794efcdef2cad24a,6535c810b8900c238d50a4e7e84f50cb2ae23af8497313d83559f90ab0d10239
images/fire/train_000830_box1_0.jpg,fire,19ecb1eb99ba23d27dd5a97645d554ceb308d915446b838c0bd764496a615876,d02187c1e0ef219c4ea64afc3fc00aa9a60f71cae499d181b1ddb7a450276c89
images/fire/train_000831_box0_0.jpg,fire,f28cce3fc2f1e1d6c342610dc114ace69bfbb5c416090b7b995767dd8fb42f9b,3834c1bee0dfe9a445f8f601b16aeba3d97c9e0cc6faa398c564c68007da3ba6
images/fire/train_000834_box0_0.jpg,fire,ac24ab8f61ad94c026eaaaa3ecbc83c6f8134c36f982c0e93eeea9de2184d3dc,5b17aecadc8a986cab81e641a4bd8c45645f149dbd00ae67e179c8f5dd4caa9b
images/fire/train_000835_box0_0.jpg,fire,2cbdeb2f7a0ea017fded44481bab4c97a160c4a0576f917e195a475f18e4fbd0,aa000642c00301dcff80106d89ba4cb0b7d2cac05896d7181e9b294bbcdb5fcb
images/fire/train_000835_box1_0.jpg,fire,ddabbb258d392d2053a80e650e8a82ba2249bce3f0968ebf8cf336a4036bd323,9c18ca10a5581727fa531f20076492ba4da8e7abbde08eb70e70fc1785156441
images/fire/train_000835_box2_0.jpg,fire,5a50180516141feca08b4546ff99e8a8365a4a6f432bd8bc265c98bc653bd69d,00ef26c9f876688c4c59b7a0b23f64b0004b11fde05e95b52e4faf7522107fa8
images/fire/train_000836_box0_0.jpg,fire,08d2b3e29b1779b6726f8a50eaf43a267f4598deb62c58e3c68fc6d2cf3d4f7c,accbb96b75116440fa0074f312a92017b57818cec609fe69ac22e1697d05e118
images/fire/train_000837_box0_0.jpg,fire,1d307ae8c96ce2020dc7c1b250365fdcfef1d0e40849fb56ad3bb76294fab05d,baf48cdc8bc036e948da235d4165a36a95d01441da88c1cc34ebb2daf994d195
images/fire/train_000837_box1_0.jpg,fire,fa8d8aecf4b809ca48782c7d40287fdc446345672d20f21e2825d3eaa1cad7c2,281e34de524bd8fd7185ea04653d77058371a862e91f9f1da84eed93de5eb7a5
images/fire/train_000838_box0_0.jpg,fire,065da26b535c6b51f0a5fdc61c84bee45b4884453c70ce19b2dde0be58c6a370,87ea52946da8b170f948e2c22549aa6fe9a07beb37a64a71d93b4612710c0538
images/fire/train_000839_box0_0.jpg,fire,667f8455e4ab4743e004f2e2f6987cf18ad9c47573c071401911ee24d2b02e33,26c7432b58ef73704557306628775aacce664d1c78d97925382b10111bf481dc
images/fire/train_000839_box1_0.jpg,fire,9a304cad89a08d42d0cb9423de2f67498d9a566a8a83c2514398f7255bf6f2c0,ea0b0e3e29ee8e1434e5c463f7be6e6b27ea63545bc49976dc004589fcd8cca3
images/fire/train_000840_box0_0.jpg,fire,1df7b009e7971fbc30f5b70636bb15e4d4810b4cabee79e73953f55685511530,73afd795b7d900f4611d983e4383303ed15e80dd0ac7594ec75d714bef62c339
images/fire/train_000840_box1_0.jpg,fire,54c8f1efe1f2e6ff51cfc0a4a015598905944ac413d02e090e4b6fb1449fb5b7,0d4e0a065598492a9c761db936507e2ba40f7bd499af99d144d2149bdf717ddb
images/fire/train_000841_box0_0.jpg,fire,6ba02c10bb935df40df38424ae3acb8dcc46802b890ff478e85c38a531aa1ad4,2ec2d610ce2ccae36664c4c83e00ecb9a5b541bbf5a33c2c2ced76b64ce47203
images/fire/train_000842_box0_0.jpg,fire,ad5cdf687c08748c54e6ceeeebadc22c0c8ab646f5404a0b8ea1ef4c3a69858a,e1170cb87ef8dae5410d9c3b44c783349b401f603484d6854c510a268947497d
images/fire/train_000843_box0_0.jpg,fire,410ee8f3fd5b901cbf0f4aa7eef0cc82fa27842cbf331c48f89dfde07054fc04,38f5b16f09503839c9286a3b9f3e2bac8aa78c05d0a4963c5b5affabdffe6214
images/fire/train_000843_box1_0.jpg,fire,1a10d8bfe866384f306d1bf7e6d99b3d8a9bbe5f8b4fab51a62a73cbbc38bf5d,94fb399d061b2974905d6b60d31cfc1b7021eb8bdf23313c1b4dea990d3e5cf2
images/fire/train_000843_box2_0.jpg,fire,4322a2635c5de29b4b896b828bcb1733b603c2ebe2125d81efbd103496720d1d,d66c19f81a76f4ba612f711761c830eb52a5bf55a8a77deccf4609663bc7d54c
images/fire/train_000845_box0_0.jpg,fire,23edae0e5d976eeb2ed16570421fa1c07eda4a23601416c45b3454af4fd66722,1cd85b906112aec786453d5b9ae53ad408debfe7cc83ac120cc9cb88cb5cf0b8
images/fire/train_000846_box0_0.jpg,fire,e98e0355a1da97b13fa986bb267d77662c34e55a1af9368021940966f2ace628,22fb52df586248ea62ee88b499a8165adb9023ec1e3ae7833d56cfa011a049dc
images/fire/train_000846_box1_0.jpg,fire,c9b94e89fb2841fc139d5488fd22e33618e1de16431254b27a91b31c024a2599,df35456f9d27a8ecf04da7b2e4e2e2e7f739fe14a303bb8d66f76763ebc0468d
images/fire/train_000846_box2_0.jpg,fire,36161fdf9740e4a4a3520c192b7b3f7da5d1de29312add7951a04c80e13cffa9,5384eeb27517a498e477fb61fe7ab4d3355cc813275e6a20e9a0619980fbaa5b
images/fire/train_000847_box0_0.jpg,fire,3eb70dc537c95370675b1c638c459b40b9314574a18bcb504ee6cd37429ca8c8,8d28596a0be748913eb85ae69c984593532c430b76224496f9c786fb5358e2d0
images/fire/train_000847_box1_0.jpg,fire,cd9f59d580d00780be6069b283a5f5503e89b333148a986dfc3f69d9fcbc2c60,083d4f5eeb644c074073e3bace1d1f26ba7c18e342ef83f32ced2d3e1a042a35
images/fire/train_000849_box0_0.jpg,fire,3f5260d03c5e8c2c9f154fce4ed465be4e5f76f6b18c0919a3e9a4dc91465448,18f1cacb6ac1d9c69220dd329124c71947b63b8344c23875238511497cf68d80
images/fire/train_000850_box0_0.jpg,fire,45503b309fba588fc315fb065de7b93ae2e7914992d82cb85e12801461460e5c,8749e28325726a0fc58beb62771643e8269cf62a9aec514dc4591e10b8579535
images/fire/train_000851_box0_0.jpg,fire,857d5463ce4dd96a825eec426245dc15856d9e4df32db043c0b018dc12d7731c,2dca3d26d9f8153874bbfac303afb92d643037783fc520dd21c40b67a5c34623
images/fire/train_000851_box1_0.jpg,fire,1d502193663297e0db2404d7372ac200fffd59cb3a9621c504596e39c34625da,cbb1509eac9cc102ee6ff3a02ea05c5f51b7de6284435be51c2abaa1acca6158
images/fire/train_000853_box0_0.jpg,fire,371380d3c3652f7b1540be7864fcf449276a0c03bbec3885d99db244757811f1,2db8d57a2723f4d699bf8f78f28d035a66c1c173bc04b30e8c5c40016c2ecdcb
images/fire/train_000854_box0_0.jpg,fire,7018959d6cc707e046c00d33671828b26c993aac64cda1ceaf9fbd6d66aed52e,8e211d3ba0b20e7c70718cb94885471a6b91823b18b7c5c20661c8286e4820d5
images/fire/train_000854_box1_0.jpg,fire,ec379a8d668d9d6a77a579b3ba14ae7c98330d72c064b073b1846d446e37da15,a7c4ea5a8f93dab696a59952cd05043ecdae5f29b92470ebde8f7024586e06e1
images/fire/train_000855_box0_0.jpg,fire,5537a6fd2c5ad4c0a251790013e9c2f2db7c7450416f3a7ac038f4cc1adef5f1,81db237c9e6f7c791221758a36e9ca76570e5b04e54d98625c9d644a567bd7f1
images/fire/train_000856_box1_0.jpg,fire,5a7f52ff2837a4ea009147ae7d57e9a757148a0b98ccd121c6ca80964101dab5,bbb0eccf02680190c56ce0011aeb5412486a19fb4b62eb2aa1072070a27c3199
images/fire/train_000857_box0_0.jpg,fire,98918ade40b93ffbfce3051e9e511c2faca82ba7b7764cea80c8e3b6942faf96,65f8bb1eb0bfaba5c6301988ab68d4324db5bb31fe274e2a1d9b2ea506e53d2e
images/fire/train_000858_box0_0.jpg,fire,6e4734a33be587b1a4c72e99e6e0f40b5f51213c206494d22ff6b89d6d59abe9,000cf8281b2dc9323a4ead92caf793d0daf36ac3ad48750eac8112557f1c62e8
images/fire/train_000858_box1_0.jpg,fire,102bc6019b2d32edaf01d4a60c2fa89d3bc3a34014142b9cedeecf1f01f248d7,62c181664e20f6720069f9613d03065037a679ac14f887eba5a2c281f4233aa2
images/fire/train_000858_box2_0.jpg,fire,63a5c6b1cac428060907646d15a3ff0897e4837f719462070f4698116f7cdc48,6bd54c76f93cb689a700a40ad5291e3bf29350cc5fb83e4d40dc7cf3aa902852
images/fire/train_000858_box3_0.jpg,fire,2f4b2b51f9c1f047681f3d969937961ba79824647cb618a2dfc0de8e3251a3c5,3d0e31c45a1b9df1c26d68041282c30554cfc13bfef3202cc662dfc943477a0b
images/fire/train_000859_box0_0.jpg,fire,f78f8217b709902d8fcc81f83e90983239cd969181f4f4ab9dbe3015b11d731a,2292ee1d7c72526ea4d769d9ba960eb5b8d0d645a9b7e2cbe3a819713e64316a
images/fire/train_000860_box0_0.jpg,fire,4b458d9406dfbd3040da0e35a2693d4feab580e30ee6d5c24d962de0b62e4775,9d120858e98ce8808c45fe59f28314cdfb4a6b807f3d315293ae1cac3ee8e04f
images/fire/train_000861_box0_0.jpg,fire,90cc07466841410c3b34777bc48dd68d2abbea19f328fd91a240980ca05ec3b0,763602bebf4f4d07931e840fa2ecc8cca2c766d323a1eca51483ac1934092bc7
images/fire/train_000863_box0_0.jpg,fire,86785dc172737d8c8a81d9598b00819a0fcf92613c831dc445560947d7825aad,427d62c43359c4737ea833c6ee5226056f6f953bd58634550532b0cedc455866
images/fire/train_000865_box0_0.jpg,fire,bd26d40c7d1f27564535fff1f1f32d17ff840f20c2187b1372bd12f5c5f56d3d,c79e287ea87d9fdf3acccc3803772b55f4873a5c918e87fa368300f3c69d31fc
images/fire/train_000866_box0_0.jpg,fire,050eee43dac806fa8927b36d3bf77d30efbd01936e88cfc646523a1ba36abf80,2c71fa0c8f925322264791fde0b816236b542597c65b175c1896dce4d3789ddd
images/fire/train_000867_box0_0.jpg,fire,85020a29834b7b09dbb75a4934d405a89977f594784ded24f01c56775d85deb6,df6fed54ee3f635153b7dc6eb29e80624d0e63abc037430ae632d8b95afe6133
images/fire/train_000868_box0_0.jpg,fire,458c5dedc407a71c545fa3ee12c4ea8863e55882348d3f91ef15a4d89356e1ba,a7b7a2f02558068c47e1ade9baee3c9b96c55b86823580f3588070a95201c501
images/fire/train_000868_box1_0.jpg,fire,e0c15560f5c070dd8337a4265bea08ac900428eedd0f1e3ec694df3545c87b71,3d6857d777a91c6e5220a46f2f7eab7fa7befef29c38d4da7fda59da0835fb2b
images/fire/train_000869_box0_0.jpg,fire,defc265957925c7948b3b2eb2aff17c361e19c49c43a3ded9433c35faee8d248,720d258ec7ac6ca7d5b78479780077fda747a390440a146b682209151ec37a8a
images/fire/train_000870_box0_0.jpg,fire,5cc0b38c6eefa476ecc024dffef5fae0a0c4d18287f99aa10643115be5260b4c,0c50846aa43cba940e1124a466639b54716328d8782f2d046dd55d876e14bb40
images/fire/train_000872_box0_0.jpg,fire,35baf4b93ffc7bcee320a8c284295cba1658151f185e68dab7364bb7ff0b6ec3,d60603572b92d3a5ff9459aef3b8d536fd46c6ee6f6beb717dd308763f29ebb9
images/fire/train_000874_box0_0.jpg,fire,e48834e0a988df535a0368bb587724c28902345d0ab2b37be5cc1905f2ea2323,40310e48c2a57afcf66cbcee190730e14808710733e025054ea72cb3e98d9f10
images/fire/train_000876_box0_0.jpg,fire,a1db9c0ce87609a0f87f27f21ff711e5f4a08dc2660bd09c0804565a7a0f64d4,6eb25ab66fa1aa76dfff12f9f93d1bac7d90ea026f940b50dfca978150b592d2
images/fire/train_000877_box0_0.jpg,fire,80f3e840d2bf1e2041d1536c476ac7b6a9fd3a34f676fe8660b7ae8be3a02a58,88639904589b8e371fd9460aeb6ccb6cba3a9173cd5105bd1f24696842136e3a
images/fire/train_000879_box1_0.jpg,fire,71fa7d71fc4e56b27273172d45325abf53228a11c10f6ad4a1afe6cc60e95bd1,c2bec887917613084daea3aefa1d0e1bd1ea5d0ceb32af624fc907e5947e0efd
images/fire/train_000881_box0_0.jpg,fire,fc30c8491e74c1780b1a7aaba4419a6786c50b67715f834ab179df0ddaeec7a9,4fea2d09114a634016061c8f1ce51d1512a5ec11d5d90c4cf517fe3933eae3ad
images/fire/train_000881_box1_0.jpg,fire,29826ef9d619e81a9ca85b871ac91606162dcc63a7d5ef0fc2ab1ad77fa82c3b,a0965d0b30c9d5a691e61e023fede1421091331217950964f39db9440a41bebf
images/fire/train_000881_box2_0.jpg,fire,d42c7990f4681340053f8e853d4f2d32a7f19cb002ab479540385142093f49e3,b8048ab2e5baf4a3f7901b6a9dddcf89b91fcb5f8a2cccb4e8d3e8033984bc97
images/fire/train_000882_box0_0.jpg,fire,e84d7fe2344c1786b78077841ba161f1705fef9812b565c7c685e983656b0d1d,a2df413c1cac51a1e59a1a49dae719785825741a66193612d14011221f90395a
images/fire/train_000883_box0_0.jpg,fire,7f33acdd0977411a275253bf82013ce60b084bb4d097b94393108f0090ccb984,13ff72976f6ebdfc99eace2b54345588035cfd8d2ab1468d2e48f27d5a91b825
images/fire/train_000884_box0_0.jpg,fire,e67154c54563fa545fcd3c47f7b0c09a2c24312e84984eb7fb3a4826313e387f,915a39eb6114b58ea8b98a291e6401d081c130ca081af062ab232bd144c3f4fa
images/fire/train_000884_box1_0.jpg,fire,8ed79d6682fca64a2ca7d1c44c2859f2849e3f94a3ba77427db92baf3386ac87,678cb70bb01b6732ad83ab1e4751496d1772d458b0137f46ae19bf097d105bd1
images/fire/train_000884_box2_0.jpg,fire,18b18db6423b82b1ec03106826778f582a6134f31d6bffe8298c5812ec2d114f,5e94f31e9fae07435b55f4826f2cc2b7e4de66c1c14182e038cef908f611cd90
images/fire/train_000884_box3_0.jpg,fire,b3f2272e9d5272382fdf94a9fc0216ae67309ece3523850ed9be5fee06396e42,0c00ae1e7f5ec628dde5160c3967b8000da0d5c4a495dc28360f9d2c968c6afa
images/fire/train_000885_box0_0.jpg,fire,a2b82e1f696b0ebaf89a910a81eb23dc93c83abf95f2620070dbe06f4219db6f,2e3135b582a61f24509423e2220c4bfdf3ccbc65b1f2da514841f303ec0b8aad
images/fire/train_000886_box0_0.jpg,fire,be59cf14a05af299696f1b19be151c9e5e7ace7970807f06473ff54f3abead9e,ce21b6e43ba4698c50b05b7a270c40d1e0e35841b877199cdac50cf3dbf4fe7c
images/fire/train_000887_box0_0.jpg,fire,157cfad698b74334d3af1cfedb6c43dbd325b2b1431e429bb456023d26ce53a4,e773ecc74bc6bfce9c774850adc6e7f069e25acc592f75327742708344f1d620
images/fire/train_000887_box1_0.jpg,fire,e3243728c4ccb108f748f853e36da1028c1dedc2c05e51ad94755fce385e86fe,775e601922430e9a005965569010985df4ad041a5f1de8c1aac57d3438f93ec4
images/fire/train_000887_box2_0.jpg,fire,90387d2cc96ecec9f512d91499eb9f7a62a1768f1f5f924a7ebdaeb60784fecc,93d1062408fdfd19049be8604385f010293a078299d368912bf7794169d30d9c
images/fire/train_000887_box3_0.jpg,fire,1e3d570c82d14cec74f195b60306f92c1bc60758988847434224f641add43efc,6e6f7899673a00c2c6954f80f4bf140d9380a52e3f88ddfe4229314ddd048fe0
images/fire/train_000889_box0_0.jpg,fire,6bee03eef3dc047d688cd0ad3ed1d5dfced94ee13f523ad4affa1a8a4dc1ff14,fa8a93cb4960cffa14104b771e40346564302f0209bf1f6b46be08674313ed4d
images/fire/train_000890_box0_0.jpg,fire,dff5bf4860069302b1a6ce3be7960b98aeac6dcc3786e01b8380946ec2935be9,a94b49ddff67b0915029953fdc17e1ee490eeafe7144d2f577990fa51ef65412
images/fire/train_000893_box0_0.jpg,fire,adfa58f8cfbc83c4a13ad1529663698d415247ca2ca2eecffca6fcfae71ddcfe,98bdd4aabe715da2af36cf8e398981c7e929ca83dc5cee63c0a72636efb8b62c
images/fire/train_000894_box0_0.jpg,fire,83a41abbf52363c3b95652464b660926a6cd63da62af4bd1eaeb07178d547f2e,3cacce775bbaa4e0ea65f27b20455907828ed448330406a12d632881e5aa65ba
images/fire/train_000895_box0_0.jpg,fire,6506cbb80c73ed5e8e479cf4b324febc7fd1a162c4f51f45e8613b8a090fa758,b546bd0c3e84ff4a169c711c622a3a1b102550200266b9d453f2cc85a4b36e06
images/fire/train_000895_box1_0.jpg,fire,be59379abd8f265fdbf7ff08860d52084f8fe823a34bddd87b4a70223d49b432,c9f7c1ad0f41bbfc57fbd744bd9169100bd116a4bf3442505eb599c86eea6cb0
images/fire/train_000895_box2_0.jpg,fire,6c67d5cd79ed2651f55e084328c4ee73e83ae921516d411b6bface81f62bb7b0,3d3e30364f7335803d72197bf7918b393ba3ef85d2dd00110867b3cb493aa070
images/fire/train_000895_box3_0.jpg,fire,9a30ae9d684f853ff04aa6bd772974117f8ca8bf78bffa6f0c6547ca6b1b5c00,a9f393cf51bf9df54050f0abc75ce6db25857edb05e6c3160a5cfd1c17a826d3
images/fire/train_000895_box4_0.jpg,fire,cbf00a92b5db779f9f636ab6d7b5228edeb259343f1923a426935d544b401ef7,df367c09350b2fae384e098c4dda60300170b94cfdd60fad8c06b15f10ee7760
images/fire/train_000895_box5_0.jpg,fire,9f8bbb567111eebb097ff6adf1aff054e2d3a227ae657cacc5eec27facc836a2,c7da1168ae8d9f60b84177342efb91a03a541599361e4139defd5e80570e68b0
images/fire/train_000895_box6_0.jpg,fire,e48f4ddebce17a4a8f7f1460277db5a0aeaae7e837be1283026296db002610ef,41626098a4562d5d173ac88a1d7830caffbc4187165db2c50c483d4d75246853
images/fire/train_000895_box7_0.jpg,fire,a0a76115a6beb437a869bfa8613cddf376cb4830f664157a0d7c9bf4f3857794,bac5cbf293e73e167cb659c3a3764bbd952d0d034bcd463108622fc6ca1ef87e
images/fire/train_000896_box0_0.jpg,fire,09eb10d39c75a122fb0f5f2b0e27f718940b6f2fbc45558c70515036e884996f,97f14ee78dc1fce204d340d2ca0799994079251879806a82d688c9c2bdaf92ef
images/fire/train_000897_box0_0.jpg,fire,18afd804705b2813fe0e3219208a0cef88fcb54b650d69c9782ad502769ee693,06fb454363cd78d65b3db4477ed2169e5f76b6666e5c075993083275dc424187
images/fire/train_000898_box0_0.jpg,fire,f7e88723119d0f820bdea438a79388848e18fa48388f6b802a501b748dc08123,77648a47875d4a9c825247ce8609c07114323a32b0dc1154a9c8421295ab8273
images/fire/train_000899_box0_0.jpg,fire,e7879d0113887380851683689d87e6e0159d964c0b57e6e8c881306072ed11d8,e672a16abe09fdc8ed349c691d15837edcc225c442153b2be03cbc57c26978e4
images/fire/train_000900_box0_0.jpg,fire,f797e1a170666f714141c1d75145ec7d24130fca37cddd07acfa55320616657e,c157b85893ae8917ce8a00a4de252ec1053ccf7263261099f14edd565dcd7a4e
images/fire/train_000901_box0_0.jpg,fire,a3932313ddf7a95dd69556772bb54f03bb8c5a11249e0718af2d417c94b3e961,36c0421f1110e9c956b0cdc92177f854f41fa09d21b9b9097baf96be12e8dcaf
images/fire/train_000903_box0_0.jpg,fire,d3fd89e6f94450ef9621acbc6af7b5ca07051f34563d70ffcfdc80c8e2cccfe8,bdec0eee7ce11b973273f9e408d3020382766e24557cfaa319617008e8eab078
images/fire/train_000903_box1_0.jpg,fire,789b4e18b16b454a3501c301c984c78e3c24b20e376dc18288f0345563f0e390,b5f510e861057b73c263fc3cb564fb82e14bbc629fdcdba387b7d0558428877b
images/fire/train_000904_box0_0.jpg,fire,4eed46ee3fdf5e9986c6da169539cf78073ed4f8ec7e8364b4dc529916fe23eb,ef64b6a581a3c5cad9d99153e7104d9ab697aebd619378f861178c21d8299c1b
images/fire/train_000905_box0_0.jpg,fire,a11bc0d2e3405eb01618164bdb642824cb5b76a12b8db4cc65c2a1461df8e2e8,aaf52efb361e0a03ff9681d14ddb6bc055153d0b993a6f7a861c1c873d476c7c
images/fire/train_000906_box0_0.jpg,fire,1588723d1f42adddd905ed26ae08dec2b74147b38c00cdf5643a4a70d89c9d33,84d860d2a96709c8b715f001be052a6fde984bdb23afcb9b42fedfe17b29b4a3
images/fire/train_000906_box1_0.jpg,fire,299dd7be8cda6c01246b9d9db4d1b0d60f52a5eda70110cf056f43f7fb2ee11b,ed7dd4d21650ea394a6140243e5c821b07fdd48941f6fb7a854e975dd0708d5a
images/fire/train_000907_box0_0.jpg,fire,845685ce037a935798fd956733813b0bfa3f0c5f5807feca69df6caabfa0534c,dab4b17c6df8480060e336f4251af39831fbf2896ada2c269b821c9850f479fe
images/fire/train_000908_box0_0.jpg,fire,8b8ce633de2c25333e0572a8f42cda30627fa84cefa5970de356cd97d75fd58a,be1bef442db92e2be57f6013ca3b9a0a7988fde65a6086b7395fd4f72773fdd4
images/fire/train_000909_box0_0.jpg,fire,10ae90e0d3cc0b724d53580115c7295c06a728b37e6cd8c5966f23749706d99c,f60a3be8138b8ce1c89ce108bf01b5174eb3fef802a1f5faa91f372037227b1d
images/fire/train_000910_box0_0.jpg,fire,06575dceaf7e3a71095360391ff27ee4062c4e7d2918438749ca7dcc28c1de19,4e5d8677743e50d83ddedc48a4c2b83ab9e5ba2aaf02488c7590f811fbf5cffd
images/fire/train_000912_box0_0.jpg,fire,8990b45b59721659e0fd83156f3afa6946ac85b5a5fb56d61887fb4d7293e254,f8823d0d3d7e7d94af655b6b0b549b71c6e0085008317fac968fad849cc03974
images/fire/train_000913_box0_0.jpg,fire,67c37993f2df83217c8b9327ec2ca2861d03418a4ba707c00a5377f81a1c9a3a,4d97e16cc75d3e8e6cf268150e465d36ba79ca0a292c96378348623a60ca2079
images/fire/train_000915_box0_0.jpg,fire,cb67566b34aa9496d2dc8054bacdadd212e569e6ce85abb5be1f51bcc9f6998b,f5dd0cb9de896c4fbe85e3b9d77137435a8da76f4c06b92f7151d4c5dbfd7adb
images/fire/train_000916_box0_0.jpg,fire,53ba9c3d3861cca41eb520b8f075db3837fd3ff60bdd9bc7d1fd5bb4539fda88,39bf5ddefc539f8cf755b4e0e7d9347cc3e3bac618b4c783b652c2f40cdd2e12
images/fire/train_000917_box0_0.jpg,fire,c15333e769c769cfc6df6ba0e8e0d61e77d0a0c77bdb641d3c82de4f7c71715b,d11f49c66f351d7e693c218d28357ac41648e6050f9d0e42fe339209a92086b8
images/fire/train_000917_box1_0.jpg,fire,3d8502ed7e1b719f61a349a24b0ecd2aa56919f936791270c0c1b734f4da54d3,69e0692b728d9bf6ca0d2d217e646874854b4a999e8637b9d4a858c9f88ec917
images/fire/train_000919_box0_0.jpg,fire,dcf3ec8d6c646aad9a616cce4389ef2a571e451de1d4ba22cefebed31965bd1d,ec734f996fe757892cf55799db1608d0d148c17818dac442ae8ac690e95f5903
images/fire/train_000919_box1_0.jpg,fire,6707c7cd8655080a35134699820f293185b5d8544261fea625a3e9ee484c13b6,7b454db3c8a5d4bba9c0ef8c9f9575fe089f770cf11b91f165a7f9c9cc6163b6
images/fire/train_000919_box2_0.jpg,fire,367ecf9c75ecf9cb3be5bc467c97260642062645c464f5f29955bdf7ffaa23e3,893d49261836af931744160d4e441531539d5ff58ba61dd0610ae950c897859d
images/fire/train_000919_box3_0.jpg,fire,4d2d4c50f0f1d7cd89b2b6c10d02b8c27b26df9233e3f7e7d658c3b6af0a23b7,66512a9cc6cce22ddb06caacf28caf9c1efd3a869e52e39660de6f09e1416f4f
images/fire/train_000920_box0_0.jpg,fire,184e0c838386891e62d0047a59b281fa303dc831504290e816ab9721454e3fc4,92d4468d3d10a7130e14d1d6d5b543d2b7e1bb0a1cb9506a3810a844a6e3bcc7
images/fire/train_000921_box0_0.jpg,fire,c765709778eecb5aa81b3ad6d4c781d3e32f6bccfcae9e37636da9767a6b1f60,6c5c408653166af61e99e26f097007dadad7fc2b6c9400275c59a73941d6cd96
images/fire/train_000926_box0_0.jpg,fire,4ac595bce86cce56de85d160be20fd92361d46f67fa4cfb1f04620b55175dfd1,139de9dc8ca9380b1e8db56994e4a717f843dce45458232761ed34a7955bdad0
images/fire/train_000926_box1_0.jpg,fire,c3bc101cbcbfb3aeb8dc40d97e8551b03eeb494d69247d5042786600bb887627,5cf3c511f9e1db789cddc1b99f9cbf6191bc5c13ddace7d9f00cd9118e26d8e5
images/fire/train_000926_box2_0.jpg,fire,b562a315e61a959f582d55c6296b59ab4e98d852bd92187a0281aab3bedd01b9,419f0bd04a23057b2654df376c34a28c5584a4c9fd84da8091752c6dada2c6b8
images/fire/train_000927_box0_0.jpg,fire,08a4118e3ac397b008ef172eb9ee33d5a2464989d2320277228488f0f1a2ad6c,f45db81cbac2b73cdec91bf9312d9da02d4949b53012136a4ea57c2afac55c2b
images/fire/train_000928_box0_0.jpg,fire,676b76f231ce2b3388aec3f24a863b95989c89aa7a2a7ac1d31a2aa72724f896,ef2a166f665828ba3de01ffce411e2a3717e0700bcab3c83547b073ff88f04b7
images/fire/train_000929_box0_0.jpg,fire,73a6a517af5128e1ef5cf0ce701f07aabc853fa3caa4f78999cf69afc38ebdff,21e0bc3e32de555d472ebfa5762dd47a9f8c8036599706351a59bc5fbf1dac51
images/fire/train_000929_box1_0.jpg,fire,7cf76c0e0866283fd105e97ddd190eed3d8b745cc5902ce17a03a38e74fe2e82,2a0611a52c9ee6bf266ca44565f1ce0ad3fa63de0135ba8d5ed2b7a40bf5377b
images/fire/train_000931_box0_0.jpg,fire,28b68412a619c71e7880c9422393314d777e2f9bc9a593657ac7650b2e835303,570792398d2d0984a6e986f3dcf0a29dca98b8a39d2458ecc646fbf6d620d60d
images/fire/train_000931_box1_0.jpg,fire,353cf0d6d49e1253c48bda14a537739f45e0c4153b6fe8f30fa0e391adec9ec7,a09975dd51dd77dc9b07327a8378946b79743bb1c23433a63a4142daf06caa44
images/fire/train_000932_box0_0.jpg,fire,2f82a99153bd99ae9b63dbf9d6238c57746e0937bbc2127cc4415f9311fb4bb1,e510557e7536a11df78a366ab3c4aa18188dabd1abce8d200f33f7b414443e01
images/fire/train_000933_box0_0.jpg,fire,e4a021f66ebbe99f03bc0ea2965de6054012f0b9d6481fe39399a3b5c7fe3613,a60d2ee67fc9b1ad69a0ca450b4acd45af28c515694d89c49aaa4a30a2495134
images/fire/train_000934_box0_0.jpg,fire,d5febf9a1358ff623f0b561a62725599c2a8fd6c19d454c783efb782ed1c51ec,73bad19fc53208152a33ced2eeca98c4e1a2142ed51570b016275fbca002508e
images/fire/train_000936_box0_0.jpg,fire,f2f38fcac89bb5189c7aa25f06dbd9c5eee5ded2800f6a07a7d06243cb014cbf,25261700adec2b19797f98a007e0a74c2082b593de5e6185ab3085d785cb46ee
images/fire/train_000937_box0_0.jpg,fire,13ac88c98277ad9e4458ec2e418bc0d6b7bc9f9592b0b7eb2f8823f6534330d2,e1a52e623cc419dc7b68895f4944fef8919a26a1a067a79cce73bfe04cef90b0
images/fire/train_000937_box1_0.jpg,fire,ce59f45bacd0151a7552426de4278c23bb69d5caabd55403e716f14d6e3091c6,ee8f5d5663cb88b5567845cf3929a26b3fe3292d13531588cb0be745e6cd3009
images/fire/train_000937_box2_0.jpg,fire,ef41378b5b49f6deaf14bc4635ca3a5988b0323140c2aa13f3ae3ac39fa88984,fafe7ef156dd74f66d5a5b895e04359db101c360e8726aece002d04a054ece76
images/fire/train_000937_box3_0.jpg,fire,2216197f0df094a4147f0fd4ecd2211022dcca963399ddd7bd46b03511697bbb,a55182700bbe6543c46401281778fe26bdd6854e08d0ade15e79be169e610c18
images/fire/train_000938_box0_0.jpg,fire,37c8f21449bb951fa60b083207009e274fe6b3de73640eb7f5052f10202802d6,1e781e0780f0894644d134ddd449331b487cc75bc85f3e950ab1afdd65658000
images/fire/train_000940_box0_0.jpg,fire,f67af029c2c259a86dd00d9a0a15a72e8318b2fc3fedaa98ac2b366fd5959d87,90bb27f69cb05a202a86a63bd5f19fedba089be29ccea8eb92faaf3035a32d79
images/fire/train_000941_box0_0.jpg,fire,925fde76ac7a475a675c3244b3170e23da33801ea5fcd8111578d965fcea82d1,1064bf5456d5622205e952b6d74ad23dd8fddd885c840b311a23a517a5e0c3ef
images/fire/train_000942_box0_0.jpg,fire,572e034053032b47548ed3507d2a46f623f752de44c2667d43faeb476dcbb4f4,dd313bb0b09f1cd6ae1238a9a0be63e0d3991992a59ad9f9ec5252911bcb9931
images/fire/train_000942_box1_0.jpg,fire,88aa799bc63aaa94e221008e134bcee53e8074f461475386e4db355a51fac27c,f89f7cc0e3fc304a422ae6bff8b795317c94be3a28b2976cd7f2a8ae0ac6b414
images/fire/train_000943_box0_0.jpg,fire,523a9566641478c1258a225cc3481e51583ccaec77c3ab8b080d037afb8eac7e,9587e53e0b1476825e7fb23a4bdb4b3de82aa7782094d1be60bad7540c2ed1be
images/fire/train_000945_box0_0.jpg,fire,2f5e12411ee9490d2d6113a7f8ec51e200c13c39ec670ce2e8ff45f3b174c2b0,a176cae99b463e6e995c51ebb407563a763c619a4c19a8991798f0fe23392b69
images/fire/train_000945_box1_0.jpg,fire,9480a17b1162767c51eab583ebd36f6b94286a9dc7ce13e60508ce3b48ca1991,6b04ec94b4a6e5669604c9a708e53d5031755a7f79ed0a3f6555d774cf4e0c27
images/fire/train_000946_box0_0.jpg,fire,62cacb789b369e0e5ed774b545fd17d95c3d1337b201278dc8cc520d6e15b36e,44facac815e2811f267401d193f72b6ba53d5d23f809f101a239ed7ee15333d6
images/fire/train_000947_box0_0.jpg,fire,adfd8645541b2e3dca9b4af63042671c764665bdbb5e0b3af560ce6a3936f139,85ff8f1f85f46f3905a48c0a6c33cb191399d03a453d32dedefc996230a62391
images/fire/train_000948_box0_0.jpg,fire,6012e2d97d2d8f478ef9431dc186768ca89a3c539b645fdb52da65b0c83206d4,467ce8557b717a46200c5e03395bb192624582b0bb108449f5c5ccbcdb6ab643
images/fire/train_000948_box1_0.jpg,fire,dc65ffda14ec7cf0605142f23518f17b5f4b895ac58137769f288cfbeb9890d5,8360a79ab0cc55ce0b6e856fe0ef36b40dbc57aacc6e7743ee77a0dc67256550
images/fire/train_000949_box0_0.jpg,fire,3695e8609716b639bf20a57c89c38e40e2a4f593457231724ec7319095420a00,71b5f397a5de7deb747f4921d231d45dada483cb1f0f210c7c0d2d0ff71962aa
images/fire/train_000951_box0_0.jpg,fire,247469848b8cf370dcd75303e9dfa28176cdd0ae5fb0b97d8b4e5cecdd107eea,48986754c0eae97f834d7cbeb46353d4e14871721ebf2cb0d25cd55c4449d014
images/fire/train_000952_box0_0.jpg,fire,b2e93c5e0cdf39ec2dbf3eb9795cb2013a32e7f83a9244df8da2bcb19fad799d,2e72033e35557ca7c3671a58cf9440b8e341833e1813cdc9f450ae316e200c0c
images/fire/train_000952_box1_0.jpg,fire,94f6c5e5b3cdd59beed4616fec39b9308affdc00a693b261a2ea8ca04a9b7edf,b104ecf26ccdf3990feb933868fb673cba3a0a83f7df9579f788342f74f1563e
images/fire/train_000952_box2_0.jpg,fire,348af67953c44fc92eb8ca7210b0a087436175fa585ad5e45a1eeab8a1487b83,1293a99c396e1938562e7c54ba84c0dfc36a7c5d9fddf8d3cbfb638d177b9d60
images/fire/train_000953_box0_0.jpg,fire,9e66f222dcdd5e77a5b0d947fa39819679ff6290ec1a8d61a6210a1194fa1aad,79d9786591d1f31fff3eaa1be201988b821da0c20732eb854f3b150af7517330
images/fire/train_000953_box1_0.jpg,fire,e1acab739839e9fadf1f985f263de37f6518af8c5b6a72794f13b4c31d3a908c,781d22e96203b49b23023d2f7fe33137321bc20ab0f15b09d6c4705b32677e78
images/fire/train_000954_box0_0.jpg,fire,c6a197376bd61920bf654e5d9e6121bbd9fb765fdb0cad7ef11f39942aba7118,6ef413ebf3ad52caf04ec01e4c19ae5c3f143fd83393a01e6f069157d7f98741
images/fire/train_000954_box1_0.jpg,fire,7895073043cfd9f7deb0978848d4cbc8c9f4742b61e5698ba5d1e188182ed23e,8fa18c17b2c6f17548ba24371f6b8cbc5fc52b72b01fd786a588c425d1b20be5
images/fire/train_000955_box0_0.jpg,fire,e907a6034778b0935b65c66b99a0151bd4d823cd013fed14522fe1b23f923ceb,7236ac0c4d7743058a5c4cb84d53d603e67726838fa8ed1923e52e53b9bdd34e
images/fire/train_000956_box0_0.jpg,fire,e58e29c68e4fa055f862db793436eac66efe6fd36c63b3bbbeb73cbb0fb52855,c328cdf78e1d9bcb31fa44c4632cfc587b36996383730d35067193905b03b2ee
images/fire/train_000956_box1_0.jpg,fire,3b16630de4f8900c03bc3fd6f18ed529079b8f1c38e14aef964b715abe00c7ca,27762526a99a6f79eec74f523597e279a0f02b04e19ddbd4b0356c8251ba74d8
images/fire/train_000956_box2_0.jpg,fire,3cff431582d6d3b6e6156383247ec751a0add30a04a4eb60a9b869c0553d9e80,43a58e8d0b3895bdadd3ba4c406f86379b5398b42a78cea6330eeea476af968a
images/fire/train_000957_box0_0.jpg,fire,5ae217bd669c5052b8e0e3c2edf0ac16c75cd8b67f629613830d6bff53f7bf1f,18ec816991db92d0a1cb0479da158b188dc902bbb14c6b72423680ee8255f8bb
images/fire/train_000958_box1_0.jpg,fire,0cce928635c868513c3a65f9375b0560c1292e651d8746e3b9c69e892ce7c323,a4db0dd1c6a4b15088d6eb994cb43f8d8953d01ab2546d22bc0797dab94602b2
images/fire/train_000959_box0_0.jpg,fire,f0bf1c87ff0340d6845a28d425c3fb6d3f9231c5bf535acb779f5a3f6c37f297,ca3287b346044764e665123e20ad6472c6bd3554ffa4ddae8300105a3714508b
images/fire/train_000960_box0_0.jpg,fire,b93394c1232f34f275a5189d8970be5b90d489b0f3403158f839b3a2ad7f2409,37a9fe9521c53b367edd21eba0a6aaf73b34ff9d9c6a0baed9079b0b36c9e6f7
images/fire/train_000960_box1_0.jpg,fire,978cc2a87d07ea3003ed61bb8bbd3b83e7016018569a1d5715c28f8a1e8b0e47,bc9298751672d78294af13be8fdad34f8e1e5291dfebb2a2d7eaea15645ac5d3
images/fire/train_000961_box0_0.jpg,fire,12c7bfcdd863f40ffdbdd13a0cc5c85f922900e44b3590f8be59d6e051a9a7e4,ee9c181f6c8ff4404a2851e1d0e744280034387233fcaa621adaddfeb6d124ee
images/fire/train_000961_box1_0.jpg,fire,08715d8a92333211fb56c5dbdcfee0d0e71382b8992ade5ef60cdc58056b295f,b3b746cc66ef74bff5ed5714af71b43ce038a8e409d733152c4d1d9a6d4c7c2a
images/fire/train_000961_box2_0.jpg,fire,5ea6f03fe56f1f393f30145b727880dedcd2d7ad8a7da992fa8dd99d53232e0a,85bbb9b837a7444916c1503a990eeacbffa45d5dbb1d60dee687d53cfec3435b
images/fire/train_000961_box3_0.jpg,fire,c6b16096483665841a90ce760a46e88751e59461b0f89e81e29b39969987019a,3f93b16fcabf6bcffa21987b790aad97448a5fa3efee7086084265cb3096f0a1
images/fire/train_000962_box0_0.jpg,fire,821be0e78b3b5ae6930766e3f0fd53616d1a43cf1e645d58e442086af740dc96,ea578c33e15e5be9e4f439b75118d1dad862f2501ff8764229df4d3b53d56e66
images/fire/train_000962_box10_0.jpg,fire,8e15299e83140594e56484382b23ffe8c4869bbb3a330a9eebb311412b988397,dd8342c4334a4acf73971b4c7efd2a194dcd34895ee0781b4cd217d3f0ce06e5
images/fire/train_000962_box1_0.jpg,fire,288a60dbe9834f49d08c94c9fd30cc58fea01d177f6ce8f0210e90c127516b97,3d74a9e1e6dc95c9b6fa199876403f5427985f89095dd2907b86079082a27f5c
images/fire/train_000962_box2_0.jpg,fire,ae7eea37b2a9eb8d5371e9725dada161996b415b1b16b78c530238c0177b5950,cf5ff35cfafe19f75a11256690497232c847eaacc1f4e867cf2dd18a9c20a2ba
images/fire/train_000962_box3_0.jpg,fire,94c9a2b24812f629cdcf6dee200e1eb551f58e557acf303c584fdb89d13624cb,167d5c58d37135024751d0697507f5f5029aa295d1db1577e1fab161de0ac335
images/fire/train_000962_box4_0.jpg,fire,0a1c4f2a8b320331d7ff7e888d40923c469eea242455cecdcc6a289ffdeb3bc2,ab6921c0ed1f770d5bdae0cd236cdbc73e2b054d08e68429f63da121cd78ab1c
images/fire/train_000962_box5_0.jpg,fire,ee536048307675bfd3f6eda53de23baf46dd68f601a248c718d7d025f3edbc4f,0d18e08152c21e4db70ce62c7c4bb9864cd581a66763998a5e499eeae548ca24
images/fire/train_000962_box6_0.jpg,fire,a0282ed4065dfd8e57014d81af9f86217602f8e9a2b5dcad84fddd5dcecfee86,6e5dbd9afd31f2c561dac09958ae202379ce9329835a93f9ccf5020a095d6952
images/fire/train_000962_box7_0.jpg,fire,235650f4503a71be83784cec97493389b7075684b7ad9fc6ba4773d7b28ca115,4cccc9e3f33491b5bc0520f9541a4d52f06af45fdf44e5da31f91982c26f088f
images/fire/train_000962_box8_0.jpg,fire,0295e307f7f8c23f87193e253a5eed1a1a6bd77c6da416dd79f1a84e39d26769,063cbb6e9d006189c98d332814bc76edf54835d82de3080055dee46efafc04fb
images/fire/train_000962_box9_0.jpg,fire,0bc36667200ae19104eb7e18717a8ffb18213f8224f2062f4b48b47aeeffcf32,012163d272804d55a81d54aa46bebc0118d0fa47cec37544ff8aab715bc1a1f6
images/fire/train_000964_box0_0.jpg,fire,7d318b82499fe43ed671f28557bfee8fb53aab6a3f804b2687e03c7761645b4d,c12a6474e02d3d76cfa7994a79bf6ad13d742b975bc9554fac3a64761f859151
images/fire/train_000966_box0_0.jpg,fire,300d8ea3a20946576608a313ede4ec0a501fbf9e59a1e3dfa67238d8a3018d3c,6ffdae8d78eefbba362ce41b2f91d4baa585dcdf10ed225aa6a267abb0424370
images/fire/train_000967_box0_0.jpg,fire,4ee29314fb3e06205d80aea75faa75a061ba2172ebb382684cbba6176399a78f,052976cb05c892c3ab67f3216b77bb7a84c48a1800d8a33e30b6b05b7e9da172
images/fire/train_000967_box1_0.jpg,fire,33e12d129326959f35647aad629f243848b32b298d8502cfe30dbfd94d7bfe38,d465ca65ffd7283ba11ae5eea8bc3ec084feeb5a8b7f42f108d5a30009a7fca8
images/fire/train_000967_box2_0.jpg,fire,f285a793eebf4d0ac221d720cd61e1c988ceddfa35ec7750a577df225573f920,c5082e6b4dd8f963c0ec4cff8396b2c925b2d94884ef4ab11108c7ebfe13d8a4
images/fire/train_000969_box0_0.jpg,fire,73b8772095341d614f9be7da976ac7e8f3e259d42d07226220bb87e162d47baf,e4a41487f200834ba6cde82d4ecbfd71f6203d83abf21cfda425a442a9be57fe
images/fire/train_000971_box0_0.jpg,fire,6ef27ce7374994275f85204c29a1e1cda643e74722af972931b6afbc5c7b7599,832eafbf4bd79f48a20c2ef4e146b0d95865658ba27268f0368a7957ead2d5ec
images/fire/train_000972_box0_0.jpg,fire,3ed8e620902b223a56b649b43c1f1c0e8429f7d5f2db3450da600a454cbcb4a7,a310e3de5f9220a71bdcab57614952e66a4e26e75d7e098bb86c6491e00e058f
images/fire/train_000972_box1_0.jpg,fire,0a14d0b09ff0b01db2fc577df26c7f010c11fc580e656d24613febb7a42373a5,3dc8d442c4e968772fa351d5632cf82243a88db726d5c36e6026128e3c553198
images/fire/train_000972_box2_0.jpg,fire,42b38ad419b88c21a4aa9f0304e6e5b678f43e9c7f7a20bcbf0651278d9e8b0f,97ebc476ccdd50c32a96ba18d6ceb601ef76dbdf661f8fa2a2d2dcfe2c58d851
images/fire/train_000975_box0_0.jpg,fire,d5c61ea41d487d8430c0081101b365edad91c9e6942bfa74130e36d6468a863c,2873e55180399c60da51c1755a13c1dc0c42f376950eb0d6d1b1bf1a3d4aceef
images/fire/train_000978_box0_0.jpg,fire,97857cb8356711981374bf9026a4221b64cd1aec9266a7ff0f0eea3fc02ae0f7,429c2a7414f052f947ee3b7eab761598a0a76148c641e9d83e4b81631282d68f
images/fire/train_000978_box1_0.jpg,fire,078107b0e56f0b00acc82d997f7aaf3cf74d6448334f0a6c5c85fe2128e3ea9e,e371ee04775f35b400585370af7b9546a5d4fe243c2d2c6a67685aa33d7804e0
images/fire/train_000983_box0_0.jpg,fire,5aacdce806a2de1c0393345400e76e158df138d50fa91aaeeff65ea0db9a2539,4a495745f83ee3b0e974f80885942aa8238624651a8a4805362b2e9f2ffb79b0
images/fire/train_000984_box0_0.jpg,fire,e4932daad9c7cbaca03561a8f00e1c81d2f9704cf5bff30b875aed04ee479bf7,14d8fb9fb797af856c1e54ab1ae11175c41c55edbc5ac54d6e39a9b59869e493
images/fire/train_000984_box1_0.jpg,fire,cd7ce37e0c3b400589dc58890a23a10bff0d83b74b43e9af797180ea07d4f927,14b5e27e863b44da10ee24c548b3aa2e651055f4d7345f04c67a64974ed510ed
images/fire/train_000985_box0_0.jpg,fire,86d986895e5eeb75d72101ef0a239432feabc3b32296f70e5c87b14a9c599bd8,74271df123ce9e126fa9f5b97f81f6cfba5df520081eee87d694bf2b02bbc56c
images/fire/train_000987_box0_0.jpg,fire,8ee7fe7f1d921cf88b25a557a67d75a1c46701eb6e8dda937db0ff6be6e8c7b6,13920edd75e7423c0cd48dfb0fa80082dfffb2029f7b59a0f90d897dd6dcef9c
images/fire/train_000988_box0_0.jpg,fire,dd3944605dd071a48b1286b6ef694206fbe6bcf6f1da3b21fcb6f251c7e32405,6ced8145264f8832f910ce6c04f4bbf4a911823a70674aa9a66524094e46be19
images/fire/train_000989_box0_0.jpg,fire,e3fa64c09da55b56ef44af6a92498acd364ffbc94e9eb317b375545f6c9a7d3e,1b2d7293834d6ac09c12f1f94aef20ae08a1d361b265b7293e6df2098778fb17
images/fire/train_000990_box0_0.jpg,fire,7819039b1960150a4796e9c909516b3c6d42a23aa3e82d4e47e9391ed08f68c6,5202a50838cd9f7a5fbc1d19416f8ef65e69333cdae6161c874dcadfc98e3832
images/fire/train_000990_box1_0.jpg,fire,0c83aa88c2d48c266e2eacb370d79389c33fbb7cadc7926cf421655172d9447b,f388e43ab7a3e36ea6c6aec3cc8f8c79a8cd5166d72d4c345d7c46198b07ce2a
images/fire/train_000991_box0_0.jpg,fire,f485c62eebe843125b30976926d0969f30a8f0b2684ff36c626dc261525164b9,a1d9c8b34b0c72f49e9a1a826d625869f712bf08f990a4838af6035f36edf415
images/fire/train_000992_box0_0.jpg,fire,6dc09fad48d92f3ef38a698b2a391c04f481ffd269cfaafcbd5aaaecb61cb472,c83d0f6a14c040ac9b6b096fac8fff2592ca3608f7c060012af2440bde488338
images/fire/train_000993_box0_0.jpg,fire,bac9a9fab9a756c95844ebaaeb0173234a029a75e1d1724597e1b454cc4ab2b3,142fc6a9430e4381249c862bbe3940a19113afdf5f6fa06c4fbea502c30c15e6
images/fire/train_000994_box0_0.jpg,fire,6fe5b3de8622edb423514f45736d14db173077a9d359d01719cfebdfaa952761,5b9046fdc4c9de4d77cc9ff292873913b33bc5e5024781e17ea275bac15875e3
images/fire/train_000995_box0_0.jpg,fire,8f89f1c3e5bb033f314c277392eb0f1da0a1803455716075a3277380163c4e07,d6cf97108f951ff3fed7179200ee1baf3fc049ca9c03c368ea7103ae828d8fe9
images/fire/train_000995_box1_0.jpg,fire,50db1e7da7d8bfa6f21dfb5ce104491db4540c7d8095a539f6c6a7b72785ed37,cdb6b0f40449a4ce1525ec676388dba0d79ce7378027eb38ea381a496955bffd
images/fire/train_000996_box0_0.jpg,fire,b724510443db2a63f800b29194e43f69eb34b7cc707ff4b4d82bb8ef15e634ec,6e06b7172a36e6564ce5266bef589cc13fc72dec52357515b4349fee5fd57ba6
images/fire/train_000997_box0_0.jpg,fire,1722bec7b077261df710306e7290c69920b160616bb6a3ad93e9a803c7bfc552,d62e362b97437de2d9887426c8037f77eb8b01fd3b142a6279fc499bef6aa5ef
images/fire/train_000998_box0_0.jpg,fire,50701bb1c8cc65ca54b78ec9bf8a841053c0917cd01fbf8b4eb140b936f71913,4433a0e38bbff5c7da44a8448c71b84d48153365835509b880f29d64a0661482
images/fire/train_000999_box0_0.jpg,fire,3b6c3ba24d10720c9773bd6cdd66f0bcf120bb039cc5030b9d3dc71cdd7f2e51,2c6f4cfa42f42306c75f980efcfb31ca818371a115038163f19116c98c82c51f
images/fire/train_001000_box0_0.jpg,fire,4be4f2f0360b9170cf3a6aa8f8d626e9c544f604a0996bfd742bc0b20778291e,b8a1b69280b85236eef8dd5c86f105eb9a160cbc3baff6a0160a375b3da14742
images/fire/train_001001_box0_0.jpg,fire,84d7a20a8b7e126edc4a1840f97b0b4b6668570c49b695b4d52e5cf6eb6b4189,5c5530ea45cf3faa9bac510255a3d37d00c56dc64051080a2973ddedaa20e498
images/fire/train_001003_box0_0.jpg,fire,0186716e7a353784ceff4ad517dbed0f127bf38f5ea0f86d90d266baf07917f2,5548870895c19f8a3e709a097753386684f5adf3440d048d2f0561ca7dc4d165
images/fire/train_001004_box0_0.jpg,fire,d00f8317146e651d26170a56143da393b6c6b46a30b07b6c23c5a14140f8d95a,704b4b6953c7e30687ab5b49efbc6657f4ac0cdad39b019af2fbf96431812752
images/fire/train_001004_box1_0.jpg,fire,07977b476e81327eed8d8117a64a9ceea9563af45ea9fa9e38038c30162b1c77,b43d54f086a8f63e7b9878056afc19da91706c43f63119d35fa2d9a8986227db
images/fire/train_001004_box2_0.jpg,fire,cc04c1aedb971a6b332038b626815a362310b44558ea15027030106ff1851e0d,c4b79c4fb7d62407f503b00e31bd3aa04147bf6a9e134327ffc35c43011142b9
images/fire/train_001005_box0_0.jpg,fire,659652c339c2e22c0fc9821f4a7769c13aac22071f429c62be50e33163b0fb2e,84d80e1ba9cf359eab6706a7b034622b4ef8e67b058066a18edc0772f8886c4d
images/fire/train_001006_box0_0.jpg,fire,db90fd7b24c7f8e64014c21c7126b44d362c142e30682edbdc2ebfaf79114bec,b6ed1b0705da78cedb3b07580e4aeb173d07a344e6c1acc8e98631bf34f1fd58
images/fire/train_001008_box0_0.jpg,fire,41b9e80a8f9115ec093f996595672903aa37b54ed2d19aa22a8ea69c50203061,3ffde5043bec897fc7245ff2188b3deaa1c0c317161ec8b769ec3bd4a5c30b26
images/fire/train_001009_box0_0.jpg,fire,5489a7bb08d2b398dc9bd3743f64578e0754300328db44db94fc7ac908a86fce,ba2a22ec2393615764fdca86a443ddcaa35d526b885dbc878d1fbd518bfc295f
images/fire/train_001010_box0_0.jpg,fire,a675c6b6f03d533366a89fb193d195e74e6d730997f0c8a7d447c4b596bee2b3,8974af5fd629df67705d1501f3a2af29ea6c86840c3bb7926426f33a93b5880b
images/fire/train_001011_box0_0.jpg,fire,2efbe8e34b7917748b1f1b35909c124a6c266c407ce7bef74e0bad2740728f62,6a9214492ee0da01e15ba7fdeb6414e5d251d82e8e8cf2104c8860b5fb38667b
images/fire/train_001012_box0_0.jpg,fire,d81a878c5b5ee530427481c7e80cc05055f7bcc3e34cc463baaf8985935b3f42,1733143e7dec0e466847ef06ba2bad0d63d991fa09480eabafda311ee8ca4630
images/fire/train_001012_box1_0.jpg,fire,f3f527c3fa46c4daaffcbc15bc178816f4a7d3bd55666b128ef6a7baec8c093b,a8fa3a3bc0ca1b08fe8b87f3cbbfb3ce550df19462068961e0f38047e783e680
images/fire/train_001013_box0_0.jpg,fire,18b0aade68a20ed3ea6ea64f3baa92dee8e2b06614ab29e4dbbc123cf590a9d6,230fe45c55fb3ec3b2e567551be0083ae5997a4f42d5f53ddd2904eeaa9a1f26
images/fire/train_001015_box0_0.jpg,fire,b37ce94dc3e184ad7fc157d4277621558aa7f3e3eb658dbf2e32bb0347fde2fb,872c6cabf22ba1322febac82b37dd881cf6fb4fd17264feea494c7413563c2a5
images/fire/train_001016_box0_0.jpg,fire,7a1a8db43f5032f6edb7a042b6e80228278afa1e52ed1a96d5d3be2cf3910067,380b17c2ba9b43ed536dfd2f63f78565b4664c758ca3362a21a1f0f0fc14d0d5
images/fire/train_001017_box0_0.jpg,fire,f40c0d0d6892e0cbefd5a1805397723d60582a139a21919caa3df61aa1c77658,be155c9d2d5cc26e9039592ed3de3aa4ec2b2b3ba429a1ab88534e461ab3bc36
images/fire/train_001018_box0_0.jpg,fire,a33627366a6d8b30c8b8bd2995a23baab5e56e782edf5f8734d60aa0570af49e,29ce70730d962da1fc5360bdc10a4094a68dfbe6ef06765c0e35b4e3ddc8f725
images/fire/train_001019_box0_0.jpg,fire,b2a018a727de099e605a5fcd1506b989c5f720cf9d08a8e501862580ec02f920,04ee1e4b75efd9d7e9761b75e658406e563fdbe79b36d15147c9ff810a5af795
images/fire/train_001019_box1_0.jpg,fire,1bd8bc68db1efea305c69987f0a701f6bb884b9dad2ab6380bef910428f99025,d862888d5cc8e63fbfa59c681ef51cafa87c96a41f82b6e42aa81e28d3fe28f4
images/fire/train_001019_box2_0.jpg,fire,88198e322931485e1932a5d84cbf9a9897fb1a41641edf3fb4569d43e0a672a9,b6eb8e0cedb4c0526c521080226773f106ce4ba0387dd6701a2912ca84deb038
images/fire/train_001020_box0_0.jpg,fire,4a128be47e703a239c5f6f4e732f555195dae195f347b7e92b3a7667d8edeac6,367c0530c9cf4f30c54b7c2d543cfc18412e88d1c8c41c0a364ba5166d8fb06c
images/fire/train_001020_box1_0.jpg,fire,db8a58259df0fabc5ffde8142014dbff509ecbb6f0fdf845023dcb8d55355be2,ba09fb771559dff0d8df926145fc362900a261a6543a4bdb7f1a7000af8aeec8
images/fire/train_001020_box2_0.jpg,fire,ebab0784bb8450171e2ff1654be7d8491e24a5b507d8cce75b8d108d6e3a5281,e466e8bb4596f1615530f17964cc09ce30866e40c1eeef41988850bf81277017
images/fire/train_001022_box0_0.jpg,fire,f2036b22066a4aeb5b5bc43e34387fcbf9b9b070bef13b11c25510308bd53bcc,3fc129c1f5033c50bec36b9f05718104d388226b1d7c089e4b904d268898d43c
images/fire/train_001022_box1_0.jpg,fire,3430e3781692c340c9871d6e911cc85fd2b2a496830778c8d634cf7b3c398447,287e2a6c23270a26df873c8513d9eee5faa5716924c613bb9d38617bef40466b
images/fire/train_001023_box0_0.jpg,fire,aee240b52c5c643846d96be686ee6b94c544c3df8c460c61e5d334cabff2dae8,604e0448d3c11e13edcdf8bb722fbf182f4af215ca0d7540025ef5eb8c3a5317
images/fire/train_001024_box0_0.jpg,fire,258282e024642a417b3376c82a54ea319f23755d1bac42d9e8e4634d5bc40e1f,2e94845468039d37cc34b3b67bfa4a4e927c4fa2da56945c35bdfaaa9badb426
images/fire/train_001025_box1_0.jpg,fire,5e209646e0ff184e1a86258b8ea2d6cbf396e0b015f8a56bb2a13cb6af00dc14,3c02a835f8b0fe30cf013f7d047e52352689945c05e11cea05dcc612e589db67
images/fire/train_001025_box2_0.jpg,fire,f7b5e4ebaf253218406ae69825c4508248398b85fa6223a928a3cf4e7901f1aa,02e3f38d3e2056e8b1ead2e0c77f139c0fa363e0ba2c23379aab5b923252ca2d
images/fire/train_001025_box4_0.jpg,fire,7312510ea5f6fb72782609f715e6906bbf8735d52c5c48c429f35ccf8a4ca65f,84a783809ab8cff6e7b81a43153349474079274c563c01f46e65742a4d2f27c8
images/fire/train_001025_box5_0.jpg,fire,13f5c05102171322318c1f74d40ff3b6d1b4664a8481668bac0083ffd25fb3aa,239486bc44c614d0d33433648b4d2c8b9feb794d062b1cc9e6a4507d0cee2b80
images/fire/train_001026_box0_0.jpg,fire,21ef8c58f71d3944e349a9b25cf0e807661723e85e03c88909fefa894fc94f4b,e556fa7b23781e50cf5b8d20a51d9e046db1ca306e68b953fde862ee47106105
images/fire/train_001026_box1_0.jpg,fire,f83262be8d9c2ea860a84f0d05014b3271dac1ad1e58eb667ab330b3a0a8b7f2,2a3dd3670c646d80463ea2acada66ca643c637c9c3339789040bd2d76664d187
images/fire/train_001027_box0_0.jpg,fire,1b517b91c782a2f4dfd6e0ca9d9eb67c5768255a147106f21f31db2723b3102f,1bb0962b695a1af6aecb242d1eee54678a3155e7a8a64d869607af8265bb48b6
images/fire/train_001029_box0_0.jpg,fire,4e27eb18ff6a1ea3996db712af1841967c04d25256f6281b2d5a6d70c6df9ee2,e7603ae5b0eb9cafb7cb4483c0b4dd723829787e4a4e1e899217026b070dc22a
images/fire/train_001031_box0_0.jpg,fire,15caf0345c05fa5021c6d60f48cac9d1963dc349427cff09ddfeb07d321f1d89,6f8e336d0c1f5d0be2d5278d59d18174d73e3ad1d07e304e962d6a6814b617eb
images/fire/train_001031_box1_0.jpg,fire,ad924ea484d0af69138329c6d70ef2fcf543b388bdee0e231bda3befe9d7b7f8,ccf01135239ddc49cde4b54c01691284469b2a673acb3f9eab1cf6aa86a8981f
images/fire/train_001033_box0_0.jpg,fire,6b721b6a8d0463c1f07c6c0c75cb2a31fc3041ed554df7fc8177dac532c2f084,7eb681e83ad7a039e33c2f62446540bac8613bbf79f199e2af10b3b4fcf5d456
images/fire/train_001033_box1_0.jpg,fire,61e93896579048fb18d52b513e11e60e205b26413c7642434563d9f2837169f7,4139a93e11fa8dd88d4268baa3dff8b1554339c7bdd5c0997515b29c4d02281c
images/fire/train_001033_box2_0.jpg,fire,5022feb565a6fc65c5a2a36e1141f6699d63d9f22e259d5f23d454022f46fa7e,be45b19abedd006a5fb03db8e2610b194125fd306cb80369295546e2a96dc80d
images/fire/train_001033_box3_0.jpg,fire,2321c7d395e62a3624ed85ac93468381f40f88fc4bcd56023776ce2f096b9f05,000895d4ca11a7ede0bd5e7223ebc9c3ae79780f0170bbad4b3f0f4f43a25b2c
images/fire/train_001034_box0_0.jpg,fire,eb6e249b482ff391c689913f55632ac5636b613cceb012c492c8ce06699d2362,66325ca8f0c7c167d750ce665f6b0937f29e92736c441118a0d9481e1412dc91
images/fire/train_001039_box0_0.jpg,fire,345aacfc0e0392c13bc562767d4516baf5a53969f76153473027c82039e4c470,78a9c9256832af34c76fc11181a6694f40e37fa9642d21b4520e16ee173353da
images/fire/train_001040_box0_0.jpg,fire,80ecb741408aa8ef3c3501befd6f3475b02795ce663323e82d91d8c10ddf6626,9aba3a09b527ed96501f5a3ba19e33f481fb2fef41903f7b5aed149572543167
images/fire/train_001041_box0_0.jpg,fire,42cdc5390cc1392d4a8472301ca461d05b3854ab268aad3089f80464701bb356,360a3b99e4d9d85aa7a9cc4939c140923d01ee159737d5fe1c10919428efb59f
images/fire/train_001043_box0_0.jpg,fire,5503a7cdfc89d2957dd8e2e23860ac2091eeb40ed9bab1912bd0c05bbbaf4ee7,12fbfcd38460aa51b4c60001f5b945d5c0e2190935e54ff9afafcd8f8fc6caac
images/fire/train_001044_box0_0.jpg,fire,634b56125c04d19be6a0f59fb8fcc72abe95cc81c6dbed6e0e027ae378a7fd96,0d5ded49039e8acc7d2f83630242735acd8edc3aa428a44c226739d573e1993d
images/fire/train_001045_box0_0.jpg,fire,e3b72948bb8273284db9a23ff10c97de2445ac429da93bcd0b589eae8d05ea1c,4383f95178ff9dfc86eeb33957c0a4eb4d85ca13f2dee14dffe395c30f0ad240
images/fire/train_001046_box0_0.jpg,fire,3168219b9c0b0da5a2567025796277e95ce9ac1c6be5c2146f2c5526dab10822,c12c90f7cc6a173be35aa984488af3093b5daaa60b3c0cf17c806ae8d152457a
images/fire/train_001049_box0_0.jpg,fire,d4dabae54ce509d735cd801b24dbdab32ad67f38c4387d8a77fb88bfc33f1df4,e1c60dae4ffcfd7c6661efc59076ffecb43e29a23c1380a0fd1c8456d1fc3ebf
images/fire/train_001049_box1_0.jpg,fire,999dc60d8b67eb25f32feda05eaffaba760f615cfb2938fb7a3aae91ee00e7a9,5eb817a019c3dbf3321f7813c331856be59ff01ddc6b35cb6909cce9fa264fa2
images/fire/train_001049_box3_0.jpg,fire,681d3263420ef793e2044d79e9228001d7adfffd5bd12e8a41c7a97d5505f2b2,f70bb218aabdd7b281c271ce78cfc184b08e8de442d1d09484b316c525dbd974
images/fire/train_001050_box0_0.jpg,fire,c5d42e7f0deaf3fc639b6490bf6c98d2a4960357381cbe604963ce08b252c79e,f28d758e7187d1bed77134714a0d243c80769a6a578b5d5cffa8879deaca8faf
images/fire/train_001051_box0_0.jpg,fire,14d8ea2d84b7ecea62721a26021e4601ab8d303afd0470364bacbafab65faae2,abd78f21ed824d887e42b8cda88cdc818e4a0b17535bedaa2479f91d03dfbbe8
images/fire/train_001052_box0_0.jpg,fire,09d7493b473f5d3c2bc13c40f830f935bfa66fc5fa024a2c0bb00a1142e9ff98,b829085c29886df1ddca5c6cbb132dc53a2f13505d01e2489ee79302966ac95c
images/fire/train_001053_box0_0.jpg,fire,767376edaf33875760b91e388f97274c09fe123ef63cd5314b5fa7574c2cf642,001229df57bd71b4b5bef4a9b8aedc3d3031cba94745753d8785ff162dc2b8eb
images/fire/train_001054_box0_0.jpg,fire,6ba7ac245148d3c618d5a8ccd56a7544446f4ca4ed216dc9beeebaf9c55bfc9d,3fc2394e83f3ab43671082a3ebd3c42f4f0f3e69fb568cd4b838fd1a8ce5a340
images/fire/train_001055_box0_0.jpg,fire,9ce3d60f9d55858a8e7a299f92c034a53a441e6059b142d61849a276b44a9ee2,4e7926cbd87c1ee88d85bb28867487e6e65a1f5478ccc0a969914d33f255f11f
images/fire/train_001056_box0_0.jpg,fire,42775c805cdcfe2b05d2da8ca0572872d0c39bc187b6715bc7f9ac44f7e4f827,5c83616ae2c97d708ab1dcc97beb7c6b2f8da9ef79a76c551968fb23591be75a
images/fire/train_001061_box0_0.jpg,fire,780162309e3741b8e3fe474f65cc1de8fffa8aff4c5bd871a0c5fb6f99f83103,d4c0b8cd7f7e91044ef94d9216a9dc672e5cbbf93be950481ab9435687114ccf
images/fire/train_001064_box0_0.jpg,fire,0b1a875774a50b1433dd1d5255d30ba652b6f7b448c6048d30bffaab1b7eecd5,e6975ea9dc11c01ecf2a4d625a96e9a08b0d689c600a4b46245a2d0c2fd5363a
images/fire/train_001065_box0_0.jpg,fire,8f3c0f9c7e2d4504aec4bf6f9f9fd31c7534a645779c1943379470d2c5cde44e,fc87c6272b871a24d1b9be375497bf234e0ec642662b9b5422e29e1d2e5ac756
images/fire/train_001066_box0_0.jpg,fire,19f5acef6f94c2a492c4771533b3c6ece8e8f4b67b0eb3dd020bed508c19f504,0544ff962a8b1ba923ef050bf464b563413b570f63453ed64d00370f17156e44
images/fire/train_001067_box0_0.jpg,fire,25627d22e79274dd5bb82e2622ae3e7b8f0cb4afb5573ad2c4060e7f30780add,76f6d71c93256c3b9faae8ad6b5aa0c478b6bf25636f5515881f24bb20363d64
images/fire/train_001068_box0_0.jpg,fire,715db56360dddf3f91226aa22b7d234ef24269e92fc76555f4505ec4b5681715,5759b9acf3d7a56acbec5064fc19b041fec6b477b93bdfe7ef6f17f957c466e6
images/fire/train_001069_box0_0.jpg,fire,14081aabc18c7abc6a8cd9c932c490c1f2c54d09edf8d9a2096b0de1f2ccdacc,62aee1b50dbaad277a43857be2a5b4184033c7501e4cd775dd835b593ee96164
images/fire/train_001069_box1_0.jpg,fire,08066605feb157d5d0ed7c7d51ccacd2b5bd0559b36daed058536eb072a5e02e,039156c723f7c1b0cfa8e8ac83320fa62ed8c1bdd838c6e83b6b0c3deff8a61f
images/fire/train_001069_box2_0.jpg,fire,1f796cb7f8de1415769c13234562ff7ff9de5b2fab3dbc07f2b58c5977fdc3be,fa4bb367e02cc384994d65b317367d591112175212ae49320f62ab26f03234f5
images/fire/train_001070_box0_0.jpg,fire,97aeadfaef0378138d473034d76d6deea4e315b6016169694744458f47f0b508,2f97eb2a98d873f53589bd36bd8def33000fe42aee8da7aa9c935e13a6431674
images/fire/train_001070_box1_0.jpg,fire,bb72834821974271b964a1bfa1d92c77cd4e3a5cfbef8bab5ceddd0cbfecf029,7095d775c2b171bb9f1ea67ba7dea6dea8d788a17d215f772f3047e5c7c03c06
images/fire/train_001074_box0_0.jpg,fire,0103d5d2d244c299ae1c39a5d33fafa8d2b94f5633255bc601fdd19a4aa0f0fa,065a24311c5e7733f2e299d4d950358395f2ed9e4f6f77ba5e82d81f5a5f3b79
images/fire/train_001075_box0_0.jpg,fire,d758dd1c0bbb0e5d149f9efc3b462d882b328b5c889e46a59b466034b5de7711,516c0386d5593e66f71c4419f939e0ec71a4d473e70278037136857642a14fcf
images/fire/train_001076_box0_0.jpg,fire,49ad1413584f14c7fd4105c47328c8d3c3f0a20a49f7f5bb2b4dc45bc8719134,66dea685ec32304ffeb0ae41643c162cf67bae7b006c1d4d9bd92a018d3065ba
images/fire/train_001077_box0_0.jpg,fire,0d99931935a8a08cf8a0024c8b9412d3a6dd2dbeb7faa8c41a574581b588cc99,0f6735019664a30676d6eb7acf9d3e576d9acce268c926b254a5ec83d388fae9
images/fire/train_001078_box0_0.jpg,fire,6787b2f300dacee9d91765025459e51d3d0ebeb95fe78bbf11e35f2b2a790ef3,4b18187dbe47140688631b0fd962cc739bfb46a03f2161a7f29471db21b208da
images/fire/train_001078_box1_0.jpg,fire,7a8b6a1c5948ba386f7d612533524369edcb0ed3ad98e7a125c038748c2ca5f9,b0cb4c333e2ad769daa64b98e6c264b9d1f6ff8b973629bc11e1b3839c1b8bba
images/fire/train_001079_box0_0.jpg,fire,428091d7ddfb6fbf7c1b05fca43dc3fab67b5045e5c5edc6a96fc7207c398cf0,edc203ccd9715610a7433fdbff8ca49ecb027b83ba44b4de36ad987680933c79
images/fire/train_001079_box1_0.jpg,fire,eeebd11bc8885d13f847f8bc76b8dd44f6da2e33b5c22a5827a5960ec7abba14,291dd54165e09e55f6391699368614c637f40698eea90f149e0c4838fe0e4823
images/fire/train_001080_box0_0.jpg,fire,b2dbfed4d269fedaf2d888da2648e8ac0dac1802a69a1b4ff09ff3be8982347c,c4008eef1d1d5ec6d65fc13771c430e4f29962391ce2e6510ab0260b9dc7b9b9
images/fire/train_001081_box0_0.jpg,fire,9de82722d9d72a0d13938987d447f59badf87d1df67940ad23252a710d92c7b7,5e279654a5c88d2dea9f76e84f1b61985957ca70dd7bbe31df950a3f6821af3d
images/fire/train_001082_box0_0.jpg,fire,2243ac04961936af330f87cae1e148f426e3a98eda36483f16a727adbb879799,263565145cf541429cae4aa3f659fb532e1f1261ec09f474e6aeef05266d74de
images/fire/train_001084_box0_0.jpg,fire,f0cb7a18177cff0058b57cab8de9fc4a4cd530fb174912360bef064e3dc6e436,39ba475321e1bdfd5983f64cfc048e96222ecb7fb1d5014b3422d64aa3991be5
images/fire/train_001085_box0_0.jpg,fire,5113fe32919a9ef512103594a3f3b6aa6f568cc9dc4ea6d0fcdf9d6fcd92f65e,2011d9de7cb0eb33c60ff3e7f5758b16ac26cb0ccf36981abc91a77505d2326e
images/fire/train_001087_box0_0.jpg,fire,6dbc055d757a836c4d31e77b3aad90f7da715e8f0971cfb0537ca504ce871d98,abd34cb07a9c5658cb15c46765848d41cc695a640476a15f085dd65f0f5e1984
images/fire/train_001090_box0_0.jpg,fire,f8e0405edc415db4f7b3de6b5e59e545fe68f06445de48b06669c5acac7327f2,bb73b7a6b380721f83ba6f419a00826820e5ff1a6905c15cc8dc9c9ae66419a3
images/fire/train_001090_box1_0.jpg,fire,b5b4c3ad471e2ae2f17c501e8dbb5661749cdbed607f5aaf2bb9e84641517e11,046a78b8fac18697206e090b83db7010cb7bca09002dba18e8e4bcdf5b4a6df1
images/fire/train_001090_box2_0.jpg,fire,6aeade1c3effa8cfee06958ead6973dbf3c3375fa4aec1d4b4949a4fe5061886,ffcc2c0e16c6a407eee14c31705287866d9c0f7170548ec5f95b7dc51609ab4a
images/fire/train_001090_box3_0.jpg,fire,2c71bbb82bdcc8f14a35064227763136406c352b4d7dea9dd03a08a9a9a19a2c,f88606e245153346017415814a7e39037f7edd07daa78cf6facce7cbbedd4f2c
images/fire/train_001092_box0_0.jpg,fire,818d97c4ea41996d7a2f29c2f7cba6f38fa0015a024bdd5014baaf5b2e31aeda,7963792165fd7adefbb161a68ae5847cea3c59ff42176b596c496e525d1da0e2
images/fire/train_001093_box0_0.jpg,fire,7b1ccbc636cf29260bab22800d442dfba7ab6816794054861f7513ec5c2d8fba,bb2c4e536075eae105a474f5de067c171c95c0ed31c868e814fbb29008fcf68d
images/fire/train_001094_box0_0.jpg,fire,d4d3bed1540ef4899b046eb4f9f12f11449d970d596fb592a72307e902588139,14a65d8f8fddbe26aa511a1fe523785f8a084f3ebb1fd9b310fecedc6e46ece2
images/fire/train_001095_box0_0.jpg,fire,f662736444ec3892ca035932d6495f6d6be98d3f2b9a5def7f828db377feb0af,69369725fcf20b6c0283393e9882b4421bc69ace0f6dea7e8e52fc8975d8a545
images/fire/train_001095_box1_0.jpg,fire,ca0016ffdcf6972dae1ad1677b68526ea4d5a86a64c2233bc67cef1ac1647548,919ba8e63f778255f727ac45c869bae55602cfe7c2ea8836536652488a1e534b
images/fire/train_001096_box0_0.jpg,fire,90efb4e9bc3c46b8e3f9169fe88c955ded8b5e01e4c8045c5ab1284cccaba758,f510680df8a56359df246f4496435c7d40bfc2d238458a8a07f2839ff6b331e6
images/fire/train_001097_box0_0.jpg,fire,a8f33ee6a9eb957b0db8ed07407247c98e52438ee8d5ca2b09bd1fbe9969ac40,2c109e552cd86b6d5aa5d4afb9d0f3dc80ad61fb9660bda02bd29c0f8a1cf5d0
images/fire/train_001098_box0_0.jpg,fire,a4e4e2fa886aaac994d5265111e1f4c253f30d1cc5ad8f5a87a8ef2437ac8fea,aa6f29812307e7f327e3d32b84f4e432d01323ce134dfd2dd76f140568795b6b
images/fire/train_001099_box0_0.jpg,fire,3b0b72409930e2e0c032c7088b82e2f0b70a4908b5674932b537dd1efb5c6797,e40cdd8815aa2b02cfc21931536391b143f50cc44a72e9e2497707b0ee86e9ea
images/fire/train_001099_box1_0.jpg,fire,d9d2d438f37d9e0f72ea7c6b650fd27486c84879cdaac12a3834bfea1d5eab31,2864189209294e7d8e0c08dbdf8cc2079dfdac14f4c7133d472644595f50ff8d
images/fire/train_001099_box2_0.jpg,fire,8615dadd760225abf647d2c0a00738c10052248465be5182b0781d10ee2d2d06,21a77337698004bcbac8ec430389eb3db8a10897066091bdb77726f3a9bbe8c7
images/fire/train_001100_box0_0.jpg,fire,7b91f6ea77585fa6c1672556c082b71e87c9811fc428dce1d0fdf8808552fc40,b98b1cdb709d18eb48dee369a1b2b8140d566965d95955bd26f590dc6da3443a
images/fire/train_001102_box0_0.jpg,fire,a69ee373efad935ffd337d344d3ad429ea582816176b56b3fd8a363978e5a236,7523cd44fd52f7bff7df82d0c5cfb1f9c673cf6a83fb4e0d097e3f63bd1008dd
images/fire/train_001102_box1_0.jpg,fire,efe9e121c0bfaeb315180f118a69957d0592c2a2e8d9725d81fd589f2052ec5f,cd372a1b69ee80d0e10fbed6caceaa40501ef49e8918bdf100fad7e5dc8fe9d9
images/fire/train_001103_box0_0.jpg,fire,c2118a9b9386c4cbc9491c208ffae1d6ab0da229ea346ec66cb4b89b0e2cf760,c58c8311b59e82524009b33b53100149a43511a4120d23041337caf3d1137e55
images/fire/train_001103_box1_0.jpg,fire,6b7c51f2e223d9dd68a4247158fdca7b437e06c6333b130c07f680460a0634ee,ab1494c76f4c803efc490aa348cec242f42b18920184ccf7df3294750372dddc
images/fire/train_001104_box0_0.jpg,fire,b7a02d8a352eb825135913bc7f230c474f2bfe3c8eaa3c048b3d9f991eb2adea,e806a5bd48ca5946e316138bda9911ea05af230e9259dd0495be73df7497a7bc
images/fire/train_001105_box0_0.jpg,fire,9170b253c5833dcc2ef97914492c3fcf1c2787a5b2dba9aa5552ba351bb5fc66,df6e8f0adf5639020694aaee486e64b84bae6d60fc852ae76813875c5ea1a75c
images/fire/train_001106_box0_0.jpg,fire,ca22be1ab7ab327929d930a6c455bfe99a31d81bd828b0b7002d53cf67f17299,961f6fef320bc1e686f5910870b0fc5c9782a4fec144b954d4034319db1a84c7
images/fire/train_001107_box0_0.jpg,fire,0e7eea552d2250ec6de998ca4542790d3a0605012160d8d513d557d795ba8f19,443f84ffa7b85795bd88613f29a63ccd9efbc875b39e9a40166a1afd0e0caa96
images/fire/train_001108_box0_0.jpg,fire,f8aba8d8135f6590de7200d832c219d6699b1705caac7bc27db08f0d2171b7a8,1eb75f8c47890b5ea7c31b271ddf01038712c278512af4c06b8f567c448cef14
images/fire/train_001109_box0_0.jpg,fire,17777a37a00638a504c26a8e50bec354929a94c84953ccf67527d742e8560ef1,63a345c111e1198651beb6b7b35b4a4dcc8fc8f2286f79cfce9b91f906ff4548
images/fire/train_001109_box2_0.jpg,fire,fea3e24a11bb22d39aae4d59b6e1b9f1c2f4b721cfbf955166ea23f45c1d640b,66b0349145af25690a03998864272c895c7e37f490f5b69558e64383bf7560d2
images/fire/train_001109_box3_0.jpg,fire,a86c910f04ea372bee204c22e565998a7ce049072926e36c25c1fb28eac74b00,8f28bc7bd9a2394723e0cb7ce4e5a84add4e0010791f3ee3907d270791607f8d
images/fire/train_001109_box4_0.jpg,fire,461d23ea9713e2bbc533d5f7b4516142187a8c8b7e5ae2ab670a168b75620955,a4bb2d31b9294a2fdca2642cb413cc81e70a0efc6596bc6d9a1cfa22ab1aea42
images/fire/train_001109_box5_0.jpg,fire,fc3a100737820ab758597c5f053784be761197c8fdb6808c5bcfa03bef78a0b2,de1d380baa60a8f904366fed50e74d21e8f54ec71e7f35f1eb692ccc005a7f05
images/fire/train_001110_box0_0.jpg,fire,3d90a42d164ee102a96b3371bcb63a3b0d056dab319bddf682d61822c41b30a0,b9d7a6f0ed13fc1820f09b864dbd0f728a27da475d038ca0244a1c9d7525a61c
images/fire/train_001111_box0_0.jpg,fire,719030cdbeea27e3750229f2121209fb78f2b4f495217631b89c92694e0a41bc,1dfb3bf09e5733217327126bb0b49f9d534d5fd9f2dbdae20e868223e5234cca
images/fire/train_001111_box1_0.jpg,fire,a382001c672c2e025c0536eae920d01f6faa0c6bb6bfb26b8d1a38e7a49375c1,5cf9a27755458aabd0c4a42ff3b97bfd8d42969e0bfe64165bb8eb9b2e908fae
images/fire/train_001113_box0_0.jpg,fire,7fe807cc4261d4bbede8c873b0df584d6cf5e05c44af278d5af1f82a2f22b295,bcac4a839e6d5a68f591ae873d529e19262e6a32121e122a7f83745430326e93
images/fire/train_001113_box1_0.jpg,fire,e1e025c2a8c3fea8c4d29a911d34837b802942c0121f56016d99726d66cd3b96,deb0c0b467b991312fa954c5f798626f894d133a2b5c2ba6080f9d862fa9cff5
images/fire/train_001113_box2_0.jpg,fire,a147263fc4d3ec15a767a4f2dc8a3f6bdbc0d65e9afcb52667abe037b64383a5,e84b66cd2a69c18e1f44470fbe99df73a5a9a74fb06a6285fb63c6532e06bad5
images/fire/train_001114_box0_0.jpg,fire,f56bb8675c92711d44623ef57156d2bcf2e17fa46018a81897db4090086e6b04,79530013a63bc5e8512488bea5a7c5b8f6ab66780e222598ac6510cc974419cc
images/fire/train_001114_box1_0.jpg,fire,54dc3666954f1b0add3f66e7d2ae9642911333c433133b836dd9219d853c2085,959fec1ff8d944b35218c357926d3f82e99241e1cfa9c3916abcdd3764dd7a8a
images/fire/train_001115_box0_0.jpg,fire,ecc07ae65ff847dae22c32aca674119ce1c560541371fecf7893c5f721ba96b3,537d003f6950acc25662540dd1df5aee7f877c86fda0785255415af8086ddf8c
images/fire/train_001116_box0_0.jpg,fire,cd7f0e0ab483163fd5746729db1a73525abaeb329db4c8aef84bc018c106b60b,d7b70ee56d401d984243611397cdf9be57e91b67c7c5b4640b0663f078dcad2d
images/fire/train_001118_box0_0.jpg,fire,d75cae79df4ba0071d371894289e439765972d3de723caee56ab2a22c4622e0f,8968b29c5bbf3de66727421932ff06fc0395b3f42eee38118cf81649f0bb7000
images/fire/train_001119_box0_0.jpg,fire,677d58f679a94ad76a5771a49d7a45a4ef35bd74ac6086bdea303ab37b50d31f,2d08843bc9d351fc5b61fddc70488801df2423fb3a702d64c7e1e6abfb1b73b7
images/fire/train_001119_box1_0.jpg,fire,679e160f3c3769d00e0b7bd4ae67019151f379f217215d6a9f7fdd49dd56c3b3,d8ae9f00f058574085655e0e2382dd650f5bdaf8f858da9645732eecd8de888e
images/fire/train_001121_box0_0.jpg,fire,9c618dce42e4a1ffac6f951ce31141055e74346177adbad34ef92ff5096f4815,159127317113d36ff86cf3069e3aa0d6e98179f4fab0d5d00c23c27094d8a6b9
images/fire/train_001122_box0_0.jpg,fire,8c6e5a60c6452f039c7b656fec1ec24aac5ce77bb301c7bb9f1dced10d0920b2,fa7e619cda54114d81ea2ccc75cf6d73989d15a1190c554e6d36cebf6bc33fa0
images/fire/train_001124_box0_0.jpg,fire,eb0e7e7ca255d6933e9d532a58ca49268c1f72f2fb9a76b6c8b618b3b9a6da15,a08bde73dca250318ce0f28518801476171f225cd0a0aec79ebe75d8bb4d093c
images/fire/train_001125_box0_0.jpg,fire,ff2c241d1a362ca1e4e8277d192d4b471eb2cb0e529bddbf9580f38c64538e28,f2c1be9dab982c07d0aef3790eb45c8e662ad694e2bf3d75b856671677dbab70
images/fire/train_001125_box1_0.jpg,fire,3691a4c4639b0eb3508881453b133742fe0fa7b8991a63f9ca43897701fb7ddc,207712e8425f3bcb28380368ff2b1017510973fa96d4ea18974b5e030f4bc056
images/fire/train_001125_box2_0.jpg,fire,d6be721e023079540d25260a666309801ab1d7413dd88ef3820d1f41ab363224,8b9eb001abb22d501f21c2dcdf27dc25660ef3afaf98bf798059a6349e261ecd
images/fire/train_001128_box0_0.jpg,fire,e6ffd525c19f34d715a818721078bfbf0e3fe8a58c6e75c7dd4dd3fc9d9fbcda,cf69e31f3627df5e5c01f69699fc18bec611b6c78d69d6132f8a329616a2a94e
images/fire/train_001129_box0_0.jpg,fire,a0e2f0eacc5c8174c04247dab188ee3fdbdde13ccf24069685a3ea0c74b37dbb,b1bdfd1538c78e8e9ae7eeacf7338599021dba5a56955876bccf7a4e22542808
images/fire/train_001130_box0_0.jpg,fire,763684c398369ef70a501a33733b7924c3665ca759ae0f317777104491e1932a,f005fb187b796e15d971e91b56f02defbca12f602a819eed9821e2640d71b3dd
images/fire/train_001130_box1_0.jpg,fire,8431786ed8cc0e702f026b55a515706f8c4ace1a6875a5550e351423af3a4cdb,6a84925dc765580ea9e7516212f537d5f95a62adc437458dfe5a8c7e9ece95e8
images/fire/train_001131_box0_0.jpg,fire,f031cde866611ea592d6b1ee12514b868a1554123cec837c3c8d72ad07635df1,a95764971d5de16f42f591b6b774d9a81eeb756014a194c5c9fe4742274843b1
images/fire/train_001132_box0_0.jpg,fire,56a48424f4fc235015feda6b59b7fda795d1664e8d35743c43adfc3c26dd6a0b,66ee3496bce1bb4181af0e4b64b86ebab980d19ea0b080e230f52d9cfc70eb6b
images/fire/train_001133_box0_0.jpg,fire,386a83c5cb50610911e7edb1f43a105133f3751c50429169dde34c031f0d47d9,1bba0cb21478cd0d56a4c3a73c69c9a9330bf91f097b03d2230fe83c7ec36c7d
images/fire/train_001133_box1_0.jpg,fire,beb7a8ce1facda6482e1bee8b3460cae2e0bca487971b147b3d4f337d2ee4dd7,f18ee7547414ff50231af17ec0ce828f8ec946cd2b2080b094b654f93d95efb1
images/fire/train_001134_box0_0.jpg,fire,989329216709ef8c13bb9a6e47da94b06a2b6b1a5d62128cc9cb0422ba9c9795,516801c534ad7aa18c330b2371f3394dce2c82f58fd4eb5166a1d97d0be6bfbd
images/fire/train_001136_box0_0.jpg,fire,d65b9e4e94a2ad3f92bcdb6d7de925c64fdd6c2812b223ca5b6dd58096ad14ca,06816cdd83739d7fb2c410cb815862b7b926ecf10e6891911fd0a3b39776747c
images/fire/train_001136_box1_0.jpg,fire,9ff5c23666b297710ea266a6327cbf151651f11470f51a460b45e3513131c764,80986607138632acf1b79303c995cf4ce0535ba4b65316c66ade6a66a16dc002
images/fire/train_001137_box0_0.jpg,fire,093d38143a02c5f1e478b14b579916da3b43f87486557555d452963aab092e19,819d3a3765710ab56bdecc5fded46c62bdd965a54ba620af7ecee4d6238f1a5d
images/fire/train_001137_box1_0.jpg,fire,31cfc568410f6cc8b4d568cda3e11695ca5a6dfad4e3f3977d90509b4e032efb,f8aefc356ca44caef160e5d6dce71e62035496c205b8010be98330aec6ecf427
images/fire/train_001138_box0_0.jpg,fire,0c027ac2052d870be577a57d00a720b96aa4b0f7bba5ff243f1cf3c5206a00f8,682ca521b321cf69773def86bbef05681aa8e414f80ca9d5807ca2baf4ee9c2b
images/fire/train_001139_box0_0.jpg,fire,52992e0c766bfdcfb6909acd651594db5d91b2d93fd65de0c46741a0359df6bd,0612ddcd2a06357fb62ed64b22c8b85eb12bef6ffee4b3073acc657c392b1db8
images/fire/train_001141_box0_0.jpg,fire,901c497ee52a9d9ad64140e61c591f91456e4bb97ca3629e43d059ef3ae118dc,7f502eabe8508c3b7928ec6222bb6d0bdcf83d92d39fe0b21559dec4d428e030
images/fire/train_001142_box0_0.jpg,fire,87b9c473d843963030e18fea2ed2a5a5a095b834a883d7ad2d87d62adf47f3c3,6b4140ca6c24cf800a9e123c4aec634d55ffb919d595c455c9a5882cea126e78
images/fire/train_001143_box0_0.jpg,fire,54c465a33bd8bd57f44e1403112d6771889c8d2762fdadbf78a3ed172430eab5,50925a909bf21771f911c39057005cbaab94d5f6d9424552f2c39a2f246bb73f
images/fire/train_001144_box0_0.jpg,fire,f24070036fda67ec9dff9ea3850b3d6381424ccdb3bc5b0fe0dcaf2f39c731a3,8240d634875430bd4fcabc46d625aedab4c73981fc127d8010570550daf3d861
images/fire/train_001145_box0_0.jpg,fire,ea4dfc778aef54f47fbcb80c5d5349fbfad1f08520f4b4d7811747f4b82b06f0,861fee4623d47ae6ca2f17e21fec71f15eee72af94622762e3b5db17c527c3a8
images/fire/train_001146_box0_0.jpg,fire,e2f8c277912296852a87ab1cb34674e4d70da96f0cabce909aeb5bc444da2629,3ef12a2bde4fdfac60636255b6cd463124fb57a0922249db5298463bb614c20b
images/fire/train_001147_box0_0.jpg,fire,e60cc36b236543efc08695256e1ba69a12f7ec8a040bc3889e314700fab6f09c,b9f15d9c9662cfde2f485fe1d3d229832da6668a00c9b9501dea28874f345524
images/fire/train_001147_box1_0.jpg,fire,0642ddc2b6424f089fca98e3f6319be390cb6ee5f50443e76491bccd0b05f39b,7ad7740595b0a6eaebf71f12649b8ba65f46bfcd649ef06af5a812242cc1392e
images/fire/train_001148_box0_0.jpg,fire,bd513c048ade620f77380e63b856b84ece3941932e65d93addf29bdd2396b44a,1da23084f2be6a181fd8b4daacf44659f2a5ccd7ee0a88f7c278233b892e68b6
images/fire/train_001149_box0_0.jpg,fire,9bfbcade1c6d675ee062468a18e0a9794affb5b0c98599e145caac94ca9a714b,6fc5e7bceea1fe15bbfd9201c7ffe1c6af40f8499034d9fc0bf6810fe1b52646
images/fire/train_001150_box0_0.jpg,fire,6bc2562999488e49d22e51254d867666c4e24a42801b719a85f1e8395327fd19,112fc9769f9bb1f4ac51e3b4ceeb989c2aa761b28b3758a09e42ff71890df77b
images/fire/train_001151_box0_0.jpg,fire,abd27c3bd474cc1c66c898432dfb8f6129ba13afc0e5d3a073ec83b68bbee9ca,64b63615ee44f0ac09a0998d30b64921f384f7d70d41c7f4e9170769b387b403
images/fire/train_001151_box1_0.jpg,fire,0e655f5d8e7213207a5d559912fdfcc4a3271aa412c02204a89816c259e08adb,f027a7bfcd352e36b67ba17415f6e6c14845c2b087bc4186aecc1a62747cdb10
images/fire/train_001153_box0_0.jpg,fire,fdbfe6af59cc2df18e1f5651ae2355e1622267222b5ad838969aae80f6e8f91c,06ce3cb503742471679e5caff58a8ec2a4cd4e1bfc5c6af4b29b3ba62981d3aa
images/fire/train_001154_box0_0.jpg,fire,1e0eb9b07120b2189dc7b9caf5e1b7ad2156bdfed9cc1bf1061dd7de19ee6120,4b441ea2da999e0f64ac5b723025c45343b2550529d0de0d33d9abb48744cb67
images/fire/train_001156_box0_0.jpg,fire,6d80a5a96cbac99e3448afff5bc653eaad8a50d4aae5a6e20adade1ae2b0da96,522dea34f7e3b0427995d68cf212e627422050aed1ee7f876c7adef12e2a5604
images/fire/train_001156_box1_0.jpg,fire,bbcb43d5b471227168bb487ac3e8e7e033ba97524e4b029edcd9d8f540e3644a,5dfd1b7ba59d0640640455501638273cad7c30a9034dd38245d74a730741f09a
images/fire/train_001156_box2_0.jpg,fire,e593c5e5adb78281ce0dfb15e7a2599650f6a613bcc26e450b55a85886197cb2,039141ac85a1d5a6765005cc7815beeded4152b7a96a942d3b055b5a8e30841b
images/fire/train_001156_box3_0.jpg,fire,2955abfdc0c26cbce0789cf0eed3006c41eedf9a355ed4d3a0c1878640dca51e,1af4b48318771c04f38b9efc40c87570b8d7f6cde5de4141d32544f4068d8e31
images/fire/train_001156_box5_0.jpg,fire,0adc975024be119ddaaccd5bc31a05e64872101d7007e0016e8045bbf39eed74,123eafe858565229676d25811b84cec462acbcc33323816c39ee46bce9a61f34
images/fire/train_001156_box6_0.jpg,fire,099bac3088f72371bd4e6c899e794c8dec677597d16c4f5b58cd3f67e11eb8e0,fd0ed314d7f419a4f5e5fc21fcccb11c5334a4a40af456bd70a1cf005ffebe44
images/fire/train_001156_box7_0.jpg,fire,86a00eba8404c0dee9a86feb470a6b1b7a632b3f4cf91177b22db72212ad5a06,b6f880bae6768b8f009cafac063324107383b48e26a52c2b74b4d3b284074ffa
images/fire/train_001157_box0_0.jpg,fire,de9b98a972e7968bc3820f2a161ebca7f1b3705d134415be4cbddabd9d3c635b,99dfcc6332d3f148649e5b57a78e602a7730588dfe9c576a2e04cbb7ee9f4f52
images/fire/train_001158_box0_0.jpg,fire,05ddb8ef0cb6f7c2e24225105a04a333f93cbe160a3fab6c7e6003bec705672e,b41b70a5b4dc162a6623c16ef1ee3e676b9626e5806f1858148924d7cd454d3a
images/fire/train_001159_box0_0.jpg,fire,d6cef082438c58f11875f51acc29d72646d01c88bdb97949501c23f5f0f77a54,701a977f1f2c4b1290c91fa1829b0f01ef750ad7f0c86d09a0315dbfe2173882
images/fire/train_001160_box0_0.jpg,fire,87fd3a4e01acd4b09cc8a6937c24bd9519a83debafcdfcc1e3361c7430cb7ff1,0ab8a918351ce7e5a84419a4a5eb6fcbe653fcbbb70cb895c262839a8cd3a54e
images/fire/train_001161_box0_0.jpg,fire,1675c6003a4d9c87071260c7d32501173aacf73f70582260bb54bd9aee716aa2,456e66acc03e593ed3b74b54956f713d29ab0878c45ff819f166b4e7dd5e4490
images/fire/train_001162_box0_0.jpg,fire,90d904370f7490f5918dad3ca08802dc0eb822c54ffbdabe995b22dbb5d6f2f9,5c9b8c7e70b474b60519ca304139f917299b33b9b024f652ade8faeb31e52107
images/fire/train_001163_box0_0.jpg,fire,1f99e93cdf8769909b007729576cca8cc5ed6be54ee375795da7e19867cb9987,8336dd1c1bcbffed735ebd1dbe41eaa29dc58fd851eeb2bdde4d056aec9813d6
images/fire/train_001164_box0_0.jpg,fire,3d910f0575ceda590aa6371476370d6fb2e209acb54dfd379b220d5249574498,00b1adcc922ce941e0386b8abbd16dfd11ca6ff27a5a7f4fee6721738ce62a75
images/fire/train_001165_box0_0.jpg,fire,18edbfbd34b1255d3b16bcb79e9c5a7a11c7eebaf648b4e5fda81958c7547c64,05243f3a0d05cc9d6225cf9aad57dcf9a6151e31169e56442117b7861c2fb03a
images/fire/train_001165_box1_0.jpg,fire,e8e56d9cac2a9a2fca3ae1a929395bb2e3238f501d5ca89dc6136051e452a8d5,b531a905de03d22bce7fb41b1e9f9371a5e7bdb1682d14a488902dedc9f5a879
images/fire/train_001166_box0_0.jpg,fire,a08757033ccfd12484553dd75ac19ddc076f98709cd2059f0d96ad973ffa30f4,514c34024648bdfd98347602c80d70bd8b21378d8ab7a957384bb7596f1cfc81
images/fire/train_001168_box0_0.jpg,fire,702ab2c629618751c5ff98d0952465393290e8ba2e9b2c82e0215b792ae13edb,4b9eac8176ea5030665ae7595ab511bddabe8c61749f7f7cdc724de21b3d8c91
images/fire/train_001169_box0_0.jpg,fire,e0c9c1a5b7f7524fa3b5135fb5d2cf32f5d50cddd52b3e67f4d72d1437686758,342b14b1f8bc6f60fb21f60b771c0e39445027b91207d7f1211adf2ac832e87a
images/fire/train_001170_box0_0.jpg,fire,610d9066b8381c2ddd9c7234bc8aadf5a4411bd36aff17a41fbdc497664d3abf,9095e16c686e95f1ed7d947a6b020ba4e7d765e233c93eb65419d186d7952c1c
images/fire/train_001170_box1_0.jpg,fire,1487c1a34c8c7a58d25bd10dd95455484a32ac59296edfd9a249235b26595e80,9106f5c40a5645cc0bc4e79518d4f9fedc987d7d92f6f7ac277fab3a52ba24fc
images/fire/train_001171_box0_0.jpg,fire,7e4a424e63634e7faa3ee57c0c57cfb78411b9114ce733f9536ecf407daf68fe,34a74240a80489847b7229c5cb1abe2c731aa3a1bed2a0b28ec14fd8b40913b8
images/fire/train_001171_box1_0.jpg,fire,ae0dc7e0e393e71b09a423d3ef2172d21687cd7c88da6b79c04232624d68abcb,6afd300a813d517188c701cef2dba12c9abc860b2dcc95e8a0b7c273b26a4aea
images/fire/train_001172_box0_0.jpg,fire,e13ce35faaa41fe420926fbe247a648e2f469d038c3290ef768b653cc1351f0b,af239ad8989c4d7b228d7634066ba0216e439c7e98fd543ac001a47457f5da1a
images/fire/train_001174_box0_0.jpg,fire,9408ef9d488827666e1645c74df17017f39effc7ec668a55ee0fef90b8061838,b18cf1cd782e6e98aea07dd1262e9ae8f3107193eedfa7f846707aa40b3d2bec
images/fire/train_001175_box0_0.jpg,fire,d538151288a58a8475ceba5f68470863a3e3edcd7dbe80d6d65b256d5c1555a8,396e310300a1e7d8ec416553d540e533349d9879688141bde992ef60e2307a5e
images/fire/train_001175_box1_0.jpg,fire,8e6a83c13db2e0fd6d70dc194a401bd4f1a40d660a953bd7e28bc861d1fc1dcf,d7ae0b266f482ac760a7e6e9b25ef061f8a165941a962fe50f2f47fb2d562d95
images/fire/train_001175_box2_0.jpg,fire,17b3559ed6685e8264cbb79d2c342d38951329443d0e7690dfe0194e5ea23f7a,d2084fd6d8ec28eb8bd2120fd762a8d3b8b93d65f2d2824b2507eca6cac945b6
images/fire/train_001177_box0_0.jpg,fire,05b4af1152bbf90df0336d275bbc7f323c603fefc3a0fee8ffba8ffdb4eb6ad8,92ad835f7bf710a4ea5f4526fa38bd4cc10f6b9ae9265b2d70389001666f6fc5
images/fire/train_001177_box1_0.jpg,fire,4c129ba24dd7a28b806aba98ba4b886049dee18ccb377642b7da486ea60b03e7,8e23acf0b80e707ae975e8529c08a456c7152d21a295a6332a5cd0abe41e71c5
images/fire/train_001178_box0_0.jpg,fire,5f4d1a24bb80b0acfa51cc12c717e2a1e5472740710b6ad4592e90918a0ed878,1cccf0c300c63027b9c30054749e2a0fa126be389f70cab33c8dc10f3c4d2a51
images/fire/train_001180_box0_0.jpg,fire,9708df3146175035dcacaa853ed08d52e790507906d0e007db23781a44ec597d,8a4c6b081b58c20c9044bd8546ad8d25afc9c46f85e8ff22d28f3a4d6f82fcb0
images/fire/train_001182_box0_0.jpg,fire,ee3a39db009100ea0a19dea72d0dfab217d8502258320ef0e8bd3802c175fba1,1ae3c5ddaecffc5e13a144bfa6103ebc8f2c16faf0b38d29cdf0d27d978d69be
images/fire/train_001183_box0_0.jpg,fire,d5529f17011ad0a0c12cd2acdbd4071d3505ab05ba432b97497ad51e77dff8e3,109cc2e6017f1e00ee53bdb01e5531b55a4b7664175878ba8d48060336a60711
images/fire/train_001184_box0_0.jpg,fire,3666e95b35a1eac95e5a0ad9200bbd197bd3ad00bffb3df55e0976fd98507be9,bf7d40ecdb1c605b9d0e27772c5c27a39b3db8c9ba7270e203b4fbe54f1767e1
images/fire/train_001185_box0_0.jpg,fire,b5f697bd469f10b1aaa669ef7d8eff0be9921ad3fcfd0f240ecf383034da270a,b4e17b8bfcea00b1ea5a63e893a2707c4cfb0a1d134f4dc8ef348f673e379ea0
images/fire/train_001186_box0_0.jpg,fire,3c6a72c6b7b51ee6ed74b09c781ee4cd47c4367499c944df71820d2368388af1,ffb200c78ac7d6bc20955dbad2802a28a0d81acaba5d5a25574fdd2e5791e612
images/fire/train_001187_box0_0.jpg,fire,9616eed42a7b275c0f167cac90da0d245b6b5cede4717412db316ef104ee7d3d,d7bab7980ef1ed1f4c08c70d7e102fa82f6270435ab60c42e44f84c3920fecc2
images/fire/train_001188_box0_0.jpg,fire,2d7b826fd73233cc6dccb472e0bd40da0c27065ed320e140be6c350aa9588e9b,b2295d77c9ee3fea943fdc6fae91c39d5b493e71aae9a64bbcf441863e4006ca
images/fire/train_001190_box0_0.jpg,fire,4aad930db8074281d8ddc4df57f469158a06c71bbbf475880fc4e58a1e35ce58,f597d90c8473b0322353afa0c8690e5ef624135baeea277679d1d36b501e98b8
images/fire/train_001191_box0_0.jpg,fire,d9546682a6cd0af2eaa285c7c226523634d8da7d6b1b2a3adbd9edd3f295dfd1,f7506618a6f3281538000c6eb8dd497b001974b15a05101d4cefdc65dd56bfcd
images/fire/train_001192_box0_0.jpg,fire,133436f3ba2a9bac875bcc2052c3246f50e8cfb2485386dda8224356d761a164,9c73a73961d486161bb2088e71fde948f45f800bdd7ad70ee156dba811ccf149
images/fire/train_001194_box0_0.jpg,fire,8203bdb29c42ddf0655ad123bc8348749032d720c3dfd8f671149a2eea3cafb1,76966e0830163c407c04777084b284e6eb9b93c484c016761fbfbfa4b9f2056d
images/fire/train_001194_box1_0.jpg,fire,7e0e80d238574a460bf57998475caaaa0f0cbd99dea558bf02855b194fb20f72,b176804ce3eacd9944aa1b1c063c80c071b6c649806b5c83bf032376801a32ed
images/fire/train_001195_box0_0.jpg,fire,d3646b5a291bff822bb906c7e16ba9eea816d023cd20a53fcbe9dadb0c6f2136,6bfa602cb89f956dc6f46bfd94c73b138c641d144fd7dcadf44f5831923c4bd0
images/fire/train_001196_box0_0.jpg,fire,c06013f10215479993b4e38ffbffbed3ae92fc38d618aa3f841a9c19be9b439d,f9a0af53fcd1c8cf65f7f8960ef761b78c9e061f9f495935beb29844fe412c9a
images/fire/train_001196_box1_0.jpg,fire,7dcb92022823e56cb1e6113a726d5f25bf1640bb24fa0e1dd2fc1df94f858963,54a61955ba13ba595efb35267ed98b6be09060462d53088f15d035a3d8f1f079
images/fire/train_001197_box0_0.jpg,fire,6c129e0b3cac6d8beccffef397716116cade23c8b2f18a63838fd94236486731,0e7adcdec4f3bc4210cbcd5d33c5a4306a2882e00dfd5cfd39a1e21c168bc8ba
images/fire/train_001198_box0_0.jpg,fire,0ce5268275e92f8cba0bb20c71b28fbba4b636acd3a6066bf0f94151a9fb2649,f1ebaef10aac9a626b6c4437deb356e1e5001e42e73e1d13788d60fca9a901bd
images/fire/train_001199_box0_0.jpg,fire,47d69c26fc455d93f6a92617f2c180ab718b1c3d06ee997b2981b175a715d1a0,107ca5ea656c736e71a03e70044ff3bab857825e44572871f32d03567a10004b
images/fire/train_001201_box0_0.jpg,fire,ae5a189921442853fcf463f7035b0607f97bbdbff31df8e4cbfdc3eace3299e5,bf87b09585dbfb4b0503cd35a9986b25f038b69765198bc0352537d78555fa53
images/fire/train_001202_box0_0.jpg,fire,b1fb32b4059325284608e04b015280f99d01cd1ea07365bea7c41794e092b534,483835f43c3e74d1c31695692ec854a1814ab661ed83a0645c445b0bbe2ab30b
images/fire/train_001204_box0_0.jpg,fire,8dbcbc9a772cee6be5c29348b942d5db25c5efd4009a1108685221e47deb9912,b45da2783aa8af9b9fd4cd60f2fe9c706ab3e10a3e7027fd0d4f20428e57722e
images/fire/train_001205_box2_0.jpg,fire,49926b763349a09df9161b6953e03600e115b5e18a9728aa945ff4fd03401763,926c8c41906ad4bc0235d114f404698acbda56c4769e53dbca91be7451fb7699
images/fire/train_001205_box3_0.jpg,fire,fa88869aa0120031c1cd84763741b20c0b83594541073067d05214d459bf37d3,d137fc762fe121829d750a70495bacebf2bd7dcf2c7b14e1ff840310855634f2
images/fire/train_001205_box4_0.jpg,fire,6ba1cd513d4882c29a09d4ef54d851944e4881828dfca54f099f061017c94286,49cfabc19134fc6cea8c0d9b2f49f4f295addcb931291d73e093eee23db50e02
images/fire/train_001205_box5_0.jpg,fire,35aa83f6a280eeb2ea6f23df29bfda60263262e09dcee7ae5d6fb9d68914f0ca,8eae75430a8c27d1480d4f0a600cf85570547aa0c9ff39d6334a81bc6ffbfe49
images/fire/train_001205_box7_0.jpg,fire,5a2f76384c2b880c209db22349fe1d073b9a19814eb2ce2769a9989ad5d1c279,6e2d7ea8040427549a08dbbac847700f931184170dc3695a6d5ba8cb45c4ad8c
images/fire/train_001206_box0_0.jpg,fire,4645ebbf35a6635ad315535bc529d07340523fcba30e7b3b07e924cc712a2205,a37635371778fc8e839ca9ca8cf2fe42c57b1c8c88404a49e8dbafca46231df1
images/fire/train_001207_box0_0.jpg,fire,986928d853bc6fff6634e0f2493af6270c28af2da1f621cdad71a09979eda641,1c1deb202a72b683a67884861397c8d2214f6275ea15af2a3cedb84bb05082e6
images/fire/train_001208_box0_0.jpg,fire,1893e70b5db9e7fb94c1935ea9527d3197328815ee00d41bf64a0633a9112341,6c66231426559904f464f44f98b5d8328ae256bd45412802e383cf0a5777658a
images/fire/train_001209_box0_0.jpg,fire,4da206da9e29789ebb28a461f59d3b7da5249e8cb1551254dbff621acb4fc70e,061b912be6e9e583fa5f240fb50da041b174724c62b539a29682d46e03ad7eef
images/fire/train_001211_box0_0.jpg,fire,3f97f866cb60f3b4fdea2bc6bb85eff01183d07990ba13fb125fd1ba8e5ca3ce,423f9b42a7b55d5e2e289a65f4fba5446125d72680dbf38c6ebb373131917d8a
images/fire/train_001211_box1_0.jpg,fire,0ec267a1fb5e410cf93a4671586959ee4a58ac449f845046398892f8722ee5ca,20601639322b49e830755fd49a4cb420ad554a4d3be76332368a8a75b5f78f66
images/fire/train_001212_box0_0.jpg,fire,537e35429ed363ce3d84acf95a708187288ad290fdb3d3e37d3f3832e57c7a08,0bcf8bf386fa8b77b1ea5f093172d2a641a820386f00d664912bf0deedc31035
images/fire/train_001213_box0_0.jpg,fire,3d28431c6d958bef7d694fea16107ef77785868c0a7f1703e47584224f165215,234dcdfda85eb75acafc6c1ac8f8d25ab369a668d547d890025da8cd6e681c35
images/fire/train_001214_box0_0.jpg,fire,14d4803dc88c03c96e4bfa416a8740e4b9e875e611373cc10499dd3f3b483dd4,a39f6333917b760f6781e76f29a87d7ad1c6a4b2cdedf6f4ce4f39debcedaf73
images/fire/train_001216_box0_0.jpg,fire,c55184c469bf2d44d26b2f482624eb9edc46abaebaf7b79e68afdbb57f073e8f,9c1ca6563bce8a4984e4c0945cf34b5321d427d9f0bbeb26242b734b707315bb
images/fire/train_001216_box1_0.jpg,fire,8f30557f6ec40ed466c0ba0e471a914fda9c5b2a5f278d0dab60a91c07b5f303,5df3422b89df41e93b067e797cbed9b4577b7b77ca5d16b32be154686ab98fdb
images/fire/train_001217_box0_0.jpg,fire,66aa605b46a7f8100a984db271f7028974b20a9aee621ea070a5fa5f967a7b1b,da61f81309a9e6e31da09f59b2796e771455d49d8cdeb06978b21e77a8df7003
images/fire/train_001219_box0_0.jpg,fire,e39b29302cc66db43a06621b0992bc90afeef832559074995a2e0343d67e1b97,dc1e4263a381d5e68874b495cd4ce908945d61f5bcaa87411697744f0be0610d
images/fire/train_001221_box0_0.jpg,fire,35d6ca58711b39e1742cf2dcae963f2a9b6fad91b268c74af2f81189c3229b76,12947edac6a908eae5a116904235d8e20a433265d93262433c6be0340bbe9aa3
images/fire/train_001221_box1_0.jpg,fire,fb311fa1d765094e9566f96cd98d2b379e824d1507054b00d030917dc0871c92,0dc53da41c4a40b154a32d6fb652759951744e6d6a8e24c393c92cb767097366
images/fire/train_001221_box2_0.jpg,fire,d3473faad03261b195107fe5cf988192cca9585327aaf0757d9a3c0840fd0dd7,b0c48f5c97b3638dc1c76d6a1112bb1753475b3d4b33acfd9e163897326d985f
images/fire/train_001221_box3_0.jpg,fire,7c4cab1be0b248600255fbfee05dcb14edc54d383963636f4840bd56786cad8a,aa4a2aeb4419294df18189b8a35edee21be616fa4fc6fb5e7fe37a469faaabdd
images/fire/train_001222_box0_0.jpg,fire,538b8c2e64493f8293a12a9c2cefeda8900aabff69be425f04ed84fd9f97746b,7158534b89c0e2bc04bcd7471a6d87f9fc2588e8cc1b9367f68aa7ebc0e350a7
images/fire/train_001224_box0_0.jpg,fire,877d0d221eee4da71db41619800574d74b356b37f7fdd707a7be4219119a2803,dcfcf4de766cf815a4b288b962c51839ae516b017d01a48875d04b6e0601b42e
images/fire/train_001228_box0_0.jpg,fire,18b4c5438cfc4b8ffefef9ed55dbf5b73450fc2c5774924eff3af6109ff28c03,62d35190631450615a14887465d8e92e887e142c3ec2c3a780eaa58d23c46da2
images/fire/train_001229_box0_0.jpg,fire,4c0079ad3c335dfb16b3f49ef2a032a347bc9cc68e5918d24e63296916a966ad,a9986d3bd44f1c09e6d2095721c3d03d8a84ff9652275cb34e0b210f77796d8d
images/fire/train_001233_box0_0.jpg,fire,3f5ce424d59379c5b14391a022f70543b5a0f389e36ebb6d7d8b9029f2594214,727de4f0f6b50e3de746cd30a2f73871177133ef54a3ac8b82d2a0febc89816a
images/fire/train_001233_box1_0.jpg,fire,b11ad19fbafe8b35cbff774afeea2993439e15e536d5e5676bd99a6f8ec613e9,27f76ab6150ce8c5c7d88d4d7f9640cd5f838555e0a3ee4afd1247e2c58f4662
images/fire/train_001234_box0_0.jpg,fire,3abdca7ab27d7b1889bb941a56faab6e4ad782a40555df49aed0c1557a7e814d,e58176e886c800a4f51d6d552cb72844bab3f4ba31cb552982f6832c339fc9ba
images/fire/train_001234_box1_0.jpg,fire,f6dab52e47ef7abb4094c20e7d8de298c644cc08b85657d9804924e4c37347af,afb5c1750a03b460b92826ac6ed98eca7ddf6bf9bbf8d96d9ae72e0687b3742e
images/fire/train_001235_box0_0.jpg,fire,8462eac4e6de3b92b518552bb4f06bbc7cf6f113e8b66925219d50abb889d081,1e94a69f3e4402086d3431c7aa524484f7726c23c879411ffb8801c834007a85
images/fire/train_001236_box0_0.jpg,fire,4e8efa1e051415709ab49e990a78068eaa7c737cd9520c72e2ed74f8b6a14f71,a849fe28321e09955e28e5ab63219fea810a091b72a414be826484801230dfc4
images/fire/train_001237_box0_0.jpg,fire,977f4db10cc8f11c034966f6dd0c7ee82022861accc656611f4c3f1ac17eae00,bcefdc98c173356b1511440357f26830f38e7b37e8efbbb944e002e7603e11a5
images/fire/train_001238_box0_0.jpg,fire,f28fbbe5559b0749faed2cd7f66801452ed47d824b4ce4fda8472030337c983f,0681462fc727bbd7520cd8064daec8f3987d6d6dda19dc7666d3c43d92a015f0
images/fire/train_001238_box1_0.jpg,fire,33a3ed4398b869ec3f9e5672a0ea486ab3c8aaf5873dbfa82c5b254dd2378488,8e57562d73642ee66a39d2ca12304023d028510882cd2d4d248a26c44ebf35b3
images/fire/train_001238_box2_0.jpg,fire,e91dce983f710a2980ce4a071391160708ecda842e8821722f5d343a78e2213a,8197d783d572ed9671453a46939849c6b8ae75c384e9bcf08a2c4ca442128e89
images/fire/train_001239_box0_0.jpg,fire,70350584222aedb5053b94916816a3ce85c449695c703839c9eece61abf10843,589fe0ca93f7fd97b651fce93bd23425f4935d741a797cf9c2c1cf269bb6e58e
images/fire/train_001239_box1_0.jpg,fire,38ae62961f3fe815320b37cd2f05b907b6ac3cd7947b66ae5e57cd8e1168f4c5,6bde97c5de5a16ef73ada3208e0e586c0099a068ecbaa6123d1465135fea3233
images/fire/train_001242_box0_0.jpg,fire,dd2a5ee0ae832852e2fe3d5f366941860a748389c5e7a331cf45c1836e421a83,02db34b24d0703ecfa82be4749136d6ae38c513c3d1d06e1608c09b29e137e03
images/fire/train_001242_box2_0.jpg,fire,a82bdf1d6ed790e753842a563c8ee0c829e51b7af1bb46e9642ab471cef98d8f,a7d1a363ed3ac4f9a0424ef85a4aa1d9219ba660b741d8935e1475232327bd7a
images/fire/train_001243_box0_0.jpg,fire,28d5165d5ce015d492d8f39bc0771a723ac2fc47d90883a0f41a2f05d9f44cba,38133f234a132394884771a09bc229e2cba5bf9c39a1995d4bc4e2346c5e0891
images/fire/train_001243_box1_0.jpg,fire,efc77ac915a0812b4da19edb09834c84b4ebdde19086b5be1c979108a3770714,fb4a32c79608a27466cf8e918ceb6170418210695f7e5b8fa979e659745a2103
images/fire/train_001244_box0_0.jpg,fire,2b719f87c614e564eb72d6a16864119b3641026b12fd8ad6a6da1e994425eeeb,59c2d78a0c5d326ad8bb1d5743e490af25dbde3955e88fc1c9b1a76fdb7faa1a
images/fire/train_001245_box0_0.jpg,fire,8c9a26883b7107367446264327cec15c6e76d1193ac1f88a3e1ddc4a901b09b9,db1623608040203018f9b6342282f30e00ecac4f73f3a85010064e25bc563696
images/fire/train_001246_box0_0.jpg,fire,0319b71b35e9fad0209c155154d7205c7a9d1d3a29b7d5bc2d8e099c67199185,f718de49740fe7a571d8a6d3eff8da61b7a3c4d69bdd812ff3a305da9ebd1647
images/fire/train_001247_box0_0.jpg,fire,f8c7e218cfc1985aa2ed3843d71a7cef3aa8c29bacaf52b4a3cf781474df9e47,ce8c2a6b7e18c3f324e3193d004fddd5f3acb0bc6565abea7b619f57067333df
images/fire/train_001248_box0_0.jpg,fire,4c91ee1d1b1b8d39f98fee6bf31105796284a53163352913eca1b698de9c59a5,33085631a84ee3cd76b3bbe40bb5e5790eae783cd77d72fac72cd59b82dc4cb4
images/fire/train_001248_box1_0.jpg,fire,bfe687b28f596ea00f9b35cf9e31d1e9c414627849ae5fe9968e8172310428bd,d1f382f23290e1725b28f0c3bd5d47b277e5836f7b09e873e76dc469c8279460
images/fire/train_001249_box0_0.jpg,fire,d612231c7ad24dd9944a7efb6699bd5e803c8d1bc6cc311873b562d0af0a15bc,4dc9036b71b560c35623f7faf715d816c6b10ea7079632bf0dde8ca24721334f
images/fire/train_001250_box0_0.jpg,fire,9001eb721a0620dbb675a8d828784fefedbcff1c9dc210231aeb26b4892105aa,e721888972e925bc0a6be07a9288674c6c56c6e73b95f6ad62b82e8d368a3e7b
images/fire/train_001250_box1_0.jpg,fire,6270da27b586a80707059b494b11f6be42e1dc2a2bb70c27c4293b97839d9ea4,20653203acba6b8dbcb72e92dc5d35fc8f7c22b67f4bafc85a86f6bc87a04283
images/fire/train_001250_box2_0.jpg,fire,9f72f326178a161e1ca665147983b87fd1d2dd440de0606bf4cd2e0d4e5825e8,23a6f4280bf1796efe69c29971ff85f82c76232c6f1ce71df1661082e6edc54e
images/fire/train_001251_box0_0.jpg,fire,dd0c529fc3a1b8fde7fe8111f789ccb5ad376e26407cef158e6b8e30544e539f,c61bf12499fda0936dba0caf2260369edd7f26190673fe07a413aee2d213a043
images/fire/train_001251_box1_0.jpg,fire,450ab3a5fa8c4fec8353a3770a8de738941e395d6bba3a9a08527578fa7d81bd,6d77dce793ce3036580c3e5d660dc5a64deba6e9bc7ae39d528b95a94838025c
images/fire/train_001253_box0_0.jpg,fire,f9ec9e56c24cce7578ee0d5af398a70b95d10c78590a99e6cd740dbb7f2b0618,231e9ff9b17c7a719eac4d5ef3ec48e9b451560817253e174153b30253c1cf51
images/fire/train_001253_box1_0.jpg,fire,a183970bbd2cb1c01f8f6ee14139e7cb40ef28c122313eca6a4a2729f8779e61,90a3252bea3d7a46bd6222f873c2a84c0378088a7d647681ba880fb09ea05749
images/fire/train_001253_box2_0.jpg,fire,ff1ac1922e0a2b31a357eef016fd4c12913ef745f8786a5354c0a718709329d1,49acafbe669ea8ace8ef1c65035a68b0d5351dcbd3bc5e5e98bdffbbca793803
images/fire/train_001253_box3_0.jpg,fire,f822a6a6df267443e5397050aeb0150a3e83bc226bf8f04caa99579cb58dae3f,9984ecc9db4d29357d5238892d5200e00264eeb342bb3e8d7e4bb16cb2afa011
images/fire/train_001253_box4_0.jpg,fire,79d88b3a140ab7fba1d3ea7ea346916ac9f1639896d051078cd9a05bf9d75f2d,663943856c8a43748cd495e6ccc593f19ff649ccfcf0263d4c921ca68f717e05
images/fire/train_001253_box5_0.jpg,fire,753dc78a2aa1b8235a73b2092e81a1620a0f89ffbbad2b6c012b94bd012c9a84,2adc7feae4ee593c417754056198e1e9ea5d286eef86bd6918ca61fe38b03e69
images/fire/train_001255_box0_0.jpg,fire,a327fd0cfc049d09070ad656ebf96345c519088529eecefdf1188d45e69eab07,c630d251d3277a0a5b0c079f11918dc13e1af05c9db8dd67cb37edb81dfbc2b6
images/fire/train_001255_box1_0.jpg,fire,8316b8e2fc634cfe534b3230596cc25c4dad0020750e447e9a948251590148ca,f77c616eb4b9b720bfacf0b6b8dce7de2609bc62e6997761895725a913bd13c7
images/fire/train_001255_box2_0.jpg,fire,0e395de6f0888201aa34c067b2a25206b8d65600842588c8cbf6aa09a7310edc,b2e035339a39de81a73adee5d41cebd5c9130e4790354f49e7846e8db6ee322c
images/fire/train_001255_box3_0.jpg,fire,6a96af4b13682405a442f77cd419a83a6228ec7882b83f914910afdd3eef2e5d,12ec606f95493239b9315c6096dbcca6413b3c42d8a43cd49f05f6418d13aa0f
images/fire/train_001255_box4_0.jpg,fire,026919898ba711a4862daa7cbd88d9b273d19f93a0801c2c635b09140e7135df,ddc9ff965b802ccfe355f535a016ec4ecfb178384677cbfa4e3d31900b5dfc59
images/fire/train_001256_box0_0.jpg,fire,0c396a7aa08a65f3d96540e69735b5721f884dac3f95f3335355a43d98dfd35b,f0ca5e3c83b6927c1f04ca97256dc3a845406455e4ef296e96bf9290ac91258b
images/fire/train_001258_box0_0.jpg,fire,8220224aa8f0e7225b153a9eef65284c2354673e29cfe817b268685aa545b5a1,30461afd10cdc7a02a64b6304c7ff9870a9f5214606ae3aceb271898d9bf7f83
images/fire/train_001259_box1_0.jpg,fire,ba9378d0291c0df7752314cf538164dcc40d5381e27ddf68755ed91c45161f39,dfa01c07e5c6fbaf9a3b204a590de3b61c11eb7ee91a526f242fb24bb77499b7
images/fire/train_001259_box3_0.jpg,fire,334564937d4f699620725b7f1fa476d9c6c34a2f47fdac00ac1c118e860fdabb,f66f7da2671cbb859df8d86dfdb75c10b6cfefa22ec1a211d2736d92ddef1933
images/fire/train_001259_box4_0.jpg,fire,e29b74c10f6f3105e5acc3db5dda8e05fbc4a69f2334d8585a1b51f53f831266,b809c6789cd142e1c8b995f1fcd511498f19de70824beef410208dede346a0e9
images/fire/train_001260_box0_0.jpg,fire,0041ff5d5dc9bb3fb2d7ae1e0a3ca492081a5ac09e34cbea66657b5030809473,76a2317bfca8367b6dc28374cc554ac6649f21640bd8570345f33aefe918443e
images/fire/train_001261_box0_0.jpg,fire,d537682f21667b25942a5d3339761c67745a403657220c3c8f5fc17eaffc6257,0f7cd9463e4f1a6e37a395d3df0ddb4b1b9df8b9fd4ac85d3fd1f20f63e41d88
images/fire/train_001262_box0_0.jpg,fire,d49a271b856af410324153a24f7cf66a7aa0ca8fe3660e81fb66a9ac547e69c9,499262de2eda288f9c3c83037b9aab1eb52eba729237fdca8919beb479059eac
images/fire/train_001263_box0_0.jpg,fire,c761f25e744141991ed1615593a848200cf8e1cc98bbc083d0100bc55a27203e,9b0eac53ff68a8c967174f725e45889a7a36e81221020549ea2c7c03f126b696
images/fire/train_001264_box0_0.jpg,fire,41309031e2450e642977b32e795002c37a686f10ae6c018470768d8e9d2fc9f3,00aea7247b32a673fa72fd2caf1eab3bce3943a48e68f430f130fae9a06ebb24
images/fire/train_001265_box0_0.jpg,fire,663354ce845c9d88d8134bffc0a147357158f8b3876b1d8275e9a70528f7d43f,3e4412015953423e49d561da1e861142767d6873e65713f4b002301abfc0c92e
images/fire/train_001265_box1_0.jpg,fire,e756e0d7f1ec642abf06837d1076ad338f55293e0048957f2394a51cbf8bc931,813fcbaaf92de6094a9b34b1f676332dab6fb4300c39341c78a03daeb34acc2f
images/fire/train_001266_box0_0.jpg,fire,a078ed28a9d05e1da07984e94bef418ab88232304e4155133745ca0a78b4ceec,80dd0338866279845e29dea2d4c4814078d4fe55dab22cb45a130df3543d65bb
images/fire/train_001267_box0_0.jpg,fire,fa77d6569970775ad436ea6fb0155635b9b04b602f79fa2ec017c5d26f17ff9f,f26b9373754b3a58760375d6f921c0a8d019e7a13108797290d5369b7e5effb2
images/fire/train_001267_box1_0.jpg,fire,ea63315f0a654c10be8d8a8944a9ec2bb65451515240be08bb5ea9f31901ecbf,08d58d2e51aefbe225e3bb59083e0e8516909d9c4d103ab66937bc18a985f99d
images/fire/train_001267_box2_0.jpg,fire,ce2f002d5510a644a10001856ee2118f8d9ab0f8ba79db97e5bea58348904fd1,a6aad5a1b29718a50c9ae7dfc259dd6a4e24c75aacec4c1f68e835758fa55fd0
images/fire/train_001268_box0_0.jpg,fire,ef03b4ad7fd4531fd9c681235742c6df20944206fa03094ca44a39d73bfff302,c9d85af0c8143a577508ea3ef02343bd62065e158c253372f9e0c6c3edfe26e2
images/fire/train_001268_box1_0.jpg,fire,4a2cbb35aaa646f2b597cd68920c752826576de1c561ded0f27b02ff3dcf3b99,15c78d878945eb1a17e51e4c52448adcfc1aba651c4a8e7bbdfdd5af1fbfd667
images/fire/train_001269_box0_0.jpg,fire,8212ae7d7afe920b7b25fb05cae43133b2eff8a0c39c493fc480f50ba0064bd9,72dc52230024d403bd0f17a84a12ac5c57e49fdeff1d566f7bf30106d972da09
images/fire/train_001269_box1_0.jpg,fire,610e5a0e7678242bcbb214d18887696c6265bd14f559a1907d5bfeae110459d9,b3a12cfb96554a8e2636db001867a202c3882e31a2e65157a712ba49ccc6464d
images/fire/train_001270_box0_0.jpg,fire,188892113bfef5bb4021fb6d3e3307b1f85bd46d567465ce07f1a1bf07f038cb,8a79d0a013bdfd53dbff90b81d9f1c971cc17cb325eac4fe169339dab271b493
images/fire/train_001271_box0_0.jpg,fire,c6cbe5cc86202a58cbe468159dadc81452a9c5feec6872fa1155d6980ff83ba0,a0c3e29304f7113765c6a1d5a201700777e0ff75c0529eb69ff1490e09a990bd
images/fire/train_001272_box0_0.jpg,fire,d7e49c6432ad4c476ae318f33491b5c119027cffb610584b338393d08957487f,c480f6f36e79e2dbd3a96ae3d5dbeebe06323eb7ca96d543b6caa2a825b6781b
images/fire/train_001276_box0_0.jpg,fire,0d5be8daa6774406d30e56f0027bfff40b08f5749ae38a09ae4e7be33bdc5178,9702f7e4644140559b6168fa91f97bedbf10bd1ce26fa7ef2c0d8b565196d4ca
images/fire/train_001278_box0_0.jpg,fire,cb363eee916a1da5e4e79f755e080301ee20e1dd018d0e4e55d1c56fd080eeb3,342394ae69f5efbbc119c6f3fca06ade7c778047bc6a63ba3b5fc0fba3472640
images/fire/train_001279_box0_0.jpg,fire,8dac4e96d555f0ec69574113e2f6b5719fe40ece4ae83ec94168b51ba10e5bd3,a9b39e30001a775aa3373f56502a85275f72d82236ceb45d96d44942992e4c87
images/fire/train_001280_box0_0.jpg,fire,c35dee8db1a709f35c1d2ac5b6b12eb7ee574851109f72d4b60aa7c0372ffd45,1f086be39bbb5dc005d754e32f7d60424510ad39bebf0513c33c957d0b914f3f
images/fire/train_001281_box0_0.jpg,fire,695f39ad8dfa8aeda71b79cbe3d1d7c729445cab724ef5e78b41c788dfa4c84d,811ba72e41491a66500311eb853d484d8990e1c3da63f5d13ec4deceb9fbbd52
images/fire/train_001281_box1_0.jpg,fire,ce60d9ad784cd26e08b2baebc867746493f43ab329d2c78ce000cbcb5e05b7b9,749dd32a4e3849f3bdf8f983de3fe283085864ed1c124d70c4e7e81b9df26c60
images/fire/train_001282_box0_0.jpg,fire,eece2c99c03d94626937545c016ec243c359bbc245ddbe030bafce28dca03d44,53b8d6ab3ebb8ce0d051462814219ea64af6376c91ded671ce3796a59743d292
images/fire/train_001282_box1_0.jpg,fire,85d44a5127707fc63517848ff1bb24f04797811cdee3405c9fb3b38a5f3db070,150209c6acdb5c9806e53446a22464924168809b4510c9c72e208be2158f1bc1
images/fire/train_001283_box0_0.jpg,fire,a5f4ea5341253d65614c49a4507cbbc781edf5b03f4a67625157ddcf477c5c95,bd17a643d1c03b18bcb72b074e251e6c6848ef4d33bc060f479db34d2757ac77
images/fire/train_001286_box0_0.jpg,fire,028deee8190382cb2750621341930886701aac326ca4378006bbe226779e504d,01b8a35b447257c67a1f9b6c275613bdf4412eaeb6276d7e57bdabe715490fe9
images/fire/train_001287_box0_0.jpg,fire,3319f0e24963fac15b7286e136be14611dc4820735d26746ffcfd9dc09279860,41374c373166d768ed6e197521db1b9d022a979781d466912c21e2a434b1333e
images/fire/train_001288_box0_0.jpg,fire,ece1a038a046e935cae1347d135d53fd2a76d03d1d7ba264874ab16971f5139e,131fd44d63d55df2cc632d271058de05c2693142cec3c942a9e065f610a87e64
images/fire/train_001288_box1_0.jpg,fire,dcc2c603e7afa9bda4d9f4ad7e831f9b4f39b532a87c8d5536e4e1331055b985,75a0621d7b8ee4e568ee27696a2e8e96e2e9970b390d36e551c4d133986b7eee
images/fire/train_001288_box2_0.jpg,fire,29f25d2f5de20e2c5865f1470d554abc6c087197e062875baaa5ad944b973664,294f4974841db4e1ce95ffc06681ba207b468f2467d02178de390f6f67b97b2e
images/fire/train_001289_box0_0.jpg,fire,768ea78b1a48e77068e0582bca1871fdcdec4c88598499d3372500880ea881e2,36fc3454bea83a3b9a51bf4967151b107cf4c5a273282d1ea85faa0ca0efe5b3
images/fire/train_001290_box0_0.jpg,fire,8813cf15af60eba0cf5f601b130a1d95816c586602f23ba10b1ae6e82ad38ff3,6ca4c6d450045e09564526a66072d2d335e188dcce3f5210b4cc38a70bdd88fb
images/fire/train_001292_box0_0.jpg,fire,daf40b4a422595192c38a94187ec053daf53784a3057045a73ce204920ccaf34,66577563280b14b166811403d8c86fd1c3b8b5e101d20390419e5414467c33e8
images/fire/train_001295_box0_0.jpg,fire,5d9309554add4575cd6c0444d3e860963d2b2932ba8dff0acbb9e850907f4811,db7f7045141770a434d52ee99876cf0837e50098ac97fd256d075038dec7e925
images/fire/train_001295_box1_0.jpg,fire,e6699925508d6921286135a97ded5443e6a05a0e9e684ff25d57e31d3b873a27,a88fdbc718cd6bff0bbea47e670ce98d7a438e26f44be3be69cea0edfb05c045
images/fire/train_001295_box2_0.jpg,fire,218e803a3fcf7cefb5e150432041252ee0c926f3c13830c396e9f27cbee02f45,e205b627cde9006e66a3d1e03f7cbe257a6e1512dd4a2a9dd74ac4ee40fe2e95
images/fire/train_001295_box3_0.jpg,fire,28c27fe661dc404f52d350682f0a12c00bf80e4183f365cbe9303af77d92d63d,cc13334a28d2ed4f4a7bed3bcf3ea7614fd1b952e5301c8a044ddb396b63f1a7
images/fire/train_001298_box0_0.jpg,fire,6053cd4ff7afd1f5f164c766c89b223fb30aaa56c72439b5cb75dd70ff14186b,8c6ef4d5f6e96798ce7089c7d4a0360b8b44fa3611c74138e0d1d70dbf4bb8b8
images/fire/train_001299_box0_0.jpg,fire,2ba1942173de143c4046a984dcdc42ce680005f6071c041336eb7aee0eeab759,65eccd8c10bd563e418742d63299ea8e4e179eca3dcb37b6895fd90b8c861028
images/fire/train_001299_box1_0.jpg,fire,2aeef6d718288ce5e9305df2eb8d4f20cae032fb6cd0817e71cad2a77cfdb1f7,83b8a5b3ea492fc11417a67eaa3223c69589e16cbdd1bd13695e58b7ef41e7f6
images/fire/train_001299_box2_0.jpg,fire,e29bfbda166cbc80a48ff534ae6a8976ff9267e3391eb9cb00405eb9cc87b901,9ebe60d4ff9e38f6012791cb63330b673cc7b17f7e86c6a2dae26d05f41fba60
images/fire/train_001299_box3_0.jpg,fire,f1674383aab46ce0817aa5d9dd22b22dc592e00ca0696b044951d2713b55ed76,05f24d4c310061adfa32d81f285ac43405da839f3d23eb192f1fc4b0a18436e3
images/fire/train_001299_box4_0.jpg,fire,4ad911368932a74e8a1f86c5cfd45bfe914058ab22a15a4ca2379be5aaba37e5,853b152ed99323b24c409192fe27aa335e8fd963cad8375109bcaf7ef5f16b5e
images/fire/train_001299_box5_0.jpg,fire,664eaba5ebc5f647713ecd44f82dd34b21cdce8d84af76129ff72c8e15334162,6d8b9e74a6ccca289ac26deaef98d880aa51938cad9ea873a5af30c0832336f3
images/fire/train_001299_box6_0.jpg,fire,bce4003ef80795b77f6c242dd3766bc5a79f44612c6c5e51661986561b3cd6fe,a6818b719412da3de9047a4f844b574290bbdf4dc83d67d816dc1e9639da54e0
images/fire/train_001300_box0_0.jpg,fire,93f202049e9d0bda0be4a5d2d2a89279f7a4c131d90940f415a28ac7fd180f11,cb33c24eb1cccff8145e1064cb692b0c0dddb5d822eb4eef4e75e7881863755c
images/fire/train_001301_box0_0.jpg,fire,da3ea29a9e2492bf59170219b858d69b8e4dc5316b8d4bd73f78e639a12a05ee,ef2524b46a4415878af7588c4909d84dc8b51f8e9c7c4c55956a7ff2fc325fdc
images/fire/train_001302_box0_0.jpg,fire,46540e92d54445bd41c8e2a9bd3eb6172a77391600ce256d144b2bb773aa453b,d6b0b55db2af1eb0ea47cb76bf6f028b942919abfc15e365a28e479a243c8116
images/fire/train_001303_box0_0.jpg,fire,7facdeff4fcf16ffc54ec2f53c6e024bd225bdaf8b71e350fbec7dd1eafe24d2,53989b816846a54af7630b566fe07e636536e5d7fd7ed72a05f32afa945d8593
images/fire/train_001304_box0_0.jpg,fire,f2562d22a1058a80b68c9a54fb2a3b2d0023d5c92ce7746668690dd0af151323,aa22c8539c36f418a391292456609be10d3c2d2e623b484ff0e848bf130d165c
images/fire/train_001305_box0_0.jpg,fire,fc4fb228ebd0faf469486aaf94820b338c028a5c6cac8d305352526159c5c6ed,189fffee3a9277222833c04ed81c0b7d1cf9acf5e975e18fd044947c392e3f9d
images/fire/train_001306_box0_0.jpg,fire,f17ded22b7b4d8521fefbfda23b0c019ddeee72215e4c34de06479b8f61611dc,0df38cdcfd76eb79cc62a08abbad5f0f7c0b2adba0d5c530caad80182f49f333
images/fire/train_001306_box1_0.jpg,fire,66b1c484f6320f4c33641e575780aceb79b048cf3a72163723759d9c4da5135f,e098cf1c34400383b8224c459a02c4a42e13f3aed3c62e5df9d8d9582387fd4f
images/fire/train_001308_box0_0.jpg,fire,2ea44db7c9df90ce6a0c5cdfac3268efbaa8caf2a476f361b0edba382e502283,535129ff3b1c5d2f3cbef96c3c9ab7235e62bd802c5ab2cf0d439b67eec41725
images/fire/train_001309_box0_0.jpg,fire,71d7a8c1b3e6e9a70b6ef13b731e39ad03f956cdb06d1e552032c5889b7a85b0,8a0dc535505108f681e8b47ce35a33414cac1bd28209426b3ae34c0056571522
images/fire/train_001309_box1_0.jpg,fire,3dc94bdcc07a243e96ca50abd90ced1f4e38189257bd92c4acb0f6dccc65b089,9d826fffa9b1e0346c83f3e1446d1e374870aa7974acdf42e36b97781806a817
images/fire/train_001309_box2_0.jpg,fire,138892db84f3f036b2f26fbcf4a9e169829c0c4049b626f85c0adc1eb1adab4e,da4d6cb17d1d296567954007c6b853bee8ccd2a0dc6b680760e1e88eece4c288
images/fire/train_001309_box3_0.jpg,fire,283b00edee516d11f7c31228d69557c4c94c40c93ab724b1832eb8ad4b4d7e8b,6b4627101f5baec1ef3788d8755fcb560bf23e79e3e28965730d6059343a6a51
images/fire/train_001310_box0_0.jpg,fire,ac5758ce33656eac8bd5d97ed9d5fe8a6e4f085442f94e95d470b793b488b04f,e5190ee83bf752873c35e871e70d8f719bc30b35ae296b9eddebd2afeb31bb1f
images/fire/train_001311_box0_0.jpg,fire,8f17a17767417c8b6c464d676b84c1252b0e6f15650baf3fde8a84c13591b0bd,4865e54ca921717b918524620730107ebc993b10ea6b17ffaf3f6b758c51162b
images/fire/train_001314_box0_0.jpg,fire,2b36a1ffbd676aa3ee82c893a62a1584628822274f408c0d6b685d9832cbbdfb,90a424d9fc92f2cc1bebf7328564074949c8a1a84a0f7bec7f1b4a5ba67b3060
images/fire/train_001314_box1_0.jpg,fire,ed6aad65d9ebf13a5623a83e5bc7e9411cd54dc196acf16db2aeec47df1d36fc,e25c31a4435b3a228901d7d82560984e3bda671e91c6215973922d70244ff4c9
images/fire/train_001315_box0_0.jpg,fire,26835d26d5bd54af15424342803fa22f1639e2fe016f640fb6222fb084e6a39b,e62532c9a707796abd990d38d9b55f7bc54449656cea8ef24bfa12232439a0c6
images/fire/train_001316_box0_0.jpg,fire,1c5fbb2e0d6f933a0507b33bfba2eee74c7fee24b86a2e6bfc257000ad7bc8af,a2c25965f74491ce7807b427e0a5756eeea13657561a2d367c8d410a03147412
images/fire/train_001316_box1_0.jpg,fire,0acb3be43d51e364bce1e7ae9108d0ae0e042023c0497273d57d8f58f26a870f,a03703b912a731f52d63552a31e6133c81b0c8c85d8f7b192936d7b4a6e55475
images/fire/train_001316_box2_0.jpg,fire,76ac786969aef00fded2526f88391c3393d41e2b40102460ba2dc2f382ec8f8f,438ab000571d65a192cd90bf52f55b94f3cb70b4b533aa2a28405af82b2bc6f8
images/fire/train_001318_box0_0.jpg,fire,0b9a134e9c62ad3cd86b9a5741af3f12c0de1a5a30f92635e64e2d81d0961103,64a2f3192389ee51c6ad51596692519decc04970b2daa9c7de18da32434c0ff7
images/fire/train_001318_box1_0.jpg,fire,12b06fe02d12179e1a043599d5778b1f2d043ec1c43a9e6c3cac2bb1a0d8d5ac,b2b17addbe7d4148d3a9bd2bcac970bed84b3748a2bb5ac132c48340e46f7b84
images/fire/train_001319_box0_0.jpg,fire,c60d8a6a2cde71030713b26b70344f504f64025b925cfd0834211f2a9dee5182,cbf0f6950bb35ae6f2d89ed4556b6f3f149d4497e181d6a2b91d716be8b4d9d4
images/fire/train_001319_box1_0.jpg,fire,593580f8319f35d5a18eae8a4e6bb3854e8b69e0c28b0dc45a3e6ecca3891a88,946ba68db8a2931fee449ef453fef8e3a0069de7acb13ceced28f697113b924b
images/fire/train_001321_box0_0.jpg,fire,6e0ad570cde006850e7990f8d56aaf10b002c231d7d041946bb5c68bdb6139e2,9eb9dde9aef204f1e664d8daaa8c27ec17d44e158cad9ce98f941f356bcfcf8a
images/fire/train_001321_box1_0.jpg,fire,3bad1aa9ef983d36695f26bcf4d8ffd61ca0e0328b7e2fc95484df0288416253,7d2b34a3df25d2599502a0bd1e5e8d969d6c401d89fecda6824c86c6e31a2b57
images/fire/train_001321_box2_0.jpg,fire,329732f87fafae7f58b6f74c3f9f6552178e3c11c6a97c2baec49f4254d3c432,e4c5dbbd39542d3d5052973ba47ab302b4ef0be6143b1ebee6e37826c0956d99
images/fire/train_001323_box0_0.jpg,fire,48ead410e904db9c14713cbb76df861c29a0fbb4bb12b7fa6dba9d3d6baaec70,b43c8fd380e8fc78fe37ebd9886af83fedacf14a5d1acbd0b0e23bd67e6012ac
images/fire/train_001324_box0_0.jpg,fire,d3516dc61b52798228cbd4ed5bb9fd40c2bfed73fe2c46bcb4f5906855c54b46,a9dccfa1d13c8575e9f689f4d44f66c9b77ed29b73a477df26bc5d36cc368c1d
images/fire/train_001325_box1_0.jpg,fire,8208319113587faed247f161d6926de0e6fa20051916b17ae5b4f6df19ef88a7,a77c07c272c8745aa67a4f65226af5b5c354434328ec6d42bbbb5ec26525a8bb
images/fire/train_001326_box0_0.jpg,fire,6efdf0b0bc13c9caa2d4fb40b10f5740e2d7ed675e65912aba7b05ebcdcfe2ea,370eb6f7e6285937e3385781b8b0dbf6e267953e4233a1424ffacbd6c8a4fc51
images/fire/train_001327_box0_0.jpg,fire,5a20adbeb01e1728911fe93594f2523f53049fc471637af8a98638c524cdf42e,f68ffa388d19bc50778a5d8db39e68f13c1dcf54741610481bd72cd024a1b5d9
images/fire/train_001327_box1_0.jpg,fire,285cb11904aa5d5431f39898416822b089d6944ed3a12d99a3ec629aef289646,33c8617d706c2b96c0b19c51f2550f3582b5c92201695fb9e10c3023276bf85b
images/fire/train_001328_box0_0.jpg,fire,f13f86a619d6e0cadd6c249238fa969975f72fd8e85bee35c8c9ebb1d3ae8d37,ea843103186769f83843d951f31fc4773a1a17ef6fb9b5a514394c2b990562ad
images/fire/train_001329_box0_0.jpg,fire,3cb520c3e0f9e6a98fcbfa370f379b465a74d43c410d578ad40d1bb8ce2b6ede,a0951e5c0c42b78ce9ab3b9ee3c7513510fd69e9b2f4e5218cc74bf537a43bff
images/fire/train_001331_box0_0.jpg,fire,346725da95eef7544156787af51340e72310fd7128a0ed25947d207a46b1d2d5,f9d923903f9ab57b1d911faf7e16f91e1d5e649b17473ff12342b9c9f72c64a7
images/fire/train_001332_box0_0.jpg,fire,d41e3fb203d8a0371de355811ebce35b049449004ce6973c79c1abd6c3102636,faf7753371e60673e3c2c34f16c37a8bc53d3c37eca7461494819bdbe840f432
images/fire/train_001333_box0_0.jpg,fire,e6bbff29512cc635ada18c658b9012d7fbd837a4bb3275ceed50b2ddede31702,133d354a12e32e00fd3ee0b4950f84b059f41444591e5759d1e67936806262fa
images/fire/train_001335_box0_0.jpg,fire,9f1e8e8272d1431bb598b134195cb62a61693545b71d178a6003e0877e46126d,53453f80b7098427bc5b1d486f0bb77686c6c12b9e9d9252d207875106c2482f
images/fire/train_001335_box1_0.jpg,fire,c113a9000705facfdbda245e7ced7df295932446f2fb70854498f83b7c28d35d,7aadee862a150c7f268bf3a5d32d8d8b50ed909325c75830cd3a7a03791435d9
images/fire/train_001336_box0_0.jpg,fire,b31ecfcac1d820aba80bb635b8139c5b24233413ea66c85b77470290aba0926a,9ddc2e9e2c47ffd50dfaf427adac183a7a28cbfe806552c82e4a42351da4ba41
images/fire/train_001336_box1_0.jpg,fire,ce6a7ae0a22816c8ec940c78240ab7b031d23e301da8fe8c34d242b3135b0c37,6f9b6da72ab32cab475596f5f86c87e338b74457a44fda400a5f34779db24682
images/fire/train_001337_box0_0.jpg,fire,7c6a4a36947f4d28e14fc71e9ba3fbbb2cd58f2787cd15521651a40c11b6def5,8d9e94eb0c26de322a486d53eede692e576541cc0916cb83c5e2b70031776178
images/fire/train_001338_box0_0.jpg,fire,ab50786bb1555f09a771a71db0088949a437e98965cf2b5b82c865b7c62eb1d8,7d0441956f22ba750f787d9a0ccf863461131ea18e8ed1ebe42d431e22d4fff5
images/fire/train_001339_box0_0.jpg,fire,c54471198c1bd177e85612d2aa71030b2302ba2b490d1c6212dd272878bce2df,0dacd7095b2b6f808b3e111617d53e3e0f095117a4f4087e996490a094ef77ad
images/fire/train_001341_box0_0.jpg,fire,1a9df1a0a2e6d094e9ebaadabdbca45e981e4e2c4dd685f45567dbc0fead9905,f58ad82679504f9e037860dd07f3a48c96f694c1be3854f5fe1039592bd7e427
images/fire/train_001341_box1_0.jpg,fire,8ef9707e9bceaa5bc9ab9e196e910d7ced841eb811c6ef67bba2ac373e022424,a7f6f1bb203f2004584d2fdd3edf9c01cb54a1574133079b05fadfdb65985d42
images/fire/train_001342_box0_0.jpg,fire,6a16a0fbb02090467beaa8e4aa61f9c0be888abb889c4f2d0b2a7b8b6feb49ea,3a6831f3efb685ad8b299d6dbae3ade27b9880071e51135ab816e588cd10d640
images/fire/train_001343_box0_0.jpg,fire,3b47e07479981a4cd1e6d7486f0dcb4b636d122878792a07802ab33d7929c0a1,8a828dc5c42d26f1f6b34c5bec65bf315639c1c38b79b3c2e1749c8e25fd923f
images/fire/train_001344_box0_0.jpg,fire,9b2642b18dc6eb85d7a6327b4d9ce4db6223c80f6ff184afa9b1646bb7c32cf6,d7c4fbd585c6914fffa93a2d2c786f0e8bcf8732850af264a02f6a90175bab67
images/fire/train_001344_box1_0.jpg,fire,fe3175bbf4a7ea6aeca6807fa71c28c57145747d6b709f04ff0cf59b60976181,44a097dfafb113590a4635d80f4653cecc9277b34074596f1cb43e6d09bc593f
images/fire/train_001345_box0_0.jpg,fire,32b52a3738be372dd1ec77adae194b20d81047547e4784dfd17df5461aa17b47,772a3f0ca521b20b11554631f78e9b2e70263aa2340706efe68eca7f7a8e6375
images/fire/train_001347_box0_0.jpg,fire,a814ec70b1a9a979494621940d79a296d141622ae4b2d3827b0fa58d1ac10436,ccb2fb6616b06e818654fa70c05bb4ddfa4a1b8e59937dc85c8407f425810212
images/fire/train_001348_box0_0.jpg,fire,5ee10c588157352b8d5eb202f2511ebdcc1077995bf8cdd1cb8ddd2cb03c1b88,10c43584476c5b1529ff3f7370e77ef643e5c8fe27ded45430be92f792d509f6
images/fire/train_001349_box0_0.jpg,fire,5c941fe39c32880b4e347f7d9646721fe6dab5d7e6ea409e4d22b830b132bf8c,3bbfd4e13f564ea2a87b67427cb9e8e478a2b089ac9b1e323dfcdd6e6df25649
images/fire/train_001350_box0_0.jpg,fire,5fc752ba3aeab86c163e9b4c3267ada15faf7597fbf0d464894180f0a2a8d4a0,bf859d9f7dd6ef64848b442aa4cef26da3a7934800774c4d2a3a9ddb64a68171
images/fire/train_001351_box0_0.jpg,fire,d8e3622c2659a64f1847e87e400d8e150ec662733476941eae1f7712d309e3b0,2346fede773c60c0ff9740556daf58fb7eb1904b9d042283ce09256ce308f922
images/fire/train_001352_box0_0.jpg,fire,15b747f691f5a650630fb287f9a9a56e0402587798aacb9797c61c479e316a6f,933d2f8f22b855e34fbaec0a1f4718cfd9db2ae2ef45fa2a61e75c12c8b9d73a
images/fire/train_001353_box0_0.jpg,fire,3810534755fa32040ae4cadfdac3024ba3590cc2d6ae2db0841306f61ec015d7,9f9e3533578b5e9298e27b3ebccee586a2b56b9f37d56984972b3ed9ebfb7a80
images/fire/train_001353_box1_0.jpg,fire,89bd54256523c0c6598957686ba1510e5fd7f8747c167650ea460c503168eea0,3bc125bbe2877b43b167abff6754388a9a1b375a8f107c8cb197be5cb4216e3f
images/fire/train_001353_box2_0.jpg,fire,34e44cae693419d02d92b5ec658832895e015c32d4ad41c97c818c56d42c805d,6cfd5d8a21c2ccfc3c5e19923acedea5646e202ef6b3750a65c6bed476caf429
images/fire/train_001354_box0_0.jpg,fire,85139fbdd506899c7e0bd9def7cf36488791500e7b5ecef1198d639586692e3c,7cc25cf4b7e92866351b9c82e14e50a3ba601170a453e26f5ee893f0c388f5cf
images/fire/train_001356_box0_0.jpg,fire,913a8f3206f668f3c52cbc784c0457ead67c0e21e1409d8eda475c834574af87,bdd6a1bd8d533e278d22daf9375aaf6a642fa87ab240394d34a26889dfc88b90
images/fire/train_001357_box0_0.jpg,fire,3c04e2d1a689f63aa2ee2d970722987ec64142f1bc62149596b09069e5c4ab8b,1cabe07b3b4a96f558af6d1b7ca91ed26f2a8ecc75fc6ce67f951ec5a485589b
images/fire/train_001358_box0_0.jpg,fire,06f44581dfe2151fb6dc4a735c28f26701b78ccca5581cc5dca518f08be76fa0,4b69270ec18d01a1f85cb10217378ffd999f5b6c2bdb1a232d5f2688efb135b1
images/fire/train_001358_box1_0.jpg,fire,29cf42807795f99459ed0dec922b0c98332af70cf6be7b33673c8c3c1ad254c8,79e725abb415ba0672776afd2666e8f0e144a1f14b5b567b681dbf80824749f6
images/fire/train_001359_box0_0.jpg,fire,dfe9407ad3185fcdc58b0e8515e0023b0d24d34aef4d13a8f463257192e61d63,b62ab21f80b2b867fca5fabb81758446b4e9bfcbb28aea3cb8aac8dd5b84039a
images/fire/train_001359_box1_0.jpg,fire,4698d5b18f3fb45fd41dc38441c50d9dc3443fd823d39608a68f917710196b51,6469f9342a1735ee7792e0105286097c0e5012904736f447235672d9e338ccb2
images/fire/train_001361_box0_0.jpg,fire,aed887b77fc0b384f5537c45f72cbfc79e0b7e93e0f8aafb11d7eaa26df602f8,5c4e219bba71051e94195e6e27d6b9530e70ef52d0956732506c963a8b8e3917
images/fire/train_001362_box0_0.jpg,fire,c9287215d3af0efcb043b8d76ab22598e8e1bab4ca20dacdc40e7c83f24c15bf,d8c174a4404d9bef3f81c93fbed1d9e5d17eb88d4b750482583dbd7a7b3dbabe
images/fire/train_001362_box1_0.jpg,fire,4416baaf388267b1aa305d93cc02801607ce4ccc35787a5017ae4103b9ec9a88,346189c3f5b661150bf6f3a14eb4a2e7315070d0db42983e24f643c6cce5633c
images/fire/train_001362_box2_0.jpg,fire,0017279a42cd8e2e8bc67df426836c006ed3f86d5ad88cca3cfff017a7d44468,647192a83e2020dbbf40bc48325150b5ee652b5efdec9e2cf1a5dacd658b4965
images/fire/train_001362_box4_0.jpg,fire,637dd10245f6c72f7e2a968db6285c7efa4568993b517ee5b6a61188cbb4095f,27589f4837912a6f0188991ab9f744ff11a2cc94163bc31f5dbe5038348d0c46
images/fire/train_001363_box0_0.jpg,fire,672d8553dd7c43c4ac8caa66f5717d9b8b3a6b31c594dac858905606f900519b,2290ac1c0e393a48a326706edc199509c9a451b03d064e4846de70e4aed74abd
images/fire/train_001363_box1_0.jpg,fire,b7311e928b63c11b038a00d93fcb36f56b71c6afa4983dca1e01bbba5611c973,8089240b651c884cdc19abb8f6c30992fcdb6fa7510d41ebccb98b0451ecd190
images/fire/train_001364_box0_0.jpg,fire,ad3eb269f53bc375dfd84caa7f81acc834f0a93640393d485f873aa87edd6149,76ebe561b5baa8c8f245ffdb8f2154f7034da067897fceccee01793b02bbf739
images/fire/train_001364_box1_0.jpg,fire,21296647d0feab2767897f466db5fbcb8cdab23564e340c3e8dccafae17e2960,83d6362bccba7901e26a1c4d4c0e1ffc99b9b461121beb7f20871852a8345e90
images/fire/train_001365_box0_0.jpg,fire,f4164353c72e4d91f339802109b66cde07beb9e7176b3a7b3b99107010054311,44fdf5c4b7f033064d55d5cb59064e410dff336a6364dc2e50026e0b1a760091
images/fire/train_001368_box0_0.jpg,fire,2868634b90a49359d42caab4b9849af3a13ebf178e638499d292bca1d1a683dc,b946b9ed4860d15a788d86583a49184b44674b55fcc62a9f3a0e96300f06344f
images/fire/train_001369_box0_0.jpg,fire,9208b5ac262cd8c3788b0b923300ad7961df765ea5958750ff17200cb364d3d0,852efcb26538bd5ede9b040753a81c13a6724d534434695e097ca7b74940c429
images/fire/train_001370_box0_0.jpg,fire,8a00ab1098a47bd38a445bb8e79aab63169f898cfbf0a1eb69b28c3225c093d6,34a261c7e8cb9793b0fb46e963ba88eaadd23583ea1a4763a33cb35e1eb99b2d
images/fire/train_001371_box0_0.jpg,fire,a0c22f8dcbe42d98a6c12991ac11792ab3293189afb19d4d78ea465332424bb2,cba252da7f9d522cd9935584367e5f2af8b68f8b49552e1881d4d63f3f9b211d
images/fire/train_001371_box1_0.jpg,fire,cd3a061c42a7cd3ff588f212e35f3d13f611192b021eec10193bcb884e590b96,887fec8e7ad688abd4a9aa8255e70e1384fda46c6a4184fcf9987c1eef7e83de
images/fire/train_001372_box0_0.jpg,fire,c35d4479b467411ba8802b27035cacb594005fdfe4aa8c195b797ce4509b9e7b,08c4f49da46776c2c45a3b39c5dbd191408632c500bc73e14cfae7d11270765e
images/fire/train_001373_box0_0.jpg,fire,87e15e81ef447a44defba5cfa2194aa7a2c5cbfe220f1a13a7bcbcaeb6d04b3e,37a0ef0b0c1f4d872da3096dac692a959e14ef2457973666e0932297b0e06b73
images/fire/train_001373_box1_0.jpg,fire,e0bbfb3fa2a17b975e7bb600ef5478de429f035a016f0d922a12ba64c7e54b5b,70437ee43692e8752b556ca6e8b5b7e59cf1261f08ea011cfec8ea7460ab00c6
images/fire/train_001375_box0_0.jpg,fire,773e26d4f26148cc2d3efc44ba398410b93273db936f747665a8593e9be2339f,db0a4050e6829d7e82cceb3b6ad119cbdae813e2665d73270fef2734ce3f5af0
images/fire/train_001376_box0_0.jpg,fire,23b192d6fbdfc44dd50f96a7f003a39fc10796d59192c5847f4826fcc1ce609c,5a63aaef654f21142163c5114befe401fa0159169ad60305bd70b8262d8f6266
images/fire/train_001378_box0_0.jpg,fire,540eae262ec75cb71b1a2e0ab07d7a5e90b17fd32f2fdca3aad85d28d89e0166,159a2b4e643da939ee3aafdd9ac20edd7cf34499c6fad72399cf510651a9c170
images/fire/train_001380_box0_0.jpg,fire,2f2b4dcc38f876a85406396dc8dd2c37436ac5c123b322ea74173b9ec47a02e1,52d396d7bc323a654b2f70f226ff4c93ecaa89139d3b154c81ebab4622acee89
images/fire/train_001381_box0_0.jpg,fire,53adb8ca229312361cfb6fc876bee8e71bc063f324dc5e07381da87672b2b374,031eb73e3f0b66e453d86ab3180f67b8cd126cefae5f6d8dd4877babb9f8c280
images/fire/train_001382_box0_0.jpg,fire,0827940fe6e4c3226f6fb8381812355120a78f5c63019c3c9e4c89b410619a58,385b33125ee9f1d73e378062dfd46a162564b4dbc194e9923be4c67508e32c3e
images/fire/train_001383_box0_0.jpg,fire,810b9ec92365abcb9ad7f28ffbb057d798d0c0e5998032054993b63d4b34d3c5,94b6ba4305ec205cfc22423598b52b76836c94aeddb685e9fbc3c99fe394516d
images/fire/train_001386_box0_0.jpg,fire,f7819fb52a7e1d79971c45ca77d949004940389751dc37fd443c126d10bf57f7,fd9796df66557697cfe472e003725149844ee325aa962cbcd13a4f6c19955189
images/fire/train_001386_box1_0.jpg,fire,114bf9b5ddfdccf95c0ec1a5bb137ce84947be0a0814483afc2f75d81f2d784d,acbcce7925bac3a2ac09ada12ed166c042c05106614f252cc71074dcc397a828
images/fire/train_001386_box2_0.jpg,fire,60604aca20a34bfbdf50bdbdcd011ebbceb44b64f9f9ba0e1bcb592a7b7c04ef,2430cb3b452b9e0fe691c64cab9c460f53666ff6128fe0501f214bb9c2867abc
images/fire/train_001386_box3_0.jpg,fire,ca36ad7fc3b36c8620eac578173bc809bf16817e18cb07cff610063fae492ba9,16e8b08c8a08fa8f3da1107f5522a712b706d62bce81d86484386d65b4525e78
images/fire/train_001386_box4_0.jpg,fire,ed7509ad5f025fa72a0758dbc1f357f9eaa923be387b0add9b845af10d075020,8d7731f8038ea64ab2278a324c8573856b677baf488495ed7449d4bfe9855476
images/fire/train_001387_box0_0.jpg,fire,762a7c2c98020fd7315c20673d9ed2214c90aed9390a1d7b8aaa795e2ada16d9,52b718651cce9678a0868e22589a3434b7b678b9b8927dfc61fdc34fcd57bb46
images/fire/train_001388_box0_0.jpg,fire,53335127cbc2379df32fd5ccafb7388f62a6e8728b2f8e75e3f470749baa93c8,dd7e5f717609357c722da747b1e65ca43c78af6b6f66c6a3a1cb45a3c5b9cca0
images/fire/train_001390_box0_0.jpg,fire,c2a84ba596085b816b8d833ed55e98ef4cd803878c2ba1127b919e3a039594f6,b25ac297f3384e94c119f8ceb69f5c6f5d7b345c038fe452cd055f869ae2f237
images/fire/train_001390_box1_0.jpg,fire,db0bef2c49e1c58dee56d641a872accf12fbb0999d65b577aca8239ef0c57ef4,625bb4b4432b39a449bf3e12f0cb268e6c753b284c36bcc6023af56047c2d5d8
images/fire/train_001393_box0_0.jpg,fire,4afdb7658a06862f9ce592ad743141359a37d7ec14d9b1500ca89d8925a3a07e,e88997eb16f297ceada64818b52be868d2e371c1c2e6962b49c75464fe7daaa2
images/fire/train_001393_box1_0.jpg,fire,7214d7cc31008d1d0c90107e20eb1a6370f4b3c0e75a7f9921464c8c3da7e74e,7f37c06e8c1bdfb8998e64c47f2f837e1f345200e54979f04a8912ad9e052f80
images/fire/train_001394_box0_0.jpg,fire,72b77b888388408d944c4694a880c4b8977cde84c5f691fb9c54ae511592e7cc,8d26fa2e7d8adcf0f5b966e81de138972ada2adb13e8f9865fdeff8a02346554
images/fire/train_001394_box1_0.jpg,fire,23a3fb0a7884cbbdf4b67710efb576cf3ba5a2ef18d07ea3e046bfa87e3e7d43,9fe4c6f69e6ac6439c170579038961dd66f030fae64603235509429451887c42
images/fire/train_001394_box2_0.jpg,fire,ca6c805337aa0d89a4ed463e4b4ea9f8350b2d283efdaf37ee260e5ca58bc601,7160609a8460f92f3a9cceb5a441b747ef2ef3e5d71162a254b41fdcd4dc48b7
images/fire/train_001395_box0_0.jpg,fire,4c3793c29d1546e401379a5c835b1079d9169129d80dc8aff012dc12067f1b85,44dfe59cd3875636bb462164e7df5dd369361299252d160e7cf51404c049052d
images/fire/train_001396_box0_0.jpg,fire,00a299af590d7a49aba5a9284a1eadcd26191f3325b5c463a953dbbdb065293b,68933a4e29c8566936b6a8a97613bb651cc64fbd3a83c3b1cbb9da774d3af5a6
images/fire/train_001396_box1_0.jpg,fire,1d065a8a7b0bec35da2291d95d799c8827878eac6a661b8326dd758ff36701eb,dbd9acd734bfb09a1c3522d50841095d3a2c505a1cf745fecc1af36a1d3e92f8
images/fire/train_001399_box0_0.jpg,fire,4e0dcd080e6b1a771360f775311e0cea105773e0aef392dd3963f98e7ee99922,57b5aa19572c44586bc942d4ad93b728a735b2deedfb6a0efb47695cdd2639f8
images/fire/train_001400_box0_0.jpg,fire,5c78e5c292e31a49ce3c5c8098224c217188815ecb82dbcd8b807686fffa8336,5d4fab9cd92fcec219dfa0f89ac9d4dea56952607083695e44b36189a63a32c7
images/fire/train_001402_box0_0.jpg,fire,4bdc25dfe3244af789b2d48c4cb4654c63bcd0911e2cbefcaaf7ead0bd1aefec,eea6033432ff942632805ca09a1f5e4832a6e34b372bbad8785e9f8a12c1bc70
images/fire/train_001404_box0_0.jpg,fire,16cc36e404d81b61a0ae83d8e08766296e1c14d3283ea2a035e52789c0990732,8bf88e47eaf9abdfcf360f002d425d14f26dedc4ea17f07a3e0a2401174b09b4
images/fire/train_001405_box0_0.jpg,fire,03a779931c2dc0e170328f088260271bcdb722aef2b56861471ba61846d01ef0,e6574b93d1f3c84d716960d5ff78ffa9dcae34d136c8a99dbfff1422a1a2b3df
images/fire/train_001405_box1_0.jpg,fire,74eafb3dd216e873092b90e82317792bd355910c7e9a0ad63b07b44cd75ad8ee,9b5d9218e4c7e02adf842af79eb2f3050aea0e61dc082b107138d1c0f4f1e8ac
images/fire/train_001405_box2_0.jpg,fire,d5f9a79e72cbc29331936ea7ad0b2b830f2ef37b84ff5e40fb0759779cc5f0f7,7c78913d3eeac4f6cbab86c69fb8884ad7024861ee84737573dbc93e73ae1601
images/fire/train_001406_box0_0.jpg,fire,90b6d9d84cdc5b669d1425e614c1ab773697c59454774ef1595f6b781c45e4e3,3f70500c31e52287a61cfcb1c404790ffeab1becab198b1f68a56f7ce09de785
images/fire/train_001408_box0_0.jpg,fire,5303447059f51e03da45f10d822ef75e8f83e3b3fb1e91a7f01396184b571ecf,cce73261a9007bff2a160ed936990f1bd434e82d1ebf2e175227c3945ccd6ec6
images/fire/train_001409_box0_0.jpg,fire,b5e79df4a2364d1a890f37b2014165deec9e4d81a06f9d48b92d51a6b6f96ee1,325cf4b7d95ce05c669a06fbeb2f739f310833d63d5458f5107bf72d347b1f95
images/fire/train_001410_box0_0.jpg,fire,93ea11ee2e29b48e109450b373c1dcbc2f9a4cdcc38535e0b1f4933886758017,abefb315d0f6eaaeb9cd546962e997b3a65370dbdfe59ac66b020820b23565cd
images/fire/train_001411_box0_0.jpg,fire,213482423ffb753be8746d7668512b0e8647355984b50754491b2c269aef6349,a1e040356a1d91aa1c56e82150a187925daf937bf74a6b0e565f4e94c792e5e4
images/fire/train_001411_box1_0.jpg,fire,47f9cd97490e9a350a70bc12829c71ecaff30ea89daeb79223ac9dff95acbe26,70be734280a7c1cd9700189cf1647d2bf7dc81dc10c62e96281a23f0ccdbb52f
images/fire/train_001411_box2_0.jpg,fire,5ee2668fac82432106596515c1a19c615d49196d7f775572291c219bd4fdd87f,493a9f5e58fc0a34dc530d2b8c2679eafb7344b6011968ca481ae20d5735440c
images/fire/train_001412_box0_0.jpg,fire,f67edaad9b1c4feff49b5e25d31f2b261c97fb1e785c2bd59e68cd11ecf0fb63,49863dfb0e7f0b11e8b8342b792f269e98e54e782e67b1f789936ab97f93a1ba
images/fire/train_001413_box0_0.jpg,fire,94eefff7e53a75c17de7838284909905956bc070941cbadb3a4d18984c419025,4b70cf7530028dc3b9503843c07b10157d41e0f1f8af8960236f803d81625f34
images/fire/train_001414_box0_0.jpg,fire,353545b17fdfceae53e6ddafa07524f7a8c4186faeddee513888b8d9b64102d9,7355be8973d336e4c498c45b8af1c14ad837391765ea140061df0a15d47b8466
images/fire/train_001415_box0_0.jpg,fire,4cb5221b39aed145adf332d2be4b116c93830981185904a019bec8f989fabcba,be0ffb6bdce6a2cba97c1782598f7e322711f93c0ee4f9a57e31a410d6c931b2
images/fire/train_001416_box0_0.jpg,fire,2721acb5f875a09732b477bead08f9c7ef63521b974306bcdfd34eca15cea833,eac5660359f89a580a83a7478fcff77b729bec2cbda970eb3dc6afdf7347101e
images/fire/train_001417_box0_0.jpg,fire,f064f1f085a656dec28a03182559a09adb69923a8480d15845f0f897a598566e,69eb80791789363ea32ab341e4842686b3513bf4f231c4f3c59d0dd5af49388f
images/fire/train_001417_box1_0.jpg,fire,8ecb83d7a95c5d72d02b5c8b99568adc0ce813c6ce963f833d188038e2b70565,7fdcc5ed216e253ac9cf72ae73e8faa3d057b0b0a92c148827ea044da01ed29b
images/fire/train_001418_box0_0.jpg,fire,3a1e9d3a49ff7fde48854a9499a1e99024b9575ba8963f959b1f88d40e17a83d,94232261f3833328deeeb073de8fd13a2aecfd0f7aa5b9eb2e38e300265102dd
images/fire/train_001419_box0_0.jpg,fire,9fabd4320515f2013edcd6f708289586e2007725dcc9c497387e294bebf1630a,55eb59a5045c29050a80b0310f8c7195e62cce51f2321e4ae16cd6be82be57fb
images/fire/train_001420_box0_0.jpg,fire,3bd22d08ce3fe5881e4e0a3aa32ff6c9e27d6c9862d71b408f01da17cda11372,c1aa636c96b8a023eff14399e50b2b65e0b6adb9c8de05a22418873eb7d48f70
images/fire/train_001421_box0_0.jpg,fire,488763dbd0aea80bb7fec453785f03e3927b37ce9d1877135674ccae030a6712,be2ae0c6788db6d83074b065c518b1b7751719766cb7a2c7acc31ba5e1e79ff4
images/fire/train_001422_box0_0.jpg,fire,7297be132dbc5fcd241f3acb1a3ee726ad10abece6d5f2bd614ad2cfffb236e4,c3de7b154ebcc6fd68877f0c273457bfba16e9d11554da70ff1665d25508d366
images/fire/train_001422_box1_0.jpg,fire,5c015b76415c1e434217e8278be28b96b9ce58637b80001b29922fdcd7562f17,dfcdeed122480bf2a9f21451e005f0a1d5fd9e7738c9358aa922dfd2b67ed8d2
images/fire/train_001423_box0_0.jpg,fire,4c77a564512011f276b13578f9aa807faae1f915c9bd9394cf571a541d6b7d37,0489ed988e5c433e251584d59afdd0f273fce093907fa1a50b087b488e6c4a93
images/fire/train_001423_box1_0.jpg,fire,e850a638b469a02c1fb49bdf2dc6dba4cf53b4b3bc07f8828878780888454a75,b2ad7dd35e014290602d1b0acf496f47a29e9a34507c3f4159fb67d8ff50314f
images/fire/train_001423_box2_0.jpg,fire,5d277dd46bbae7f67bebb3a7c281e1750ac987dd8e6efc280468492b4d02fe80,a5ba2dd3bd3719e60820c3cff8774c7c12596479fff2148e83ce020d0022faec
images/fire/train_001424_box0_0.jpg,fire,604605b2bdeb7e994b16396ebd0c8b200b679959f4ba7b5357e39182a3ecec9e,f153d08d0fc09cc54d9b449ba52dbc95f3a41d920aa9b4a0ef3b6269e427b6a5
images/fire/train_001425_box0_0.jpg,fire,d7096c9aa725303eac32da7827c2a5a5492b8556a608ac42f80a9c011fe4db74,4b429237275424be0943da9fa05cbc6cc9e573e14e840b04b717d0670a1a4df9
images/fire/train_001428_box0_0.jpg,fire,c10477ae704d1f59afa4a6961d9c15fd014ea5f0dadf242f2f1c2cbe748e529f,a9fa6f8f37887d73c46bf76bdc2b5ffa3e0e1cf12bbe950902177b636bfc99a2
images/fire/train_001428_box1_0.jpg,fire,dcf22092920a7c42ca774a1b13aca923caf983f5b13b5f6546cb23843a68ce49,6f65a2700c6bf6593d5cc8ec1018aeb134871defbfecd71dd91a54c110902df2
images/fire/train_001428_box4_0.jpg,fire,27290777880bb16a966a68c89ed6c8e935d64f31f7a52d05dae7c94e04512b88,4c58dac58058426cf794becac56b24ddd4b6df1d42b96d9f30d6b60bdc294829
images/fire/train_001428_box5_0.jpg,fire,270c4bd765e28990d5ed3b97e210a04484bf9ec16a4c184a3809c7cadb736023,fae56e2cbeb05f745d0c8a17fd086036f7a9d018228772f515110739ae41dc2f
images/fire/train_001429_box0_0.jpg,fire,06657d6aa19b733a059070b7b779884db7b622209a4d7e611bcf91b6099feac6,fa510a15b816ea381005e8c17be13d77c7a3b3023c6533b4ebcdd1f15a5c5daf
images/fire/train_001430_box0_0.jpg,fire,95a81723ac62937639a4904f0ea91e3060e772ca18814b32eee315ec6637070b,3f24334f6188724c7de1ac80a904ae03555754a78e1fa53ec13284fec389ec84
images/fire/train_001432_box0_0.jpg,fire,f78d96ef8ea1c529f8db1d0f8a27614ac66f75234615b71817d224b2c09b1748,d57815324d83685c864bd874d04f6da9c27e9aa0a8e7c6364b74f133742e7c37
images/fire/train_001433_box0_0.jpg,fire,92929a99afb23eff9257b07e08bce976755ac7821d1b4c380d2ed51995959f2e,5bda49707f26ba018aa0c41e50fd8399d98587814d289724610b9ad842094677
images/fire/train_001434_box0_0.jpg,fire,5f43f233f032e1d2eb44abbc0ed6595b7f1667514332f091863479da38773cbc,14c7c8d25badc3f0930f2463012f3e431a1c2732612e8101eb508ac1415b8993
images/fire/train_001434_box1_0.jpg,fire,961d29066f8afd2325fc42cdbd10d60ed252e3e665530534bb6fb074a267d2e4,10b381b68a9fb1f3ef3bcf01ddc85dee062108b84ffa5e9094219221e6ccd63c
images/fire/train_001434_box2_0.jpg,fire,ee1eaaf74b101e7f33dbd12819423b30ec5d4501b2d482ab9aae7f7cf0d04ba4,6ca494a0da951783ed399a53e095c3c45734bb985ef14849a9e4dc067a6065b4
images/fire/train_001434_box3_0.jpg,fire,c620d3f35873959d0639588cbfab280873c0f1d608be0d010a5cb95c94f05fa6,885d93b91e3a0f63aed104c9e67d4713db6d7c293c539db59f0d6b626bfbcf63
images/fire/train_001435_box0_0.jpg,fire,e7a41ba005d0b9ca35287b300fe164ead52f38f8a7b00d414904f91279cb6587,1f81ae3c9add99f5ca97546644ce80ccdec0bf20cc3e8366e49faae51a20d66e
images/fire/train_001435_box1_0.jpg,fire,5cdf04ff6af94c2b78a8ccca0139b3790f9c8bfcf589cb6fb2203c0e2e598a28,befc5b32e5b2495d602ef49dd9c77ecb092ee5be8fe35199ada5066fd73e2f5d
images/fire/train_001436_box0_0.jpg,fire,61bb806a0a3f57aca9f24e41c4b896cf2e792de250de743a53aa4f4f850c5ff5,9757969fa9046be7e2074ec12c1810ef6c86860a8986ec3eea066ab81c5103e7
images/fire/train_001436_box1_0.jpg,fire,181b45fa82d5fed2896b12e700c31603b9d0ded347354cc6da2129b569fde02d,676df798508374551baad22be5f7021aafadd75660648faf96b042270606c34b
images/fire/train_001440_box0_0.jpg,fire,e9990c20d131e975bfe4eb51f370c6facfcbdecdf0e2c270fa574d9069ac9f9e,4eab6b40a953addaecf58a16fbaf3b6fe14d0233ec324367914444de315b6ab6
images/fire/train_001442_box0_0.jpg,fire,9e0d02da5c26c5fc072cfe32f212179cf10cf9d4a60932a160d8e0fe93150846,dd53f9e6bf0a44bd676bb044b1dc633a16d6f87cec9ed2698d089b8a7efc91b5
images/fire/train_001443_box0_0.jpg,fire,819a7058f0dd098aed0393d104b896cc8594d114bf066cdb53b2ed5cc4f06281,716ac174521101df35bd268ff9f5b60031b56c3ae0c454cddca82a5f8baeb3dd
images/fire/train_001444_box0_0.jpg,fire,cf1ee9d03d4ace49eab2f9cbb11f64c55407e63320f50dd1da15e726be2726f4,38a079c3de900db2443bced99785818d7d897fa603c5b6a24b365d9342534cf9
images/fire/train_001445_box0_0.jpg,fire,aaaa305befe17095b7e5db13d5e8f16f94a07ce6ca0b05898214e20cc8ca3f82,75dfc4efca5101b200c0edd64767d87a8e2323f5e87ba536563a0b310531c84a
images/fire/train_001446_box0_0.jpg,fire,a8de719877057eca4c210a348f890e703e3717fa2528b4b3a58c585e3eb4bb3b,d23135870f9e5e686db76319553e90ea96fdd7e441ceae97a21b40b0dd3c7805
images/fire/train_001447_box0_0.jpg,fire,1e213c386f0281a87ec4f2082de817ffba4abe48d03804fd5ee9e2e45d3ac306,df2d26723d0a56cfe7aee9350e87aa3fb900a34b18c2a660e592f043681d5305
images/fire/train_001448_box0_0.jpg,fire,ba434281e3327f463475c43e1b5fc9f5e94da2a3c1f27c6a4bb48ffe1d296a45,dd2e628273c85346da484884c21d3e3e2f4cfbc0e4af3a9bfd9a4d03997a3cab
images/fire/train_001448_box1_0.jpg,fire,09354eeaf1aa45d77ea289ab429bd68d4e166c320f6e86a29c0434d9a8e69d14,ff6e89a0f0752e95cc9c8868db3c3cffe0eda961cba2935ac97d1040e6e80c47
images/fire/train_001448_box2_0.jpg,fire,94eed525b2bf71850f9180e58a36121b7ecf0ff3cc70e634085c4e21599b0c8b,e6db0f416729846259549fecd41dfa50f54bf199ff705fef53c57f0a251ba663
images/fire/train_001449_box0_0.jpg,fire,26c7067063bb5c019f317628e911970201d0f6f609697f5edc19aad0b04a4602,a41dcece85fa9879a1d13fd27736f782981c556ec3c23cbc6a93aed5f46f4b33
images/fire/train_001453_box0_0.jpg,fire,cf68a414e6b3bcad91ca421a238c36d4e988783a087d04ced5c4df1cc1ffc492,b53493693b49633fe50c4c856f5a699df2ddd611a1a2a44df2f554217010b5d6
images/fire/train_001454_box0_0.jpg,fire,8dd6366487b7041d65dc7b485218a6a3ba866c80fd271cd73314aa1453030733,b768bf22eb2a51d3e5dcef3aeeb287de70efa5bc195b783b2eece5002a1fac51
images/fire/train_001455_box0_0.jpg,fire,fd3ab6e25b119a8b1403281990258a4079c8e37551c0c5851e0f3c7a6dde03ac,1cc2237f101ac8bdf1d62dc6080e8c54b2f610c45ed0be590013be8aad8d3ded
images/fire/train_001456_box0_0.jpg,fire,36235dff9361857a7f05e3ac9c6cbbb47a51de4b9a6ca680ec40eebd2a616089,6c0874185ca9f1b317591d4fa32002c9dd9ac249b9970be4ad402cbceedd67a5
images/fire/train_001458_box0_0.jpg,fire,620e3f4ee894ae342c02466821e38503d5a95b1060657f2f2c664961926e7ccb,025b48271e0a1b4fbe1e1dca610b093c797c548933a18f8409971f2cfde6cac0
images/fire/train_001463_box0_0.jpg,fire,328a65b8feb12dfd2b7bb621e42b4d7406e5c9cfa3bb95ccf13f27511fbbd37b,532dd9d07e284455977b39b733c70e29227c29c536bb6773565e236ef2fa47e5
images/fire/train_001464_box0_0.jpg,fire,64fe0548301888f8c0cfac68d644ddb4b883a5fdf1cfb9fe3e492d096673d31e,8004826d9c3fd3f73cd56f6a07dff76b635aabf44253f8bd755d86481e0fee83
images/fire/train_001465_box0_0.jpg,fire,e43abfa30332e60721ab4772c4479ffab232933630897d19e4a2c753050e8eab,8fda862da2d887608cc345d3cb73d73d918b617d4b6dc93af88ded72c0c70976
images/fire/train_001466_box0_0.jpg,fire,9f3da99555e517d273fafa17360ca604f50d1600f998b24f2d781c80522f4d02,2a1494f5c6581146ec7656720730a1d8081d42bd3fcc9a239fa770611b591cc0
images/fire/train_001466_box1_0.jpg,fire,40ec15796820aed744f5fe513bbe65905d781eb3973d51165f82d4e6ad1770de,15df7e282af6e74477a43fe769ebc82ce9e1c9ab57f14c1ccd44db91cae38e75
images/fire/train_001466_box2_0.jpg,fire,657a82e80c2a50ab17f0a3defee6fe4d6eeb4a375d8f2879e032ec84a442f649,b123ef2c0ffb6973ed689e3517ed9c648e95ec1fe80fb43085e90e344f82f465
images/fire/train_001466_box3_0.jpg,fire,0e11b2e792ca71a778d4826b6cbee882b843b9f02b001cf35e1578bf5e951b0a,2617898529b057bbb1aa7ecd55ce3576f55ecfccc53717abcaded2fdd51e1ad7
images/fire/train_001466_box4_0.jpg,fire,ef2d7221fd8349509cbba4c740a96cfdeec8b819b00a025ddaec827d4b4ffc78,d3fd5d2f06742b623d89ce0929ab005d151c2ca1863d101e93c04debb794007d
images/fire/train_001466_box5_0.jpg,fire,e549054f1fb9134f50b9382868f849c48214bb3a88890ad479e0a476a8ca0e22,adc155dd4a102d8390becb37cda43e49f333103e8777825c72e0dc8d718ae5d0
images/fire/train_001467_box0_0.jpg,fire,a376c064e25214d56a070c50558d2fb8cf8a2707d422349673843d569eee54b7,7cba4d8eba0daeed74d048efd7a030350f17321455cdaf51d4154b735709c0d2
images/fire/train_001468_box0_0.jpg,fire,b90cf5686106c3445738d21c0736ca9517e975c6bed59b785599e41fb58014e0,268a2dbcd912a25bd2011dfd57569e0cef4b48c7d25ac0e87c34e325fb65f6a7
images/fire/train_001470_box0_0.jpg,fire,7994b1fa6f37d9a1184c32ff301520a33419df1324b79596879942aba6b0d97b,86db5dd7b8023b6e297fa9b0ed4809e29e81c0518555417debcc739614a5965a
images/fire/train_001471_box0_0.jpg,fire,eeca5a21553d3492e74ed16c8b5ebfa62816bd05278c7f6b4edc58002dbf2e20,18b1c9e8a48ba78fb2670372bfc23fce79436ce183acae318d2f01a7205064d7
images/fire/train_001472_box0_0.jpg,fire,797fa3aa4fc2708e02a6c1908b040f559919689b9f4aef6a6b74fa716e26e6b2,c955340782a7bccf5cb5e91f11665efd30bcfc12974d1a9de0d35fdeee270781
images/fire/train_001473_box0_0.jpg,fire,f5bb24be095360ea0fbb5950734c9f63e8a0833829521bab1fe45261463e9458,a249ea3d1557ba74f39610f4b5cc81635d3c4a11e7ee757ebd84a17526319926
images/fire/train_001475_box0_0.jpg,fire,2f5642adfde6fbac7aee063f3bba1259c556c6a88e419ab78e8e9f6afe03a10f,20528c735be6b0ed15a32ad7d9fb47468a5b4253d3cc44ef31714baeb26c7f9b
images/fire/train_001475_box1_0.jpg,fire,09b273d26c8b9b46f86a29ea323f9ad8fb56ec8acb7c237d91f0958124225df5,64655ca0b82ae2b3d677a175d925817a829753af94d0e1891446626906971dd2
images/fire/train_001476_box0_0.jpg,fire,405ac82f10f5b324ef8a4516e33b55115fe1ed60841181f95d1aa2b4591321fd,63446b5feefaf245b4d153104141f4ec688f00221ebe9bdd1a16f5f248c8f453
images/fire/train_001476_box1_0.jpg,fire,b1da639a34e65f0b842ebe60d7fd4dbfd36ded27f9e5b48401f9b2a95337addc,81b22ff4f19b1c2e934ab722a77b87536458322b26cd6d8adeee0dd963f045ae
images/fire/train_001478_box0_0.jpg,fire,8281ca6fdb0660201de155bb448c0fb318d7783f0795532f60ea8799d2feb2ff,d3cdadc6f0d1a82a5aaffc28fd77e9c7448ce6b58a38d8d4889413d336fcdc80
images/fire/train_001479_box0_0.jpg,fire,4d5a2c946e51cd43b5348dc6b5d13884ac98aaa361634240c351ed70ed0f9b17,8a066dd128c9f117a5bb8fbebd6a97082a998e8471cbc3610e8e7d860cd923e6
images/fire/train_001480_box0_0.jpg,fire,6aaec675e6b4c0f36c8bdd75b506980d2f866f5b17f709a5e86b70d09d654ff3,8ab729ef4375c8ab300d3224376b34b97a6e6a216fbcf7fc5946ce2735e7c723
images/fire/train_001480_box1_0.jpg,fire,f5b3295758f282f08c368b27b508cd394516b0104210d50f83756de45de343ec,442863dceb5ea7f3d1c4ea5e0a239526e475757c7cb4ecc6ab8de281625ea8ff
images/fire/train_001481_box0_0.jpg,fire,f3a1995fdb16036714599d380a623ae4e267c6b0a430c56dbc76d2a145f5ef11,2e67ca76a6bb6b3d25149003965c576b810afd08c9f68424f9c859bbf0ff59a4
images/fire/train_001481_box1_0.jpg,fire,1e31229bb0437850dcaffc3f897b7874583cbfc19f157679da11de4a00305e0d,21543bcb31e2496f3ed0995a05edb15c15715be5c7eda6786f57c5321a6db6eb
images/fire/train_001481_box2_0.jpg,fire,db80e6f9ce8b9fbe2e32d16bdbe13e93fdcc0911f48fcb43217b9e8b034c1023,549e93baa819fbea3a6b3d05d34c7e4b9b791a17f5d7b659f3c9e05be74de181
images/fire/train_001483_box0_0.jpg,fire,6a77eee6c3db1b5ba0572a0a7f89c348250164d598e99d46c1c83273d3974728,aeb842bd566ef9956edf27f863835e1073f61962cd550cf9eb9cd52a025ad1b0
images/fire/train_001483_box1_0.jpg,fire,f8e9c1679d0c880b4451debe8d1dfc9e9f296c0f8cccf6a39ca992900a2332e5,3efe47bf12ddbc1f4cd8b16846c8cb01a22c4722ace32fc6f20ba69624b287f3
images/fire/train_001484_box0_0.jpg,fire,0fc4c4503086020d1a1464b0670989c575e9c7083bd3121a6cb1619dda238103,5ce01b8597c2eade2977e3ef6452c1a630464a27b397016d39ffc897f0878bba
images/fire/train_001485_box0_0.jpg,fire,e8bfb97aa2be54545224453ce66174e01a835e322ce82c65a4e33a9fa0d842d8,136765b4afed823d09fc79796fa504e11a97b652fc8670a18bd99f7b38cb5d28
images/fire/train_001489_box0_0.jpg,fire,394bac7fe30cc2e6f54ebee9b5cbf946794dcf7c0194e1611a87f1303db837fd,2aab841fc1f21758b3ae634f8a6bb1407b8583cb69282225e0cd78c471ed205f
images/fire/train_001490_box0_0.jpg,fire,8a6b6f5d2199f3902f6d4c1f1bef96cf41f2b03e45ba3551ae5684fa9e7dd2d9,a6074eea633ff93bcd8d470fbe29885ad29d25d208e422f48491872d924eca0e
images/fire/train_001492_box0_0.jpg,fire,2dbf886c6dd60b0223e33236fd3febc983532899ac80e906cf61318fc39f9e0a,08f9e58b2b59fba8ee9a268b99ed0cfef46eb1948535905e452414073c196e8b
images/fire/train_001493_box0_0.jpg,fire,f12b2f49b3f8c01c129c18f956745b8fad7f8fee33968a03e04352853b6285b3,d8a7ceab9ea0b09ff66497a5a45a524347455c64ee4efd6eb4e2b5da7b1fe29b
images/fire/train_001494_box0_0.jpg,fire,e008e6c54137d3a58a813feaf15c44c2e7ca6f7a4458d7f742d500461311d40b,78275dcbb2e73c11ac5d44b5caf4e8d647e1e32cdb2854e6c3263914dc4d95a2
images/fire/train_001494_box1_0.jpg,fire,210644295797d5c8b52f74d12fd7bc8bd3bada182df95bcf9d411ce803045f53,22cf7563e792483ae24a56142fcee4a8f082f1e1db621c3c92632c841ed5c794
images/fire/train_001496_box0_0.jpg,fire,79f47dbbaa12ff2ef4a0901ee952e03931da1d87563c62b5e94a3adaa25d7fa8,1769ecfdda442d1ec91e79d99cf0222bd4314d901f936c96e1bc910129b86b9a
images/fire/train_001497_box0_0.jpg,fire,7033f38a272346bac2010a580ba0db6dc9e39ec76692356fa5b3717afba9d2e1,16a1b5e6d8cee4347df71991e1cecb7f44823738ccd8a0024077a65124b96d7f
images/fire/train_001499_box0_0.jpg,fire,5f687902f578f3df763e6e9d66184296b9c2d8f9de7c16690a70b1a919421b32,8a6504e0cbbcc8839aae53dea943e02f7d801a15d81299469c7f52309923b03a
images/fire/train_001500_box0_0.jpg,fire,f48d14d4aac2b3e4da67d707eadcb54812f0c1172a8412bd17a57358aee4bc53,25b00b795bb25ddd202d44feea2768a228bb9898679e7eb03f433964725fa0bf
images/fire/train_001501_box0_0.jpg,fire,9d1f7da7b474ce60d0faa0d8b0eb64b8846c2832a67632a1d73d91da6b8213af,f88d28b826455ddbe0f98b9fc0a4c42dcf7fb2de456b1828139f3693df8d52bb
images/fire/train_001501_box1_0.jpg,fire,06ec712c84f957f619b39d0516a382158af4369a27d43ebae88c1d95f9dab642,22dc19f60636faf307c21bd12d77ce71f3aca59132ae77d4a4c16a3ece8358c3
images/fire/train_001502_box0_0.jpg,fire,acb0ffad85de14dce12b95dc27a79a9954f99149f9a89abebec69b5328c0fb18,0e89c046bb74a3cb7d1b24a2d695a6d041579684924ddb6be1bb2ee4ab33da64
images/fire/train_001503_box0_0.jpg,fire,2089ad43d208b21450e78961731776d5374b9ad1c0a135bcb5a69d3380d919d0,73d55915ff98e55930c5e110044dc587ff53c6d8dfc93782284c46208193c202
images/fire/train_001503_box1_0.jpg,fire,6378cd576b9093f4072c51c5354cc57dfcf948c53428d39fa402d0ffa9617a62,8e23e64fb71552dcc2964eac0cd787d5005e1aca26efbdf17ae915632d95cc2a
images/fire/train_001503_box2_0.jpg,fire,92cff5c0152c17be6edb3a0c552b5717e765f7f50718102233ee44c91737fa5f,524d1d34216c3fcd6019e9f8dc7c0fbb3d643206d1f0554888f0e1a38dee2e4c
images/fire/train_001503_box3_0.jpg,fire,2bb05b3597639caf23203fcd301aa3f246e4b663c4a9d3ec1329c9806ae311cc,cc3082778ab752262e77ee00c554aa75d963857fd9e07a0ebe6d1ca59a56a965
images/fire/train_001503_box4_0.jpg,fire,4f2b9fa44fca319b068116ba89c7e087308960cca7f823df00c0bbf9a475c724,ef670e2490da21d3feb4bc8f1aea1f9ea5c626e66093e3f63ff7cc9dc61cc1d3
images/fire/train_001504_box0_0.jpg,fire,c381d2acca67e4ec0df43c8ab233f211f9d84f2212fa8bf5cc81d92cc1db5404,3eb71efb0be8d145056baaf5521414b21bb9c029a50e245ee1d3c37e78d83bbf
images/fire/train_001504_box1_0.jpg,fire,5e272121da3c35e0fe793fbab25c817bf44eae11e03b7ba06fb38b6ba7e022e6,7da525c3db0b5d8be8f40f7af3699936cc9e6c5f8f2465020b9e077b2ea6ab92
images/fire/train_001504_box2_0.jpg,fire,5cecb3ac3ebb2f94bcc0de964fde5a372b71606c16724b90fce9e7813c28c9f3,923e84aa084e26e5449b38168880d8965e94d8e7a458fb541750d42e1fd12d4f
images/fire/train_001505_box0_0.jpg,fire,4b7c347878fd959f4956602d683486e7251f24da3c27813a38cc6422abfe7dd1,408e80fa8269f29490b35895115c7cdb6f755c66e132a21a7966d9571a3b3846
images/fire/train_001506_box0_0.jpg,fire,566e391b537a014661b593f9a9625c0f8e54bf799695bca9069a4a4df7a913a2,3a814a7085e5bc66e63716bcefeaf6b69ebab359069633161f8b3d3d56eed77e
images/fire/train_001506_box1_0.jpg,fire,1d19c38f60778aa1aa707547c7cfd188cd7beafa5450a97e2dfa1818308d4ea9,c7bbc6ec1e5ebc405b6084e51ba850b9e1528722bce779e52ecf2a7a210b7edd
images/fire/train_001506_box2_0.jpg,fire,d00ed2f4470c32d9a86149456e839d8bc208a84f070a15d93080676d6114e713,e2a4099a5fc4589e6ae4524a8c48fe06f0e71907e1cd90a2dbbcfad8e3852e9c
images/fire/train_001507_box0_0.jpg,fire,be96afe6c9f63f4fa5623c637bc3758a22ab3cbca8b2a37d4779deca721cc365,c0afb877e638baa160fb3d33787e94243acfd3eff0ccaf83ef5ae3cabd230254
images/fire/train_001507_box1_0.jpg,fire,78983c3438599713c0c25630fe5e414fd28b88ca960c26ac8fa15b547a1beed2,262db64527295d50f0cd46b19f7cc1a1c82330cd3974c026fc3b3e91611fe996
images/fire/train_001507_box3_0.jpg,fire,a3fcfbba02841f60e4efc37c10554459a89eb703c65c2b8fe765d258520039de,0a1098cdd08a66f79fa10a253bcb7beab8c309564b28ebacecf0d266304a0606
images/fire/train_001508_box0_0.jpg,fire,86fc643a69e9a77712c3425e2a1605d6b10f9fd7184c45dee7c8d751dfc7ca41,fd7f7e0e0e9006ae7ce8e1824c655fa1967bacc94b84265d602252e4d73e22ed
images/fire/train_001509_box0_0.jpg,fire,1df2ec87dc9ae5adf375c61e864fb833aaf765a5d1a1b655bf86cdbe9cb70b85,5654825c2740b162b2cf3c05311505a4ba0afca607ac3a931b8153b012661212
images/fire/train_001510_box0_0.jpg,fire,9966b4adba8cb8d3973e54b1c4896c2467e2dc64a89bba6a2ec3f7ab335f1fd0,05cd32e57b2c1d60ceb6808a15124ddde6155800c761b66bfd532d654880ee0d
images/fire/train_001511_box0_0.jpg,fire,606895e14077e2d95bc2ad3b9e1629a3d78e25e708b3e14e8b561279697a84fa,0a0420bd6e53023fe8f253c458415f6cef39024f30469f6610b66d4296139db4
images/fire/train_001511_box1_0.jpg,fire,bd5c2d7933733c54ed31cad221808805a0d89f3f1838c72e61267d5b6a3d82b4,48eb0cb2ca1cb950fb79ceea5cf5402b577b9e174227ff3679ddd0e17f469e8a
images/fire/train_001512_box0_0.jpg,fire,f2e333d6629e11ee1c1f134ee8f54bcee39766ecde72a28fb6fff8af69c3f6a6,344d413d7e73dab01e36c227ce3c1315388fb546a635b22c8d218ba5fb320b73
images/fire/train_001513_box0_0.jpg,fire,7500f575440dccbb6bdd8e74985eeaf8d80cd4adc001bcf2db2bcebd709695d5,a453862fabe38eae01bc64f1b44d0b4ca131bf0f9c24e9e1b268338251ada2f7
images/fire/train_001514_box0_0.jpg,fire,95195e3cd3f262ff9f4e40f902770fed96b327b35b9b0238945a1aba10f4b765,cd602c3414fb3ce686de31af87e06eb4e480f2eb1ad0c23f4f84be387ca8742f
images/fire/train_001515_box0_0.jpg,fire,93a754f6fcdc3641455c426e1033bbdf9afc07b77594dc3d77ccac789e06d90e,ac6d8bed4c41b329fd568200be40a7af14f8218445ab468bee60b42ee97909d7
images/fire/train_001515_box1_0.jpg,fire,9955326b2c633e14effd13282eee702e49f6c023a0586a97f4950dff438cd20e,7ad1ce04e930e76ed270cdd7f66807b2f20425f078555a689a1e30f154c4bd6c
images/fire/train_001515_box3_0.jpg,fire,7215b5d17c6fedabb861ba17d39b3feb6619be699645adfc6d42e893e410f0f0,4328b90176a56395f37e05d5bcb869f08d2fab158d6e120747b17bc357a85a35
images/fire/train_001516_box0_0.jpg,fire,42436ec78c74b8df646d38ba6672596c3f8c4bd5ecc6c90b94ae9abd390bfe8d,4f28ce77da4fed9a2308cebe44a8a8cc4c47fd7b9ea008b40c0256cd1e4b0ebf
images/fire/train_001516_box1_0.jpg,fire,485a149ce83eb48ca00e8293ddb74d149cfd95f4ed46271b31fb90c730179657,ed3f420824251e28033af5e6287f49de02183575cb97c4bf0b12e8753d0a74c3
images/fire/train_001516_box2_0.jpg,fire,8a4f7536edb9a89e7c82a60f5e6f0626c45cc739d58951d4b8f46cdff19fda24,9549d9cc0d61d47151682031bbeef64472f213002be190997fdc622412c09199
images/fire/train_001517_box0_0.jpg,fire,30b0a5d64f1480eed393e1bae1bd600891c94ffaddc021f9e8aef9ae09149a33,82ff9f3079c484f37903e11b427709f3f482808f114575fa3181e2c31e1e81d8
images/fire/train_001518_box0_0.jpg,fire,5af880056fa74f155620a76694419e1b59201ae4d098d03cdbd095f7c775868c,64438c4cd8c1f699d225d552f1ba9ef8c557359be95c96d2ff82785e7e4b28ec
images/fire/train_001519_box0_0.jpg,fire,da47ed4af1ff621fdeaa221d630a31497a93a4225e8c53a151e03a5f8647f436,7c336110ba723f55b3f593e74ec6b0fd0cc3a41e8dc5ddfe7e840e486886003c
images/fire/train_001520_box0_0.jpg,fire,ecd446371898ed9960800a7093428e3f5f51adfe41efe322b7d970ff183590f7,afc5ac1e2d71d526018ac22cfb596518551749826ac67f132ef185e3f9c7b95a
images/fire/train_001521_box0_0.jpg,fire,2374f210c78dc87f23f06911fcfd5d2c46435062a0cd2561fc90e37b8fddd332,a24eab6c28223b8e7aaa3a5f030597e3be91b7d53a976281e5e74574064ccd2a
images/fire/train_001522_box0_0.jpg,fire,b570a12b06150dda09540f1da8c703098618054050c2e79ec7ce60423941aa3b,9c13abd8713197a3537df585cbc7a051cede042a07c0adad0bcabf1227d13266
images/fire/train_001523_box0_0.jpg,fire,f04a6df1ba252b4d3c9cd980216a84139b78ccea1c8cd1c227e264c79172f370,0a682b94f02a34d03e60f336029ca8a6ac327373a9dd2a68fe5e5dc6c5db05d3
images/fire/train_001525_box0_0.jpg,fire,5165e60a3aaaeb7fbfffdffda388fb54ba7a0b33aa56a73f6389ad937983732e,5461869fed9643378ba98a77cd510e70a883e2b91dc4505d05efcfcae920d292
images/fire/train_001525_box1_0.jpg,fire,6a31906528cd85f9ef2791be067a1af6c44f1b12e8861d01ed9f369352a7dba2,2f1694554ade09c2436553ba1f10219cb4f217f14dac6b81d9d6706d1edd8be0
images/fire/train_001525_box2_0.jpg,fire,4540b74a42b4fa8b360ef96ceb135cc3f15886af6f7528a9ad04a5c24a8ca89a,647d6bb1b32bf23226a7785454b3c15945129cc1132af6cf41f8cee4ca14e323
images/fire/train_001527_box0_0.jpg,fire,8a75942f3f9a819cefc44c0e12ba64aee8d89ea5100c6b7c74209db262c1d6a9,a467b0772988e1eaccf5ad0a8ce64ace70bbe5b210567b597e25e8067177c31f
images/fire/train_001527_box1_0.jpg,fire,2ba3748399fc70f23fb9eedc96f689139b4fdca55e93a23872b3ab6c01a7236b,fadd2c0537902d98910c4a1124711d6bf9b5997377adafe2cf01b91708484cf0
images/fire/train_001527_box2_0.jpg,fire,0ffc9c1f7d61759831dd2af10642d029f008bdeafcb24fa487139d0794759d92,c4194cf28991c91624dd4462be4b9176b3bbab32d74cea1eb9207b51e71fdcfa
images/fire/train_001527_box3_0.jpg,fire,c9178c2dbf100bc21985af86e7be400b543c5138aadb40e0d0280cfe07ea45b9,06772ce31d43926ef8aecc89cab04f22918405ca3e6809351e0ef88ba393ef87
images/fire/train_001530_box0_0.jpg,fire,7af9e0d8d0c38adcd6c15d8e666be0c4f7d772e6ea3b782c2666c699f4510329,89c50267588782f5619cbb5432e048f5ced46fa6803f3c4e8a090fb1503d0212
images/fire/train_001531_box0_0.jpg,fire,ab156373f2bdad2cc5396eaebb3fef8a0e9f8b37072946902ac87b304fc0cbd4,4e726097b4de5fd0eda1d48681e518ad37d2f08ab5bf5d4c4b28646ae7cd0494
images/fire/train_001533_box0_0.jpg,fire,7f94e1df333300647d803f267340a516e51d5f6e78e337e01b5a967b89c14ba6,fad69edcde0b2c0fa30196ba0ced81e169aef20b38b09743418f23ee2da85a66
images/fire/train_001534_box0_0.jpg,fire,743dd579250871ce9092e3bba82a0fd08dab6a3b3e51eaafafdbc433b603c20c,603100bf51753801400b060278cf58b1e447c294b07554946843dc7280b130f8
images/fire/train_001534_box1_0.jpg,fire,dd483cc4726b80669528588c954d16480e1e004e1c724bba5a805d3d9f97ff2a,69bea6d5cfc712e9e0281a3ef321aa1af29b937b80bea90764caf92bbb3535eb
images/fire/train_001534_box2_0.jpg,fire,5a766b225daadbf09180b397e24312caf5eb1d6a38ea5706803a861b4b1f342d,cbdf0338e9c4c764cbdb6b4dc1eeab1fbb728bb4ed3bd136045a688025cd31af
images/fire/train_001536_box0_0.jpg,fire,d4f0a891a7dd7de041aa44976c93a8ee7a5bf5873991ee121a526e4dc4c2482f,9dd228832d3ebd691c01ff7e7c9799946828edd14d29016e13663b1aaf870142
images/fire/train_001536_box1_0.jpg,fire,f5a2145a069a25cdb8d52ba1ead2a67044babb78c27f6a3e39c6b6e7ab7c7bf2,bccabefc8481fca9e2de1a6cfde9243c9b1195e62625e4c494e6f090233e868c
images/fire/train_001536_box2_0.jpg,fire,b563abf5d43b8c613df8c69e583b438041e0e0f5ab1e7dd5210f84e607cb52f6,3795cdccefbf9d799edd442a6ef634261b8a0d0580ee852ab9c4ac901665f18e
images/fire/train_001537_box0_0.jpg,fire,134daf35802ab3ae199ebf87ddf492bba758fbfd130dcb6927f6b78c41df72fd,ef09df8217e12dce5b7ac3d105cb3f0448fe9ec4863fe09b2645a98fa2130a1b
images/fire/train_001541_box0_0.jpg,fire,48ddd277a064dc0e8b7e83a5f250fd5c64ed15a3fee3c3d14e568992df038d4a,34785041fe9d9bb770187a05028503776050cf5d81b208ebb690101508a1c876
images/fire/train_001542_box0_0.jpg,fire,143a4f5b117ec8572599699a530b8c905df3b13cb1107b7059d49686892221c8,b9459f97858db473983c1ae849473c86982601721f7df7958cd90c03b940cffd
images/fire/train_001542_box1_0.jpg,fire,d691b3b34c21d61718f5bb159e11c8bdbd9ad62c6df89917beb45719956d73c3,fcb8a33a9e08088f6d7b98771f27783bb10cc65eb9e971bb8a28b35c31385237
images/fire/train_001543_box0_0.jpg,fire,0e56133e4c9c3f03473fbb867f3c377a36c52fad0b8914ba5abbe563fb28d471,6794e538625e66c769d51f648bc977d571f87a47dce01d1ab5531131ecb4da22
images/fire/train_001544_box0_0.jpg,fire,f50adda32b51616233122a2063382bff0dceff5a0f8a550f5c563a0e71b36b1d,de450cf9cb94b38be0a57ec1649d273e6188767f98777e1011a91638c28b4587
images/fire/train_001544_box1_0.jpg,fire,3eb493708b92ad4d4de5d70ade92063bcecf33fdcaada90c8c20c6a73b16ed58,edfd84e499a910ec92ee54e03a47ac172e0834fba3ee73bd3bc8ea977e22a5a6
images/fire/train_001545_box0_0.jpg,fire,5ba98776e2729f0daef81127661987ccabebead257a44d07dfc167d43148e45f,7e5007849c4897f3d8628ef9b6995742f19ad8ff595b9e9f046d830406df7735
images/fire/train_001545_box1_0.jpg,fire,7950747ced30bc2330046041b514ab11c01d60311bb1692dc60f3c77b1edfce3,8c62f9621ad49228faf967b493e4c9a9775c12c21233df8a7251dd4f635dc9ef
images/fire/train_001546_box0_0.jpg,fire,aa39616b8b0d1824d1cd2fd4075835a96a9248850a8cfbb08dc1e1539bcdce1b,e25461d28dc5a9aef81763e6aa962b2dd3baa5b6a4d90f1820ab2e2e90d9bce6
images/fire/train_001548_box0_0.jpg,fire,95834a76eae06032933cbf798cab2bb1c9647260fde32ff2a3640763e2b5a059,9e7d7ab4fba52c8015b65182816a7b138840a880e3eb8a7ee6ed9816610c7d95
images/fire/train_001551_box0_0.jpg,fire,d4d9b76ba181206c0311df1397c911059fc5f54fd30ad1b68e3b85f4b3b5995d,f9fc96e9246c00c989ae147bc989a08edd93ca58fba6c2b5c7f3935f1fae9669
images/fire/train_001553_box0_0.jpg,fire,fc40c8452fe82f09d370b84d97ddacc554cd5abe4f47dec35085acd338763326,4eb2fe87caa595702cab37311519fe7ad07e010f4fdf82a35aa1f11d3a47dd37
images/fire/train_001554_box0_0.jpg,fire,2aae0888a1b2368dfbb9340182d2e8d8608c55ccfe150f35c0ce531bb2d359f2,8e88ee5a2ba6234061c6d88c78fa8e37edf7a7555c8d70efeb5b08a6729bde60
images/fire/train_001554_box1_0.jpg,fire,c21030402593c248af8168d477cbbe2aefebb7e980c8bb28216bb896c3e89c6b,bc983e91fc52337a3c485c57fe76e7bc1dfcb3c9af80304bf4dd3e9b215bfcfc
images/fire/train_001555_box0_0.jpg,fire,ee9ed2599f7dc307394142cb0805b9ab9f9727333ff67c6d474b238701719d68,3bb5bf6e16a0656c6f5a6bce995d2f9da207501da6c0852d3b61e8d3da53df32
images/fire/train_001556_box0_0.jpg,fire,cdb41f632b21044467f329890c62d375df7650e5c05f8663187abf7b698d352f,5e8d3f667257db2881af5435003d5785576b21cf981c512cb9d8f9297ab527d7
images/fire/train_001557_box0_0.jpg,fire,4530b4685c9e00c84a3aa4207ecc78d929ec93e00d0e47ec8ad7f23f80f4be7e,9d0c3c5b1eb4543cb611d70f6a6705f5dd40bd8702b99edebc27224ff8291160
images/fire/train_001559_box0_0.jpg,fire,b9c9b7b665e36da4e8678bcb780522cc4be801dad9ac0a32d1d8615c5a9b6707,493729165b8495958b1358d461aa677e0983b62c7d1f4890cdb659f7260944ed
images/fire/train_001560_box0_0.jpg,fire,f53c1997dfda71d53dc0a37969091c87ee0aed23d442a3ac7f5b624a108f5476,0412c5c2335a892943cd686c6bbc1119ffbc68b098c787b71346b639f2005a18
images/fire/train_001561_box0_0.jpg,fire,6cbb07a1b441e36149164365b2a9a26944d8471063ef0fd16bdb4f209acb1085,34f52499553ddf0f578bb21718f091962a05fe4db0f6aad90ad5523a4f968e90
images/fire/train_001562_box0_0.jpg,fire,214445fed0dcc9ec98290b11214b0f2b9e66c083bbd3f5b59818eec6d57985e0,2406839f8210898fb2b1b0ffa8b80d4283031412c69436a94d933b2bc3e5b043
images/fire/train_001563_box0_0.jpg,fire,fbdc2083127c2a82fa46c636baebdd9b28a656218648d716f5983d0808f7afe4,7d90a6f1c8b7b108e0bedcaab2a9402ae4d03e39cb9e5b64e969514a40bdf7fa
images/fire/train_001564_box0_0.jpg,fire,168e7e3713cc9a63ac06593377a047d4b41156566d75dda3ebd508d9cceed56a,eb0264872132511d91a4020b067aa664d00b992c0487974510dcfa54158e1015
images/fire/train_001564_box1_0.jpg,fire,df4e1b6750a96f87072bf61c6b1e2e527bf8dd0c1aad6dc12ed32c9ceeac46b1,367944e6b05a5f31f47cc90da39f0293d5433c01868efe250bf651318f3c2e9c
images/fire/train_001565_box0_0.jpg,fire,0a4a0afd788eb5eeab4b9dfaf2931d027469dbeb8903886539d501ac00ae3f4a,639c597490ea4faa934a92b8255eba8e9745669d9b8a64fb579a0efa2633c1e7
images/fire/train_001565_box1_0.jpg,fire,135de4bd6badcb3d9b9d080d2a900d8fbc2a216f9433da107a6bd8a29c10aa88,48f6e67cce30a7b7277ffe06efadb6011971efd77abe8589cf67559b8f6a0e08
images/fire/train_001566_box0_0.jpg,fire,e7145ef675f58bda59db9469d38ce472fb20f3c83ddd561348adb5ccdad9b7a4,dd78364a9b7a2352d37f6c344021ae74452350c902d53c6968740d3aaf7f4eb4
images/fire/train_001566_box1_0.jpg,fire,5bd5e994d3138ffcee478341befd6bc10dd2c5458be96eed848682f0229bd731,ee2d782022da0cf99db59a7183cbad60863f12a49c0c52a635f4288167ae1f8e
images/fire/train_001566_box2_0.jpg,fire,0d444619d54101ba86381b490f6b74f74f7347a7b0efbf979d7cff8f773addc8,34e6a40ed9cdce2b34421ce22782032d4d4976d135719d6702f0dea290ae2859
images/fire/train_001568_box0_0.jpg,fire,8a0603332a594f921c6b283e609ce12ea628a2980f20f2e2dd475c1af286ae1f,1cac32d37bcc56d3b746b9b1c48b65a1f6e063232d6793e6e14d3fe20cb5c43e
images/fire/train_001569_box0_0.jpg,fire,9d8e4fe75720977d6a28f9a2fc6828fc01c74efed4a0258b1a75a10354403ff2,e147adce13710719ba19caed46c2b3603fc0941aaee1d456158acbeb7cb8dced
images/fire/train_001570_box0_0.jpg,fire,dd708ccab9683f659a82c5b1ec7b7a3bf7ea214564d5de7c5d5dcfa6f450e64b,dc8a9332dd5b88c0875f001b201bfc826a2ca61b6b8dcaec8f1e9cc74e2a3bce
images/fire/train_001570_box1_0.jpg,fire,2a9ddfb7da983aee25476faa830058d52902433d0f320a3a4551dbc82d3c1b2f,5bddefc8b6b0d06309b6a54d8bd833e2c49e3d6adfdfa2a83dc386de726548ea
images/fire/train_001571_box0_0.jpg,fire,cbbefd951a904c49021263b3ecb1ad4ba4bee7a21bc6927244484d93f491fa85,6ae0d224add120eb31392195cb530b3af40bc9d3f7fe5ebdee13e3280bd8f7a9
images/fire/train_001573_box0_0.jpg,fire,a4d919a9878d1a1d1b9af04a53e35766f0607540745baac804f4179c591db696,39332281e053e3d520918fe4f2d7da592333aee832829db4cd953f43b75535d5
images/fire/train_001574_box0_0.jpg,fire,c14f47ab9355d9788aafd74255fe3a3907dc4ebd067e2a90ca9f058817a61e36,f55518fb57f7524e71ee096a68722895fd6b5278260b0a90be33de7d1474a977
images/fire/train_001576_box0_0.jpg,fire,aa2763c6269dc841d4f44feac0c570c3f0ad686fc52e295dd3bde087b8c4eedc,631dc45da65a1f4d447de61c608ee1a5fd11dfe094a2fc3cb0a443ee4ab4512d
images/fire/train_001577_box0_0.jpg,fire,80b0949a2966daa7aaa097305a37916629d1f297a67a72ea91e6ded50081acf3,13627245fc5ea277a14c569b846eb98db022f7df7720eba96339ba8269794e7d
images/fire/train_001578_box1_0.jpg,fire,72ac3ec791163d2bc197670339459a44577730dadb871975141f8e8942af1018,1a34d9f4c5bd2dd55d1ff1c5613000d32f2250c0c51e3baf0d24981495d06587
images/fire/train_001580_box0_0.jpg,fire,3049b46d00c7163b99daba3af15b56283f94694800d621117e8f7fa5378c3cae,8f8823ba59f9e14bf820eaeb98ac700ac407626b7e1b4a8a7579b6936b82ee6e
images/fire/train_001581_box0_0.jpg,fire,143a27861050d719027b61c71ff07cde22cb3be295568298ec5b755a9cee9080,3900ec372f2239d7b45c2acd2fba83301ec1d1adeb34efcec256ead0dceab88a
images/fire/train_001582_box0_0.jpg,fire,5910dd263a351b374dcd97a962069106a4726c2472ef469370a31687f1e5fcd7,e7bd720a8f948b580cc44b8a2fe6544d492bbc658d75bc2312784762aab4a9fa
images/fire/train_001582_box1_0.jpg,fire,68b7420ffcb3d2531b656a77ce05810e7f2dfdc214f88e36ed86690dcb8af884,adc92426c1e118563320f5e0110933cecb57b7f189e57f115911c1912a193b76
images/fire/train_001582_box2_0.jpg,fire,bc5b97930936d53637cdbf9d174d941e7e240e385ddd3afff579b26f159db0dd,75c367849818372953bd613155bcf4b4d7dd2a75d55f2808b209c7e8590636b0
images/fire/train_001582_box3_0.jpg,fire,43f8cfe60351fbc48d38dd55fa86e4656780f02e2222802e78909c9bdbd52df0,c44b60bdc1f8cc8fca23d9117db671ad331278e03a801f0c84c1e90ba8ebc560
images/fire/train_001588_box0_0.jpg,fire,71adccbc6e47f448afc0635332dfea773c142f86a03655ac103c5cb823065672,762fbe7a05248645d9ade63ac69e986214d86573712094fb83bb8759fceccd88
images/fire/train_001588_box1_0.jpg,fire,3bc1aef134bca3755f7c7aa54d9e35751a5de8714e0a93cc9f7aa36ac5883707,eb17f8ffe5bc2949347145061dfcc38aaaea9c8d0d42427bdf8409172caacd2a
images/fire/train_001588_box2_0.jpg,fire,8f2cffb9f3a328708a5d71adf954701bb3e024c7ad9ccfd832a5b04508a5aeca,643c0c93822a1d63349ceee22b64aa6fad570331eb22a4317c04252356c98aef
images/fire/train_001589_box0_0.jpg,fire,f22df668703a2cdceb1a2bc9e07a5d77725de574715f7d84bc47bd6130592087,70cd9a6884a7a3c49b342dda6fd4c0f0b18e8be0343a16b6af10cbcfd19677bb
images/fire/train_001590_box0_0.jpg,fire,0b11f1c3dce7371bfe02143ae0a2e53aaa46bcce2d87c1c46c689f01f4d9beb1,624c25f2f4934c869e3d544536416c847223a6d1eb450bf016e92da04035470f
images/fire/train_001591_box0_0.jpg,fire,f59b572f5195c1f6d60adce5adfd9254a9b2133342e04d70d4d5fba90f9bbe8c,bbf74b17502ff2f6d8fd51ea4f53ddbf468a9c38432d4babdee7fe0d57289659
images/fire/train_001592_box0_0.jpg,fire,8211af3aac9e154ba1936324568d5a3c54f6da1bb3959ce8d56f237f62b23c34,5e0d6e4106648656556159b65bdf2b86d7fd8f24524bab04627e4094ef3227f9
images/fire/train_001593_box0_0.jpg,fire,22a71589466ff99652906adbb8fee885d6565a2ae5b79660d3ccb127d8a22b48,8289c916165e9b0d6f75d2572b662c97565f94e54340b8299718f75aeaa63bb8
images/fire/train_001595_box0_0.jpg,fire,2a56eb870e81b5a10b2366dabbcf6206481263b5abe58fa3126102a90adf77f5,ba0768d379a55ebbafc1bb0f037271dc31e019e1606681fed7b8ff242b44eac4
images/fire/train_001596_box0_0.jpg,fire,76ade3d6277f49f0315f968e3e40fc10eac500eee5233f149ea64cfaf4fd77ec,cade89b241fb3711a76bddf4e62bdbab5112c65fbc1954449cd49327e2285b76
images/fire/train_001596_box2_0.jpg,fire,35934278b3cd7f4472aa9ccf19ace80daad45e49d1b68c413c1d03c0fadfcd27,6d415a24e81f3adbf48b5b72e946d568f604a3a21e352eee659bd2e42e157d16
images/fire/train_001597_box0_0.jpg,fire,ec434f7bb023ed06479eb464518a645ab267a36cae7d692ec041c5fa13dcfcc5,96828fb3e83d2901d6c6153686939fad14c367a84e6380c11530b9e44cddfb12
images/fire/train_001597_box1_0.jpg,fire,bb77f04489d84def4a6181b2a341025e9fdfceb51a1d2020a657efd55852316d,d673bf98c17c1a4219dfcfb3a3424d4e34263a51af9024592c2061239645911d
images/fire/train_001597_box2_0.jpg,fire,027350cc6d485c74e4b5ded42c32760b7e94084d887f1f6ba562f1f499bafd84,083349cac9adf0b9716f905d71a5941fe738c5c2537d796f5572b676a747be66
images/fire/train_001598_box0_0.jpg,fire,6f32bcc8cde77de798c8187a5ed41a2c68925491c640b65bff46f2a07ead346e,05b027aa55db68fbec3037854d8540e6b87ef6d83b19551d5db27856b083b2dd
images/fire/train_001599_box0_0.jpg,fire,e833111c72b20c48c30033d07e97b0b9f2b142c70e2e10f0f3b66ddbef6243f6,99ddc872eb02bc0ae9e5154c58bf575fd99a66ef7a2017f4cd0a69d4eda725a6
images/fire/train_001600_box0_0.jpg,fire,ae53f08e40ab6a497869309802e104340d5e08fc8d94a9c657fa00c19eafb63c,f6270e5f152ad1a791fa962c7685435b375582736ea99bfda21d5f36d39233dd
images/fire/train_001601_box0_0.jpg,fire,f4c85d5f9c2e4fba2ad5fb195b8203b4bd1bf5ab12a31167c6f164286f1041ef,659b0ebdc6dabbe58c32062c33f7a51cd34573a5f6facb9b694f407d403f1de0
images/fire/train_001601_box1_0.jpg,fire,32da234df43337a914e1a6741dcd5ad1b0a412c0dd46c0ee2f13f145a8f0dbb4,d883fc74de635fea76ba8c8eaef3b79265f1e73f1340ddb497c55b4e9a9cdcd9
images/fire/train_001602_box0_0.jpg,fire,b644221603ee75b9f7a4bdd27fe2200a8d7abbfacd36872a594883007623c2c1,026e9926855c5d43fa4f86f9a87eeba74693ca0ae3f2f1f237b477465120b23c
images/fire/train_001604_box0_0.jpg,fire,8539cb3344bbbba30a3be118a6ed7775d79c7d72440987009a9e7c0317f9d975,b83d4273f84e5fdb0d605a8e86624e80277a99f22dc9ca992cbf3439b86f48ba
images/fire/train_001605_box0_0.jpg,fire,a073fc1185306e98d190068cdd9c84834f8699bf60b7fbebdfbc472b58370c54,8f344d29e2b22de8822bfed9d778750c39ef4abeda82fafa5b3fd41190f2c128
images/fire/train_001606_box0_0.jpg,fire,d5827e758082826b87fb36f74662f0bfe3654e9156cf8c16eac0eb024620cb8f,d88117dbff77d5e15db9c78ff69ce0bb1a30cdd9bbdedaa209b704c529beca5b
images/fire/train_001608_box0_0.jpg,fire,ffe8356023907d7152f63569200172888ec2ec6e667715fc530033d110141887,97b50dff549e6c049cf04937205f58ec62ccc6fca4c5507ba6f77e60febc4d5b
images/fire/train_001609_box0_0.jpg,fire,229b64ac0bc2380c34fd6daf7967619318f431f37cce098cca875a31b4763aaa,0ba7ac4638a2c1c9a903bd176c8e170e332828aea7a2b42ff28a9573146ca22b
images/fire/train_001610_box0_0.jpg,fire,84e9a933810fc5d728307cc683861344f96799acfae17862e532928f0192d0da,73ebadee5f75bf69db0ddc896aa2361b8387ef2d5874a051a43be1c4dad607b0
images/fire/train_001611_box0_0.jpg,fire,4b7b50775737f2bc69058f21dc8f3cffe6f3b2d8cac60237abe3bad29aba5872,996c826ef8b4abbe7188ea3f71c424e2072117d05c3ccfcd86ec4c7ea5e31b26
images/fire/train_001612_box0_0.jpg,fire,fc4a8afb016a8a84eefe7e0d03bf7862123331275e325424f0b80bf068118455,8e168b4c03462d1dfc4007be5be5b677d9a193f435e6d897ee6e1e7bb72c45a6
images/fire/train_001612_box1_0.jpg,fire,caf5298fff2e0b7a39c5be3d25922485c2d0c8d501ee823643c3d540e76d465e,800da2379ba4ad7e3f79612b470ed0ce60af86b771f14e47d5ed84dc1fd85a07
images/fire/train_001614_box0_0.jpg,fire,a1f291ea7d9dd66e391c559e1aac8bdec1106bb854f932d6f29d3d759421e086,dc800592c8cc6650fe2505082fbbb29b3b59e10f78844d24b37aaeb350f9b6e4
images/fire/train_001615_box0_0.jpg,fire,ca770042487812359a392112908aa12f93aeb973e2ad13e6b2e45a6bed918867,3b56176dbc7727538114861974dbee4759285938ab8881aac07cd6a1a30b0d62
images/fire/train_001618_box0_0.jpg,fire,f28e822291b05ee2fb99dabd87bcfdf7607af7fc4dff51f30c890c4648e2410b,72a12fd74474af05f3495aa6344f64b70cbbadb58ddeec3769eb03c847b3d7e5
images/fire/train_001620_box0_0.jpg,fire,db8f381dd726b1ee7813f4af42dab854242bff221b8dd4a2c06b0bd88f9dc386,c682bcdd0c6a18c18a11b037a0e62217b0a03a85be68ff8e49a9a491c70d40b0
images/fire/train_001621_box0_0.jpg,fire,20654ce9989640a326ad4a2300f194ca982a5e99497863a2610e4d3499b688f7,08d8b948fd0f60ece7ef3a08849dbf1f1d534cd1c192041aa45f159b383493ad
images/fire/train_001622_box0_0.jpg,fire,03ae2529cf671b5c294c95162c5f452afd19e349280fd2a450aa5c26b069d8e6,c5dff35d3cde31fd431fb994376b8a635b02e4f20b7809e4a0a6e443b47ffb5e
images/fire/train_001624_box0_0.jpg,fire,6effad46dd3a8a4867701ca9e8eac809e27009dfef98b3d0585d00c517859724,80e330a0189591da78dc7fef4e4dabc5eba3ae6793be8a8ca9f7e7960ece61c8
images/fire/train_001626_box0_0.jpg,fire,0639cceaa0b0aa3dea6ea410eff293f5dede2d4fc1fc24996bf947b936bf6cf4,93796f1d1678e44ddc472ab938f5fb3200fc3a98510adf6ea3a7c73ebba1244b
images/fire/train_001628_box0_0.jpg,fire,5f6f76ad37c56c6aaf4ef4d448a6c6ac50237615a8765c35c407a241ee40a143,b053a8576f23130292f758c3363d5a154427da382fec282994b64ab0e73fdeeb
images/fire/train_001629_box0_0.jpg,fire,9bf66817aa921ef8f01c285f424036946de17571cac99e068de524401a78f2a4,b8c1b704ce2d735fa0309b45e87c897aba4ec4e96aa0060bccccd09e6d959565
images/fire/train_001629_box1_0.jpg,fire,26de4665078e2f7137eba8793ca6943b76507a27c58f40597d7ce3f759774bcd,089f21d413815bf351b7d2f87082bb8096f527b63178341362ec2f79a094b6ce
images/fire/train_001629_box3_0.jpg,fire,434bfd40d34f4fbd44f7497b2d30a140b953e203c1b3aaf022d04f0ed6610265,25baa36fffb5f0c443e2cc85295382d0cc6d84507edc7555ab5a14675edbc10d
images/fire/train_001630_box0_0.jpg,fire,66dc7e0a503757ecd3afb9643d03d95c7de046e46f765e8e4fa6cd97f663ea0a,75f527fc5cf87f9b223884794a469d27346f374e34abcc5024dfac7326dad354
images/fire/train_001631_box0_0.jpg,fire,28511604fe07f97270a14277e43cc70a073d66dae50357fabde83274014e4aac,61e3032d0e8618999a6ff81ec99497f4923c4724019e6f98056e6b9bb781f81d
images/fire/train_001632_box0_0.jpg,fire,02eabe47d6aeed0b27432a132f946f0765cec61cde0c2ac6f646432ba044ae7f,cadcf4bd02328dc5a0bce975a00cd81df44315d34123cb345ff1abf235cd8865
images/fire/train_001633_box0_0.jpg,fire,1249399a6698ec53cb7c06409020e9fe540b878a55141457d81b00a3b5bce885,1b0da842ee02e34fdebed17da3d05ccedf2a0f8a23f16e6a58db538e6ca597dd
images/fire/train_001634_box0_0.jpg,fire,e73bb89426a9e05f5d39399bb7afd17bbbd07fb6f9a504e00b3ba7bef37aa1da,ee9e4f58757e98f7fdf9c2001d9ff93cb6cbf8700b5e3143dba7ee1d422de864
images/fire/train_001636_box0_0.jpg,fire,a7041dbb241ec8cf03a86dc9c9b6497e6c87355fa7657f54323e270183afc1bc,b4340036e775647f512f7d7ec45d94e03512c187bce19e3dd55d9a6502ef76a3
images/fire/train_001637_box0_0.jpg,fire,32dcf43644c3e68315e61bd3304e1e00ad80187a589fbb7cbc86d40f67e0e688,00da8f5b9a6509076d0e64bb3ec80e775cbe9b442e530018cdb1b4e6c1e8f6c4
images/fire/train_001638_box0_0.jpg,fire,e174d466da6f6c18bd36b9047a385d562ff8cf42694d98c6177e01bd44c66bd6,418dbd6a8208707849d63e6bd66f0d32f68b9f4ef663f157612b483d1e9e36d5
images/fire/train_001640_box0_0.jpg,fire,199bd5de6fe8626ce53f56b7a417cb82923588fc6c98796924cb54f212724280,ddb547c0ae6d7b5578c1de9b8460d221e53a1563a3be20cefe2f795963fd1cd4
images/fire/train_001642_box0_0.jpg,fire,82dde7d281f58855ca47a4bdc6d9591b648fcb565b4d88d8b7cca048cc35a5e4,5f500477b53a209037ae3b4f0689be68b8120f69ccd5b535a93f297cf018651e
images/fire/train_001643_box0_0.jpg,fire,3b82cb096797ddb137d05a57e122428193ca4b163c3351078a6508c1aec27199,97a848de97f0621d1b30c60f6f386e6eff5c5d710fc757cb1fc57c7ac4bf839d
images/fire/train_001644_box0_0.jpg,fire,f06f61e8d973308355b0121fff44ec0161ef51f168f1ec66757d8f01957a6e67,24bb2c194cff5a9e2fc72f7314f23340975cb03947d58a18514ae1eb4cf89143
images/fire/train_001644_box1_0.jpg,fire,67e59d2d63ed05acdf5e680d9c8c2f0e86bf80e8a00bcec8671c9b3b6975889e,8c4b4b288d8e98d4ec9c85f5ee7ad965de35c421fdea8b25df10a9343b23b235
images/fire/train_001645_box0_0.jpg,fire,2a04561d31ae545a7b5224e577c21dbbdc47097e806f7fa279de5888b3b50fe3,888fbbcef2adc5c2243662a9b94b898bfcb1859a1d2f39971e350525628cbeac
images/fire/train_001645_box1_0.jpg,fire,303541ec2105a72ae351cc488674db7bf79a9a42ff8219b5985b6a3dc24c1d1b,4b4f76c99bfd65e162ff01c134d30d72e5d1291526160faef3f254f622edcad5
images/fire/train_001646_box0_0.jpg,fire,c46582ea5461e3a8ffedbdb9b7512b02da46846b60796f1fc74e342e4d78d597,c6559767089e365ca29e69b74cbee51791b849cd4305ac3eadd44f0cdc02c238
images/fire/train_001647_box0_0.jpg,fire,23f9f9bff05e62827e3bfb289b6a8c36820f28a9772d98ad0b446ae40331bd0a,4e6cdd1c2a9186b4b6f4b17347c859a7c88e43202dff6bc399416fac8052c7ad
images/fire/train_001647_box1_0.jpg,fire,4ecb7d760aa4f652bea5e1742cdc826f676605711148f4ac42105d7f15c083d3,98eb95179a8498673642ff0f545d7e6097935918ce865be6bf21df3cb23d3e86
images/fire/train_001647_box2_0.jpg,fire,9bf1bf27d2897490d3602f76fe71273ba39e14baef3ba6ba039b0a4fcea2935d,09348de75b113cdd26a394bf2c95ee4eadbb2c63b686025ce034db5542d244eb
images/fire/train_001648_box0_0.jpg,fire,b7501c93aa7bef90a3c93ed6486d62e63afed7992f4c1a02981f84674233f74a,867bfb4b2d25f3af9dd308d192d6cba0a7968e708255d7d4bd0429fd5d20177b
images/fire/train_001648_box1_0.jpg,fire,fbe985a533b87f920d50c3b55432a81ce119e28785f0d1d46e3449103780a5a9,16affc987b54f14bf065f43fcc6ab116baa0baafad3a705a41cc22407c404cd7
images/fire/train_001649_box0_0.jpg,fire,ca64fa416b10aaadc7a0cb134851639186ff79cbc2a7b6be5a184ab73934cc17,02b90b9697b8009d350df0e2178fc6c9080a9ea4f0f48cc7ddee38c452faa4a1
images/fire/train_001649_box1_0.jpg,fire,ad197507b34e5c2c2591c9600e9908ea590c7658f230773d44d1de58db81abaf,cf89f0916001fea804b438e575cdb5237ad9b222dbe9ee3d9ded99044653bf1a
images/fire/train_001651_box0_0.jpg,fire,d392bf8f4a352d11c80e9435a74c7d461515f70d19e648a36f9ebb63da157679,1db97f881ba0677b055ef786fb0f11fefae14803d71b3ffe70a95dc46fa6dcdc
images/fire/train_001652_box0_0.jpg,fire,e171c4d984fdf533b4fcaf53c21fde48ac3342041ceb8310b65aba7954c50ad8,3b3b0c064301065bc4be87dff4879c0d3927dbd58a29f80eeaf2facbce856194
images/fire/train_001652_box1_0.jpg,fire,f0c2557865114831b3a824680f8c6d0d28024f323d622f94acfcf6a841a1309e,5da190f013e285a00e554327e2114c32318ab3579938de618cf62de9194edabf
images/fire/train_001653_box0_0.jpg,fire,83d2eb58bf0774676354cdbd29c57024e489a1844b34c73b90e5ff1ab608df6c,2b345fb089f9383092eb3a0d3eb6e089d72657b2216a6f92b59167eadcaaa5e8
images/fire/train_001653_box1_0.jpg,fire,fe7b434e9ece0195588ea35fc79e079bed5e5348f478885dd3ac20f57036521f,d7bb38e6db7c983d8218f389c4db968643ad4834468b003400779312bd17a336
images/fire/train_001654_box0_0.jpg,fire,f9a99f3d0fb7d191e421e5fd7cca2c37d1f45128c3c6d04ff345b103dfc254e1,29e57d1918442f05d4d981d675171c05cb2b16f808074e889dd4f532d43ae98b
images/fire/train_001655_box0_0.jpg,fire,2b1afc101bc8493978877873b70c3ddda7376e2822921b0d67ac6254cd37a981,2e31229461f7a2e153984b0f11b57d7f76d7c35b81be3be6aa215b5dbe46d98d
images/fire/train_001655_box1_0.jpg,fire,739b721228233fc30659c9b7c6cc9f693d5ca0807b532e0923371defe51d7661,68620f02c6f63a3d2fbe3900bc7a3d1030d221d3ada3a02fea16e0eb489268f7
images/fire/train_001656_box0_0.jpg,fire,d357afc3cb2dfd0d6fb504233d87e41b0eb5b13a6edc17e473e60a7ef2f5600c,cde04c667ec016b32cad606dae5c15202ddd328f93873dca15001e2c2b265c29
images/fire/train_001657_box1_0.jpg,fire,51fe8e3044f62ae8eff15fd42ee32d9cb34fa3dae89a2fe41618a9c8a2044d3a,c9bc9f68e1408700499888b6164ab50c697794cb5f762f785469ec17c6e810f8
images/fire/train_001657_box3_0.jpg,fire,0745118873043d84633f3c7d04b799acd2869fe1ec024b2ddf38b01fe61e8f6d,09aa34cedc4a4e7e784615c5c544ffc074ef8ba12372879bee15fc66620945f8
images/fire/train_001657_box4_0.jpg,fire,74c8d80e073b59db4b23163f1e2fbaf67b6d9d033e312c566072f04dfbfeb195,4498d81656ef43c110eb0653e88e85260b3f51db797da0476200a7afe387ac0a
images/fire/train_001658_box0_0.jpg,fire,5d7d430bfc8f3c78a4b1b1b1ee16aa547e615aac79a63bfba15a262343ff75a4,80e7936f29b5f393d56666341e4cdcde59e8ad463c89112c5dd3f1a066d2a9d8
images/fire/train_001660_box0_0.jpg,fire,3125d504ebedf1da0b32965d4c20368f097e8ef7664c3b516dcfbf1de6712243,7542ea5a548bf0958c54a31de29f52a4b718cc0503d21cc6ec397074d0101c3b
images/fire/train_001660_box1_0.jpg,fire,8b46ae5e15ef2f879a9fd0b608a3f944d41571a428def4cc3e1337b8b6572581,9a1f4e94a989998911b6635af19cfd74123c58f73ae7ec033703c2b7b86b7849
images/fire/train_001660_box2_0.jpg,fire,d3014c5fda7f5ac9125e8495d81af82cd130bceeb5b80a148fac329af665d17c,5609ac1340b018de5d228c480af1abf7b70dd9d8cb2c0b9d1278e6085022f38b
images/fire/train_001661_box0_0.jpg,fire,ebbf6e6fde2b88076cfa92500556153bb1e2d1db5ef4d51a5f0fdb7bd91ac1f3,3d4032a971bc76bd1d16ed11d531dde7945c121f2a534532cdfe87dcb077ce7f
images/fire/train_001662_box0_0.jpg,fire,2331c3507a85aabe44cb96ad5c7019ae57f8f39b2262d51850fae3583630854f,38d8d4b12b3e0bcc7790fe2880a4349e9e92baf94c7a57de11202316322e423f
images/fire/train_001665_box0_0.jpg,fire,f0f3f5856138c785ba3725371d23d68c3a2f746991a3915d690d55ce5e171c80,0299094bb8e9954f396b11d2165c1209e9a1b3f50d98db1c3727853689968602
images/fire/train_001666_box0_0.jpg,fire,b6f29ada6748587fb30e7c6d47db6faaefc386e453bfb84d31f48a8c112f686c,0d39790f3886aec5dc61c70a8fa496976fe4f54c8c860af35e56473f36b3038c
images/fire/train_001667_box0_0.jpg,fire,c9a647f874fd1d5a28daf6da91f0ae7cadf0cf8d79991b40d664b7dc7cf8113d,8a5de99fc38459ea837fcf77050b98c89ffef3cccbbc408d9982bc5f2e07af1a
images/fire/train_001668_box0_0.jpg,fire,a8cc549106e42771f9383e2e5cd359c584012e4ea99521f3eff8efd628290054,1829983941b2284a7ade7704fd9d81527c4848842458661913271dce3ff82d81
images/fire/train_001668_box1_0.jpg,fire,c715d9508a88247b19858bce01099affafd370c73f89288ffe6c7fa65d4bae99,4231a9b8cb52c1cd3fc3c53f30394f129d1b8f317b0b13072fe199367779d148
images/fire/train_001669_box0_0.jpg,fire,ff1a98cd0a042f6f1d4b1cc4d156f33f936ade9e98962604d4e99a320dd7e15d,a565f0a83c7f3e2feb6823716bcd40bd23a66024811ec27071d3e824f1ce714a
images/fire/train_001671_box0_0.jpg,fire,80869684062adc13966f80c6d377c40fd83154c59b9b7b2327c2bc003c7d37a5,ac6fd4502648a9e2c052b0ee83f171a974db757a76f700824bb2dfb886d70957
images/fire/train_001672_box0_0.jpg,fire,bc6f06c728c8c766761c318cc8ae2ce3520c74a4e91622aa3321ebf9d8539639,3c78d0c2be0299a21a61f6429af6e62318f851aac8fabf6d2be1859629ff03e4
images/fire/train_001673_box0_0.jpg,fire,a1a8f1875227c4e0acc6e1d37db239ecd115e0adc80aa7c080b19ed69cf6d730,ef1b3a3f74a661a08ae5f0c2dff19e5282346219d826997da164395aebe1512d
images/fire/train_001674_box0_0.jpg,fire,bfb52b83eeef88b983881e053021b64ff4b143a16f1b9bfb40b2af51840e1671,dbdff78f3531de0850a3613819bffe55c7e5851850468b66aba2a72be9a1b0c0
images/fire/train_001674_box1_0.jpg,fire,ac1a71b90a009e515c8d21679b97a50b10c4dc2d2f289c51ec9ab078b1ed29c9,1daf7741923f08201b32992804390b0bd0b07583f3e439ef334668813e9d6780
images/fire/train_001678_box0_0.jpg,fire,4fb09935b8e2bc686cc59b79e69cfd5b36c3df6599854f8b83635331ef31278f,ddb373880cb83d232ad6eb1b287201d5cd1de3060a0d7a14ba45c8b314384736
images/fire/train_001679_box0_0.jpg,fire,a3bce349c345d4f234e72709f9124d426b9afbf41b144163aa03ebfd0e45d85b,325fff4d6e66832d7470c0977e4222cc850857dcbe14b1d20cf5a60d0233319f
images/fire/train_001680_box0_0.jpg,fire,d3f4e174c6fa2736963141b9f24f9dbc1b8da4e742d720d3d63efafc15956c34,ed3f6c8aed5cda5af77125d1061c83e2c3566bd31fa8aa98ba0df1ad86bd9113
images/fire/train_001680_box1_0.jpg,fire,81f29257ccdfbd5642284919d6976877a995f4bbdffd5a5bac12f9c6cc2ffd15,c4adeb0cfb38943c32ae1bef6f62980d4033c5e386917f7e041a3592799ed7a9
images/fire/train_001681_box0_0.jpg,fire,07905c6d470704146c1bebbed22f3aba33ab04a54032c4fae96f90979f066cf7,2ab71300d6cc2c91d80e3764278482e6f67caefec473e042cf446a53a0b509c2
images/fire/train_001682_box0_0.jpg,fire,c2f28944e104871cd4c40273831464fa42a54350e2e93b727a759e643ff3b986,20430ae662ad6607919fc5b4725fda9c587b4d2b6f830aad16c3a53c4edd5b53
images/fire/train_001683_box0_0.jpg,fire,81d237650d277aebdf0a5133fa7a4da202a841c356ed55a66686b91831bf4677,1a1474e1aeef2794420256f12790c26ccac6f1eabafc00e4c52c56e8dabeb87a
images/fire/train_001683_box1_0.jpg,fire,52ac4753e5a2de64bf2e8832943a11a146616d09ce28ac5d057ed844b9fe4756,8cbeaaccf7592b0d796b3f91f7a9597411d96754d5be013c4a5bad1da7f94458
images/fire/train_001684_box0_0.jpg,fire,c13fdd778c8ed6c18ebeda73bba1f0e99cb5655c6b9e70948bd4638c3b65ce16,859a154f1a6373ffc3a68bf69f8aeb516d4d2cafd912480357243dd83bd36625
images/fire/train_001685_box0_0.jpg,fire,723bd9f08dd412990b6dbf24e5916effacf2e328b3923dfcba8ab221c89bf062,044fece4f2fa1840efd5d788677718a74226327fa9ea916c68b0047d8efe96e6
images/fire/train_001686_box0_0.jpg,fire,b4dec49b13e6ec462517565efcedb25671a8d43a642e94ae8953804014eedee0,29cf3f235142ace55f7c1c7ac15de31c4414b9dc20f4ad32e85df7b87a323f6e
images/fire/train_001686_box1_0.jpg,fire,47ce9caa702bcd3cd22a0208c9a7cdfb3cc161006773d1cd31447caace65e5b4,ab04e1aae51bb412486dc189d815c9a05cf30cedabd761b14b8661fc4e052b91
images/fire/train_001689_box0_0.jpg,fire,dd41c9ee7c576c83eac3e3945b81d0ec5ee72bfd870db9aed9bab905b2b307a0,7969caeed4075e572280926a322eaeede76e213421134b25174b6c4461a9907c
images/fire/train_001690_box0_0.jpg,fire,bc14cda213189f75a452e459b06d54320af0627bd58320df1122e38f2751f41a,d03649bccdf39b29063bbf7d9e68b2fa26f8d3590b9f5ac125be7ac348ba46df
images/fire/train_001692_box0_0.jpg,fire,7400f31d7a790e8d1fb782f64bea88395fee3163af77811091d8c83a265b4f51,cefb1385175637c85d2732a32726da5b4c92ccc5d69d06b007deeca16a48f9d8
images/fire/train_001693_box0_0.jpg,fire,959cc753b2ce3d88aa67b904accacebba5bd121455e3e4c61ee7c88c9e1b7c21,eec26f453cb5ace0c6f74b4a7e732eb554e3a35d25fe3f6cc8fb2b06f2234a8c
images/fire/train_001694_box0_0.jpg,fire,2945aae24738fe9cf2825d0d1034ef2015ca64c4defe28a5e987f2b1537a69ff,4bd15d6026fe2e0187ca756129ec30d2124036d817c47b797e0e481145bfe467
images/fire/train_001694_box1_0.jpg,fire,08d9df812a46cee9e0046ef197f95beb6d6dff7f6015f6d8baf0a47f9979ee18,215ee03052ebf89d4f450e38285dd2100d275998891c4d66d02631efe12b85a1
images/fire/train_001694_box2_0.jpg,fire,05fe0dabef68ab88f705ab4e3a1fe2cad81b70a769a9ac9951b1a4a313eed4ce,47658fc4681cf36660cedaaade9efa6139843e8dc5bc27676b27886aa19fe169
images/fire/train_001696_box0_0.jpg,fire,d9337bde69d84ead9f9bbd3e8185035119fec8b677c9db4c14ab3051e127b0b8,08011a5dc5eab213e93d23bcfd3623acb68ad473187ac23c45cdc5fff0c8ec06
images/fire/train_001696_box3_0.jpg,fire,d5dcc7c26d0361e76d861bc5673fe7170dec0a9fcd4480be3ec4447c28015c6c,5fb74dec329335bfb2df5c6de2d44b14ac159c158bf3a2880604ac91d274948e
images/fire/train_001696_box4_0.jpg,fire,dc098cc203bd043244aec3293526f16bf376ba1daf32291e5bfd394defe5299f,f2fc693993b187886f70874fed371b7e20355902622eec4416414bfc4db88d0f
images/fire/train_001697_box0_0.jpg,fire,93ceb7c34e2671ec66dfb9290d9d6bd873ca6ed4cf010137d56498d6e0d07003,ebe871b5642da94d2c5cf183780c343c08fb1f55c2760ea7244341c9a2a410f2
images/fire/train_001699_box0_0.jpg,fire,80aed520671f0ed58bf6f9bed3a7b05e252e12ad4f609d59bba14bb70b0d121c,8ed094bf20752d91b10f866f8fb2ed386e2c0f0d935d5bcd03e45a60a061274b
images/fire/train_001700_box0_0.jpg,fire,16e8617fea1be5ef3e3f68ea4ad5f5da966107e6208ace51b1b2c3ddc94e7640,f1e09203a80e9f7bc36e399b3874952acbcc7274800fa48171acfa1900346d19
images/fire/train_001701_box0_0.jpg,fire,6a9aeb3dee3bf9089274122014bdb26812640bff0c63571e829d57f8bc63d548,177ea5eb212c29c075b6e09d533b0ca6da18e7d3f04b9387750a7de5f8ee1194
images/fire/train_001702_box0_0.jpg,fire,0e3894e94283d57a29e19076527a59e1afe1d95558a1a0c87b25b24a70116209,52db449dbfc9729bb5bf9d5af6ccff248bdd866e284ef06f19efd64e4b2f5f4e
images/fire/train_001705_box0_0.jpg,fire,fcb9fb5d017bbffe461445b8e2bb2e27dcf9d650ea0c7e3a1672376c93d05d88,35ac079e8ae343cbbeadf09fa226166643727a53b30691d9090e2d8b8e267ea5
images/fire/train_001707_box0_0.jpg,fire,b0a63a644bb6843afdd36e1bffa7686704b7ed9ff0a0865c6c38c0d237d6b242,b11743ab6846c3f203ee040dbf29175bd782eefa29903b0884470e39c7bcd48a
images/fire/train_001708_box0_0.jpg,fire,c3ac47a74c835ca4b92d2022b506130070bbeb5cb7e4a9f5719bdc0898d8477d,0f4977663ad57f2717e11a2d1904c167515e384873e862963ee32fc42ddf2ac9
images/fire/train_001710_box0_0.jpg,fire,ae6029aa621988ce9c24ba8d5e2ba14b8dd7794dc946e9a634c0bd0b38b0ecac,ebace22ec262e919f1916109e41193a9c22194373791d4db0b50cd0cac99f12f
images/fire/train_001711_box0_0.jpg,fire,23b902625d32f94cb61dfe853340e733073df007393968a95e7c9a797b817fb1,99f59786257e13e4997c8bf0ffc94c0d69597a27fd67585607b4b782f0c696b3
images/fire/train_001713_box0_0.jpg,fire,3042728bc790d181e0b037e1ee60091148f4fc7f9f591e774b9239109cf887fb,fb2f300089a37458ca275932f2b5623e96aa1b181b78974c7e5084e1bd0a3fac
images/fire/train_001713_box1_0.jpg,fire,ec794803ae8cfd69d9c7c7ef4147e1ae21d8cf60026a4226c1d705b24bb20998,12618c2cb74bf1fbebbda002fb3fa84028d8273351bf165dcf4a1ecd76bbb0ad
images/fire/train_001714_box0_0.jpg,fire,45fff27ca339ece5c1a4f2ecc1f8718d404f00b4ff680bc628f583c1d91a5019,c4322b0a3544d70e26c00b1b892b216fc7a703689cde934a4d416c02cd6d2daf
images/fire/train_001715_box0_0.jpg,fire,4e686e84600245c77189d748867759f460ccf0ea6ac09e61e68b66e14be6fecb,8c70fe591f963ff6b8225a9349429f3fdc444a533d1315e65ad7a2461c7962b4
images/fire/train_001716_box0_0.jpg,fire,696706273ab83fb3ca1a2cebf41ae1c4d673cab9d380a699aca9ced8b634a3a1,33c86537067f1aaee55c1e6ed280ae38b71dcaac2bebb9af493742cf08c8d925
images/fire/train_001717_box0_0.jpg,fire,a0ce82d7e19b90d20590c760634c530e2625f282926f9aef5e065b5773024530,054a6fb91dcb323ed2d2a611e187db730ada9efe10db7522123cdf27672c8c42
images/fire/train_001718_box0_0.jpg,fire,9e724b2643417baef197f61c618a7988354b49942cbef40ce40d2e9ae736b49e,0fa4f2518d5e5281f63759a9d6cd8126eeae6f7a16268503492321ce4c32727b
images/fire/train_001719_box0_0.jpg,fire,c91ac13c5143c4f1ce3503a149ca1a0c9d77184fa15324207d8a02b8d4ee5427,47a5bbffba3ea205064ab27ceadb689388f0d15873667b6ce1b8c25910014c17
images/fire/train_001720_box0_0.jpg,fire,eaf49fe4c23d5aed61629d60ffab753c968b809704a9cafb01b331c569e36658,49e16ec1ce56f46516a4c92fafdd909d0f7b81beb533202112747258ee861fd8
images/fire/train_001721_box0_0.jpg,fire,0c6b36f93231fdcbd435900df1415e6bb9d81028666d1122ebaec11e7a789b81,4d40d831447a88edd91a1fe2dbc1221bf7e6feac821cc2a775fa9019bda2b876
images/fire/train_001721_box1_0.jpg,fire,097255b3f25ec93529ae8451bbe5b0f1ff29cc09eb102f140903f11a9179f164,9eff8e93de8b6efc77012d6fff6ad244598b83d22b0c4d0c620b4072c0a47f23
images/fire/train_001721_box2_0.jpg,fire,4e577c417e28f4994060d50337e34ab16cfc30e951511a2c29cf7044b87fa80e,aa3a52eef9a3b796a14ff82fd109ade153255448fae574833fe9a170584f56be
images/fire/train_001721_box3_0.jpg,fire,32a063ed618d04f380156cda1c8a9e4100cdeecd917699ee003df500a0277041,9c199d8dcbb746a3630bb575fd3343d9c3f960a4519dd98fe6032b9d8ec31151
images/fire/train_001721_box4_0.jpg,fire,73487fac4ccae0cf02511446e3656f95305224e276ebb7fb45760fc018910158,4da4619f6383a5ba613a40e5841f3cfbc5daf0f3421d23558396164f731e9954
images/fire/train_001722_box0_0.jpg,fire,a9a984df6cce60459ba1b91874c36e933a7dc27355f686150a7a52a80eb311ec,f61dfdddf909d25b81802bd01125997ef3fe4737f0a4836bdb7dfec05ee3ba57
images/fire/train_001725_box0_0.jpg,fire,1dfa2d3ce3cce1417541107f7275e2d273fbdbfc3da6e7ef62c36317cc3e3073,b8a128e43a1150829243d9d5f9f89c5d44162a2e2a593cc9fd2ac58952c26c5c
images/fire/train_001726_box0_0.jpg,fire,99371127ea2056121c67e8615ec12dbebad2a4cf31bebc9225eab32113bef42a,7fdc51421a177b868a8657b12434af41077dbc27de575dad2051baf604a5fd01
images/fire/train_001727_box0_0.jpg,fire,c59885d9bde6480489e3a316b4c4e34826a50efd94c5d6c3b009cb42f68a0605,6c95e2e93b8c585ebd66dbc087a34f135466ed39df0721c9919adce61ac04e25
images/fire/train_001730_box0_0.jpg,fire,933c596e8dab41ad11fdf075ea8989df9b9f5b0e9be7982659f0f9af2c4400d3,55c1f4150146e25ec5c950a5156dfc3cdc5a62354c605df5364f9a7c44524fd6
images/fire/train_001730_box1_0.jpg,fire,aa0feba39fe03acec87f15f3bef1b501187fe598e62435dd4fd4f69a97d70507,794709e0597eda129a4b548fd31a1abb876803fc54b79d91ceec34d85d085f36
images/fire/train_001730_box2_0.jpg,fire,03cc35093e0323067456e9b6f9a0b68c9392ada842ecfad6489ce43f2812746e,ba75e6ed8f6c34b1188d56c2a230bdefe9fcd5a1fda7604695e70abc4c339d5d
images/fire/train_001730_box3_0.jpg,fire,fb3d2f6845b5907658e42a167935db3b119d87d76ef2d31d75ea84fd4d9225f9,1ad8e202ddd89366d173f92c89d01e45d8edfda9eeccca0b77144f1d37b3f051
images/fire/train_001733_box0_0.jpg,fire,d8f7bf2a5f4364d4f6be18e7823c316996bd95b5bed3358b94c302623a7e1c3b,5b127d3d957a68cadea09157a5980a270960feb977e63f7c9cc28a268769c1c5
images/fire/train_001734_box0_0.jpg,fire,30760dc3a96dc4745f0c31bcd6a9ebc299fb7a8c3c1b12af1ade962df92a5827,5beb17d92f9494e0fdbd1ac1ebc3a04cb95a7e3c36705376a16de38f1f8df8f3
images/fire/train_001734_box1_0.jpg,fire,18f5c02b3c70819bc7cf9462c835665d251ea36e75fb5ff2d15d122a791fcf75,b55b99932942d8ab0be40d8b4b23cbdce2e0c4d23c056394de0c54d1380e453c
images/fire/train_001735_box0_0.jpg,fire,0492d1ac2e49ff850269f19685b5da1156fcd22fe2cf782fe67cc1f583c953b7,cff3f9fe7adadb8d269a94061b960c521fa78ccc96d8bef6e6a6185dd42113f3
images/fire/train_001736_box0_0.jpg,fire,6c93f112e634a1ec53700545e02e2b5aadb940958426dce18f898af948602554,d8e8ec68523afcc3803b96deb5ed31f3db4fa3d812ee689c198390d96acdce24
images/fire/train_001737_box0_0.jpg,fire,8cdc9bfa44037364ccc0dd47e8b13d8a679a0789f77e3c69ca85b481b7c1342d,c1f4a777fb4c1c5cb6b6a4216c8b0eaeb8241442b40262bbed9fa4b6a10e0b53
images/fire/train_001739_box0_0.jpg,fire,0daa57a3e1d3b4b1c75d734aea71d17fe8d74585596f86e2f2b510448ff07278,7ccd61aa1f4c7efb7677a2e746d873b997fa8725669109265de9c0bd01b12556
images/fire/train_001740_box0_0.jpg,fire,99a5620ec4f98b9fc14f4e6155dcefb3bc4bdc9aad62d64c0e6d8aec42cf0ead,5b4d192cb7b7f74069f3a8931180e0bf7b4604dbd8b49fd5604db425aed998b0
images/fire/train_001741_box1_0.jpg,fire,d320e2b0602a9138a4a37094874783ecadd1013598d64d0c352d756ad0a43eea,b96c211c6001bf877a8412b4da21b56fbb5a8209e309687774a327489668ef19
images/fire/train_001742_box1_0.jpg,fire,3de30a95944ed1f0dc4feb8896cf236e2318654901ce5427f739ce86242efca8,0500bb0aa2a1390bedd20243f42003af62b30c7c36753b75d8f1e050a81cd4a0
images/fire/train_001743_box0_0.jpg,fire,42d1e3d42c4733a4ec0983ab07a4d1885e36876490bd615c371b8f5cb1acdc26,9144bd7a0451d2bc2370c7ec1917e4236c19050fdebd02447ec66f51d4c16d4a
images/fire/train_001744_box0_0.jpg,fire,9a935fd7e4421f9f8c5dbf9d1b2256ece1770919c83536bc904918152ef8a606,20de2805db875836a133d0bc43ae21cc8f1392ab7ee03670368c3a849ad7a218
images/fire/train_001746_box0_0.jpg,fire,64d4d7f359588db713a260352eb96fe407615da9ad861d09af3a11ee3de5de12,0886f183924082deeb722c7c99b7f1d42cc4ef19e0460df1271703dde783424a
images/fire/train_001747_box0_0.jpg,fire,7b946ec9a19f9b457de0e94e77984a93c5cb25ea2526b9a3804878b1cf999ecc,4e2f303663027b88c6c7b91fcd5ef368d1d0ee3717ba194850d44ef5798be97e
images/fire/train_001748_box0_0.jpg,fire,c59b42b05d6a73050edb28911591e80168133b86bc301f469d1db8acaa105d8f,985569b22e44f2b421b3ca0a7cb7c714ca9ac41ca43fdb3ca37f0c68605128df
images/fire/train_001749_box0_0.jpg,fire,fd61b5e40c5905b18658f5e81832cc1685d31f51ade8905e971029024689142d,22cb7d66d5c4dbf480bafa618404c339d883db90df0b5dff9eafa60ca9fbbfec
images/fire/train_001749_box1_0.jpg,fire,fc9a75cfd3f291a87be29d23e3064beb2523d271f3cf51015fbc53a2d5b93eae,11031865fcfe54b2ad51da17b2af3b838a07bff6fe32c766fee7f9ce89591713
images/fire/train_001749_box2_0.jpg,fire,a0de5257e03168a7446ae06ea770ed1cd65ec4e6f91884bb6980db61115f04e8,03a4cf43c17246a41c877f4334401a94b4c0cc0d7829819c61b16fd9bd518f56
images/fire/train_001750_box0_0.jpg,fire,185c99db53ff96f0e513778273f00dfd7bd80b3e8bc33e8cf397b180bae7d15e,004497e9978ee1fd873c154aaa92e91748097df63d5f0dd3342b19e118af0850
images/fire/train_001751_box0_0.jpg,fire,d0491b6f1e9668448189d495a757d2e296d6a64b036bc356b8164303dc93b66b,3f8dc4bfc02af95879689097ae758590bec654660859ca11fc36c765b1ef4d33
images/fire/train_001751_box1_0.jpg,fire,5856a4ecc866946f9c1ee179ba663fd127295b1ecd5a78fd4894eb76c4cb3898,2bb81489ef5e60f21cfd738e3e4ee1d7a679c06bb0a76cef9088f93a331dbd11
images/fire/train_001752_box0_0.jpg,fire,c411a076a577118d3f60f7bb030b041b48671f4af218a99d9405b835316a519b,96cbbd4341e0b756a67d5c6a7236ad38d1870d1b16709db1774da43417dbe11d
images/fire/train_001752_box1_0.jpg,fire,3f6f8a773e408c2334a441df576d3ac29b5ced388cd32b6b7659b59915f6a724,7d34454c29c54e169a023fbc43acdbd6e72aec7b314d14ff00aada6d00da8726
images/fire/train_001753_box0_0.jpg,fire,21e78198913f45e15cd0a1ef4161712ccd51bc4ef7d98f90e7e2d18858a82808,39687500a340ea9453a4f880024db5eedb83257a7422d406875fe1a8c9ce0841
images/fire/train_001754_box0_0.jpg,fire,9767ce260ec6ac66aec99a97ff990b53c5d713ee2cf31374ac94216630087973,f94fb0cf51308715bd7876fd6e721776e4e8988638efd3e06661822de346b8cd
images/fire/train_001754_box1_0.jpg,fire,85260b6789c26ac5e8543a817ba56f3b013b01deb2a73636ebe889d10b4d2c3b,8b12978783646618b9887fb2fbd784e79e07f19be252b14c8c4e96d31a442b24
images/fire/train_001756_box0_0.jpg,fire,87efa21bb71da84706bed407b77e51b3aecf9db109b7b6e9b2e8e7e5622201ba,4d9f61226d2909a885b33cafb08182d3efce0bc3810ddc32071012a57e142d32
images/fire/train_001756_box1_0.jpg,fire,cf4a6f3f575d3c554bfb64c8239192b0de39a456c0bf1703f33f17091bff8825,3416429e9a0f3b0ac4fa7377f9876c88ce1fc4629636c936654402bc51ac32ee
images/fire/train_001756_box2_0.jpg,fire,84051c73959e42113a68a3993c39d9fed11397336de7423dcd702a3472a11260,381e310442e2fd3b05efcf9f61955ce3be1a2b058de72868fc026d6cbcaf3774
images/fire/train_001756_box3_0.jpg,fire,b7ac4b60e2674c62d96412212506ca675d04dd7ef9536078fdb0306e5876ec9c,b6ec95c35d8af23f03b244f1ee39b0ac93c722b86268e5bd0a3871201d8f6173
images/fire/train_001756_box4_0.jpg,fire,6d3e7c096f0bb4eca86f5b711ade15d6950b192fe95a0a32dc953b4a26dd726e,df7fd88dfc1584bb65d70d656fc4e78db6cbb7dee47a3865f0839c49ef652d9d
images/fire/train_001756_box5_0.jpg,fire,5a8102d7025ffa1a601ec8a8def1b9475baeee10972459646e70b112a4a93859,d54f773d01a86b966fbc5c352d5e8fa99b4a8a1c79519155370eebcb7766c494
images/fire/train_001758_box0_0.jpg,fire,9a5dace91eb4278abec111694296156dc58ab3dd9185e36b0b4b49146358a384,e10801e1b140ccdd29f0ef1cbd39b431ca76153f231de027c35da181ec858903
images/fire/train_001758_box1_0.jpg,fire,29a53d62ec68651a640bd86795838bcf6063eb24522a7bef462092f68c4c5a40,e87d204e5efeb318da27437c69bd8e5cb68e3eb658dc5f2dcfa93025d3336ef5
images/fire/train_001760_box0_0.jpg,fire,70c3779ab7a2e435936fb15d8a2ef1f9c203e54e62723622c965508779bd15b3,60e404052ba9a2995193ba1e7c1e8ae18726c80d500b54826ae2eba3714e919b
images/fire/train_001761_box0_0.jpg,fire,a163a8fe012e02ae09a6a0243ac1acd1002b4dcc76bc315c11f8111a50b91053,8ae2efb1ca1cfaa9a5794c60b5af34ef7c67333f69589acca93dfc558e7cfd72
images/fire/train_001762_box0_0.jpg,fire,a20c0f642fd5be1d38a4c0c532d057798423e4c3f99e6d5c96a41c9fb82adec2,552e7e338458ae44a43a423d72673e90d764c008a22f0de60e0bca9c5fdc77f7
images/fire/train_001763_box0_0.jpg,fire,76a5658d660551d21a8c87275635c6c8d39474bd57d2dce09a5f11403617c2c3,eab5ec1d81d77e2f920966d5e871f7c4c5725ac4b8a6455d48e40a11c4e67755
images/fire/train_001763_box1_0.jpg,fire,211f88d927c8dd77b130a0cd89e045faf0a12bc81d6f95ecfe8605da167498ec,52fc48a1cb629e08a2ad914bd376ef1d73e5b67c0a09f415d00d340b6695e9ea
images/fire/train_001764_box0_0.jpg,fire,38065e15be29e4004852eca15089e93e82fcc890ba21b042da53af64a8a3cb7e,ebd99085aa8a57593a7ef72df914c87b6b96a2127d1bd2f07b612efeeb7ff9e0
images/fire/train_001765_box0_0.jpg,fire,6eac7f4e98a95e756a24286c39c6c10203087250fa6dd41f42c4fbc63c30db75,1372cec8392c59fcfec9730908dacb56ff476f416ad9af8c9aa5df773c096cf1
images/fire/train_001766_box0_0.jpg,fire,8b314a3f1ca217c4dd3f05187724d3c1508120cf5bdac27f6f9ff103b5b661b0,f96972f6f377981399fe5acedbe9058721696c5196b5ce78865285318ffb10eb
images/fire/train_001767_box0_0.jpg,fire,f91d9b1c336063e8eb6f88d12b59143c25ba1d5c68699c2b58667716f04bab75,b75c68cb6623dd059c91f8b05185e510e195cfbe22e17db487bc87df7d07c807
images/fire/train_001767_box1_0.jpg,fire,06a9478c78fb9a51b0d76cadba06c91bd3b8e5a4f0ea94eac62719ca986fe627,552375c5e5697cb3bed4893bfa6d32dc052497241a38250aeba3670d2967bea9
images/fire/train_001769_box0_0.jpg,fire,0066c0dec482a443dddb12b74a48097ad8998cbec59a526fd8b150a0730b2906,4578d9ce6a6bf6b24cf4a1c419b3e855b57ef914cff562ec7b41b2a1ec727237
images/fire/train_001770_box0_0.jpg,fire,1aa5311177b412c077df95c65414d7d6ec895d84e670e75efec49f8fdb1be2d2,354a0e3f7ab6c038df85e97913242d89c53243286a020eab2c1a38a5b55ff63c
images/fire/train_001771_box0_0.jpg,fire,adbcdac1aa1a4bf05e9d52fec87eea30702e0d466e321ec5c2615ccaa9730fe8,b247d5e2028be7e54415af976fe586dfc906df9d90061cf6f22ef99b71d7d714
images/fire/train_001771_box2_0.jpg,fire,5c9e0b9b3ade857551ce23ed370efa64ccd5343227c28aa8b9b145acf838358a,152eaa0162019c7f53a98fd99017f32f467e1c3916b04e97ca8d8fa58c95cbfe
images/fire/train_001773_box0_0.jpg,fire,67d07f294a8958eb7e2b4418e98a97254ce8ec48c9774740cfed3f62d113cbe5,c710dc5884a9b7ad05071aad7b71bce5cb27050e641d65c4734af3504f6a81e2
images/fire/train_001775_box0_0.jpg,fire,e9e3d760b10a5b97df6fbfa5963b1b43608e8682ac11e22674ffccbbba729432,2f9f6d212976fada364a70e31263d2b32e47d8ba045babcfa4c550e432f0901a
images/fire/train_001775_box1_0.jpg,fire,892339176f883a88436c84117dd2a8b5af6793003b2d95164b8fb06eff7ea62a,ec86f6ac505523eed57e9e4d156a877178efeb48b0832891172b436a18c53fd2
images/fire/train_001776_box0_0.jpg,fire,94b60322a7b4a145b817d2bd394910c8a51a8e8919da0e536bb6aa30ad832087,283fb037e8a513c313a83d512a0349ce856cd0c20288683750c201b436ab2e10
images/fire/train_001778_box0_0.jpg,fire,44f0e060c0b904114b5c2df771cceefdbe65f33d7a7a7001bac40b0b7d524bdc,14ad8948abba0162e9de0f32580f0e0f3ed00efd95a576413fff58384c3ccd47
images/fire/train_001779_box0_0.jpg,fire,97d2744225677811575b097433654e0d26e26727296d6d7941b8da9ad97bbc83,5a759dab7f78acd868b45005e4238581b06bf6328aa1372508e35b8104940de9
images/fire/train_001780_box0_0.jpg,fire,1442292eac28a584eab579cdd7093e681a3599e2113b423edf192dc17aaeebda,f0a8507fbbbebba0d2f5f848764c6a650f76ebe18fde601e8583435f8f46cbd1
images/fire/train_001782_box0_0.jpg,fire,4e8fd3fba537f2eebe330b51f69bf6f2b54adebcbed8db327f162fea3e4504c4,cbf41a10e13099eb1ad73fd9ccefdfb283d00d2f3ee71b16b42a24c849322ef1
images/fire/train_001784_box0_0.jpg,fire,f1a43d2a9697c02f47b89df9eeab1ca19f6ae7b8e0cb3a15622cccfb84c9de9f,6599f132200c0faf3ad16ed1d6f03abf4d196b890dfcc889f1e13a225c02d9fc
images/fire/train_001785_box0_0.jpg,fire,9d8c6680fbbc522fb7a864421d5782323056d0d64ba346856d573ff7358ca129,8c1640b12ce43030a8da399f65214659c257d72b7ac82e799a73021488b74b1b
images/fire/train_001788_box0_0.jpg,fire,f90fe93483302ce48c52d6dc310c4234a10fa88808166b5e870c779f5b3dbf74,4c7ce55a78cca573ec8c8d1efabe80b26e4452afaaf4066946d3c27b1f810ecf
images/fire/train_001789_box0_0.jpg,fire,3ed9be2c11c458b909a5f8ee518d6225cdd4725f8bfad347e2a7a6ddbc341e48,e127dbe058d35eb8b4a9c3458a2a175cd74fb8f5dafd33589cd34e44c74db853
images/fire/train_001790_box0_0.jpg,fire,5bd333959000c8944f0c3cedcda0178e146d64b8f4e92f341a3b67a05b591a62,08db732e2bf7b17e7fbe42622c62975afa677257b7c70bb4d214f13e2d082937
images/fire/train_001790_box1_0.jpg,fire,95b0e1cf56a077048320ded1f23b94d6c39e9ed89cf3d4c57379699efcf9df6c,e7dcd14d36dc074583688bf7336c0ad6af7d546febebf247ebaf3fe49a10eead
images/fire/train_001790_box2_0.jpg,fire,e3bbb8d776b71083ca5039a000aac74ee831ca67e53c81ad17160b9165e9062f,1ed0fa75e8a326a2d7437e01ee09d3f6f7e4558d6f3b98c7ca2f851976355d1c
images/fire/train_001790_box3_0.jpg,fire,496a41e10806ecc9cbbbce31cacf20ff41474c609a17294a96696213ed669927,cdbba7b93b8f9d6e89b6cb5d3d1e67f6c99c49a5c271e3d86cf19b32f1659437
images/fire/train_001791_box0_0.jpg,fire,36732b05e3655987347ce5c2f196ad44c82438869700ed9e4d52f2adae816d12,8fc75ad1d0e1ce5f427a4affc1097a3242be1830a72a8c52d34f17eaf12927bc
images/fire/train_001792_box0_0.jpg,fire,2b76d2c7e075be3d9312510d93bd47fdf571798ec247f197611ea089d947d119,e904336113a5734c648d78f668ada9b27851e15e017aa81bdcfda965f1e9b88f
images/fire/train_001792_box8_0.jpg,fire,ecb4a0c2bcfe0a4e38f6b12507705abf80d02e3f5c8122bfb802c2ac42f6ba51,73b700965a942c6b3ac3f4bbd2b29636c51f9aa5f5f77a9ebcde90b48c126b55
images/fire/train_001794_box1_0.jpg,fire,3f47a940538fffc74a31067cf876a11a7ba1d3ef52ce3dbed655f895d03c66e1,ff3d50080af2f5a6df300a4a057e437134b7a85aa904cd6b972e3dad2f3a0c15
images/fire/train_001795_box0_0.jpg,fire,5f219f29fe9e1ec8cbf4558e3d198c4a118b430e02487522d6c3944aadf6c84e,6e4e46031e494c15b558be6a400cfe9791f22cf12ae894f616d75613375dbd35
images/fire/train_001797_box0_0.jpg,fire,09062bebe2c8659ce67b8fb6fefbcd6ae064ace2bb6b3d760c49b6d90b4769ef,454c1f8a185ab75434395a95b390bd720994e4507f8b0d3506f3092f6ea671db
images/fire/train_001798_box0_0.jpg,fire,447ad41a8e70b2de90936a1716e43f05b27bccc7e60dc1c8462dddd28cea91b6,c7c67b710d75c0174bd5fedc55297a1fa2a8e44b7d9ca40869d4b6826be848c5
images/fire/train_001798_box1_0.jpg,fire,32997274c2ed9ac44c00854fc465a69ac21ed1e06e5cec5614581a6667fc8dd1,3526d318e59bc2ccea79a216e707b338b2fb0698b6ec35328d64463aa83a642a
images/fire/train_001799_box0_0.jpg,fire,b932fb26e79cb909a7ede62943d9b761ad04b554637ae65f86a6c6796b4357eb,d6e4522a52f65820d414e0c9ddaf4531c577ce152f712e6ff2189601c3b6a738
images/fire/train_001799_box1_0.jpg,fire,7c652f04388b4d38d93ca8cefbe68f27650a6ef50a0414b5150d678c207de4b5,51bbc8e70b1a479720f7febf24c528723b39cb97f54705d8236b3f86038269c6
images/fire/train_001799_box2_0.jpg,fire,93511cd82279c0dcf2c973040c1b6f34f5e898a43c8a8ccba5707b2f27dcb37b,dc10d9c20f56b160c4439172ef2fda0ca1fb43c4b484e2dab500848f76835d65
images/fire/train_001801_box0_0.jpg,fire,10c130a1cb327109d64e134f933733cfe31741b308b88ae3c1dea771ad749fb5,99df9e65c768f6d2e8f3c754b79b2f674692cc152319bb20e1831663d3e6e08e
images/fire/train_001802_box0_0.jpg,fire,d2e462847372cfae0de7d559c2326cb546c8b7a61a10ac15f7849f58304132e2,ed188fa3681b45cfd86275e7b4f0e72287034b027a7c799172af5a03a93b613f
images/fire/train_001803_box0_0.jpg,fire,ae78d4d5fd8ca65ca25b1c0283a6adefa1348ed31324b890dbb45f2155b012f6,b54e48039bfa307a5ca8fce9c541b9ed6801fe8547b8eaeceb447e455c118ea9
images/fire/train_001804_box0_0.jpg,fire,644b7f9a6e7e40913d0b351d426c6ec0acb8541e297cb9ea8698342756f2b23e,a3e8ac23ae74888e8b55d643ebd8c4222a69845663679bc30a4645a6d8803224
images/fire/train_001804_box1_0.jpg,fire,daf7fc925a6a3e1936b1a475acd72f72caa26b684a996de82616b95c9f150e0e,0e382f0bd6269a92ffd30ec82320519efa85a9a28328614cc06758aad0ac658f
images/fire/train_001804_box2_0.jpg,fire,1cd46cf2e969ec4cc45f757d92181e1e960ee730f7471f87c5bf20a963d2ad25,562c06337c175bc3969995ace136d2f4aeff05c7b0d923c17849ec78b8a4682f
images/fire/train_001805_box0_0.jpg,fire,be87275d283fc746564f62e2a240c1d10a1f24446c7b2e8bd58465e257a8f4ec,e749623e581077431718a564d8ffcf6cbbaa294a07da85150a2e3b143a4f59a3
images/fire/train_001807_box1_0.jpg,fire,084205e658c98caa041de6ee96ae87d5e600d1f906c77bd22cd169ab1b6fe13e,9d7415e54656b069f744b05f945113b3e99151e513dabb2e6a9031b05a9a29fd
images/fire/train_001808_box0_0.jpg,fire,00867583d47666228def13465459e2c474569afdf53268a52604f0249a1f9dbb,deacb4d0ed4381cb203606ccb3750694921122740b0b0497e4faafad7836af42
images/fire/train_001809_box0_0.jpg,fire,c93621b6e25061614c5ca8b1317dc32ae70843aa401242c3270dda7ed3127007,dd68bdeba5968668e1d340c52820251e847edbe5835ccf40a6634b162f048c27
images/fire/train_001810_box0_0.jpg,fire,47516847b380662048f44e0f3e741f1856989b0641bf4342bc922623d5b3906b,558308f6e3f4c7e8ba15f8630bad9cea22e5a5bcf9c59ce81753d95ac437ee99
images/fire/train_001811_box0_0.jpg,fire,106742694026be273f3805420964e4138b80c567dda521e06ebec91fd7e8bbec,57abc6fea16f074ae713bbb8278968ab1fb9cd302a22879d3ee975e1f2e9ae30
images/fire/train_001812_box0_0.jpg,fire,cefc4bc9623d569662cc407f1ae59f5d8ef8bfc01605a378cfce0f9cd6977376,3d53a79a95b415cf5682e4f4e720297240e02128f64a9bdaabb2a1a738f30c83
images/fire/train_001812_box1_0.jpg,fire,e2d9258e38fb584f40a6f72e4536d378f36d38b3ffcf301771e219766723ada0,6a5cb6d470c6254cf6533f71c5af4d956bd9e3c678f55cb3b81dc2d5fc0a53e3
images/fire/train_001812_box2_0.jpg,fire,417613a10653c9b3e169f2413e07457742c0fb7da434d5ba463f7f99a1ab4b3a,2fe876f4c49ae16a4b10fd12267c0bd4b260fbd32c081506f7b82e0c4c318f1a
images/fire/train_001813_box0_0.jpg,fire,c6267b1ef11d88a8d5f0213b31162fcdc14e6e0e98440b639730d032e210ed8f,b68b2600b78f979fc2eba1753d39012b3007d98683f55e5866af93901f5ae9b0
images/fire/train_001814_box0_0.jpg,fire,fc8164cf90fe6c0d12bc91a073e342445c8ebc269f2e258913a7d9e1a52c490c,27e63b1b45160d15abdc18fc593ce054f99eea6685da9afb84ce51db4e051a79
images/fire/train_001814_box1_0.jpg,fire,8c2205d950a34f19d2f06a6fccf4e6c0fc81253cedee5938595443568f43e2ab,ec2717d7ca4150d0025c383442ba497b4cd540ad79b013f1a60ef4a7e7bc20e4
images/fire/train_001815_box0_0.jpg,fire,a5bfef6bb7622febb4f35def7e0369adbe23eab6480478b39301ec207d4f4617,037ed3e2d1c8b4142a452e08d471c957ccee30c8d5768bd167d860298cef1fd0
images/fire/train_001816_box0_0.jpg,fire,43a9bdc5f8a490f0964e4eda3e696a46531c2e96f8f89e56be76d9fd5153c2f1,787ce9bab56b141f5e1dbdc820c3186f2a236dff0afcad43a87eba036670f0b0
images/fire/train_001816_box1_0.jpg,fire,2ab20e5519544c239f97b212738e6a3069f65837319ebeff3cc546048217b2a0,318d1296bfe48a25f161f323026cdd93da55a293f89780e6824c61e28e1a7cf8
images/fire/train_001816_box2_0.jpg,fire,8d37e8aa5728086fcfdd5da83da5c00d01d567d1e92e2c7c3fc9f1e7499e5a60,7b0e6a4fecedcbfe700742f943eb499ca4adc07e469dc4565cf528c7868a67a2
images/fire/train_001816_box3_0.jpg,fire,6f8d140ccf50cfe218a46e537e2f5159f2f87aa8d8946df97d3e1f4c9c42a265,293cd17174d861b41e529e5600028d2175bfc0090e06638d3febb4b66caec97c
images/fire/train_001818_box0_0.jpg,fire,49c6790d8baa4b1b3a0df3fd72ace8c6d9965a0f1d43e1510c90789d1f77b96e,e424c081dd5aa959391da36c6e577dc70bbbace40bb0fae44a6c71485510f6ea
images/fire/train_001819_box0_0.jpg,fire,3c767b836f05c6634ab67619577a4a9c881abc7347a3e0b5bd07859d6ed255e3,9390b28cbda90a43d0a7e485d627a2e5c65f01bff314f8905b3e16ed2d1d082e
images/fire/train_001819_box1_0.jpg,fire,e39d02e146af32541acf4a347a185d5b6d4de14c7ef8a58640d58cd8c0c5e469,b088005e440cbaf5b8103d5f4be92e1e09633cfff674a9f97a9c6db82c6175f6
images/fire/train_001820_box0_0.jpg,fire,a7edb56f7e8b5d0846cb38d66e65d9f1bcad76fb7edf68cf32e6903f2b852c8d,9f1d06c7773de7c088df2d80641913f9bfeaae450fbfa049f4495b64241dc6ad
images/fire/train_001821_box0_0.jpg,fire,1e6b16fe2ab67c02c69adb955579e853c21dbb28135b6cc14c90bcd350765f39,21b1e5122dab9ddf084e738ff1665b18984df454070682cbfa85cbeb527a20c0
images/fire/train_001822_box0_0.jpg,fire,aff0b2c3e2066a3df31a63d60ba9df8e370f3ab083b54b34518a7fbf71c0fcc0,9f5521d91fc9b67f98aca24b8d41aa5c91b5baa2aaee534223bdcad302f473c3
images/fire/train_001823_box0_0.jpg,fire,f4471eb2f946371bd1b1512f4b5891a2bd9cf80930d14ef5c53c12a7e0c386c1,a9f7c9c695c3d87614c3694153e108d0382702d35e73da79633e17c80526a1e6
images/fire/train_001823_box1_0.jpg,fire,947487749e6c7ec10e9e4728d3463f0b3cba68226d9b658473dcf0c305ad4614,8e93164b661d361576e2271d1d21199fcd6249403438349cee96aa166051f318
images/fire/train_001825_box0_0.jpg,fire,e97abcbbd34126956ddd6625c7437bced453548c607b8a6dacb8c0d24bdd82ad,2981613f2661368f2ab41df2ede45185a8076c7223ce36f7a4af44515904f70d
images/fire/train_001826_box0_0.jpg,fire,4f660dd6307368b423b612ae25dd818c68c4abf860d2c8d27fb1261df7231498,2a6526dbb4b981ada86528d78373b0ba3ed75cd736b1b2b9cfc456a256d1fe9b
images/fire/train_001827_box0_0.jpg,fire,7a627cbcb54410067242ab49954654e20f153b91525bc7b3e7b39da0e5ddd878,4f5ac441322b736b67ba41ae6d2efe2b32ef9053d93e73e0fcf4529e2801808a
images/fire/train_001828_box0_0.jpg,fire,d4194935b11bf0591901608be8b3ecec350280ed15fe423b96df9ab8c7e81bb3,62c4171ba2c9ec88c448ccb7ced78ea80cf36d499c04d9333e3cb1124af125bb
images/fire/train_001830_box0_0.jpg,fire,d605bd6671165538e138967d0759efc648e83b02f9a2359b4a4f85f1884cb65c,b76f14b9f6a3de49f8d2aac80ab7a10ee9ddb9bf45e9b28c042229d0f9555877
images/fire/train_001833_box0_0.jpg,fire,f31afb4c161b37186c8bd4e018986672a2e500bbdb994b125b529402fb3d4507,763a95b8cc77da620c84f4888171eb989ba686cdd080c85d79265157baf1880c
images/fire/train_001834_box0_0.jpg,fire,8ade09c08c158990b26a7acdf0e7d8c657b4e6f93c45919688ba13117fec8675,65afe112a5ff9e9e984220b29ad78c5a5efc6a79dc781b0892d0534b740e6d6d
images/fire/train_001835_box0_0.jpg,fire,d13b2c60b9be240390a006d90ea8657bc49b8ac03e9a3e2e610a0b03f76f27d7,a6727a9ae66cefdf45e5a3a1705eca849101c8f9c27e3ad318217fc234d234a4
images/fire/train_001836_box1_0.jpg,fire,0a9fe52f0620639999d7db57ef012e4032f65b157a1000dbd79d6c3a75bcd056,604f5f5fb9c64c601f7433c08fc9b8f981177d5f928856d13681e49d98fc4383
images/fire/train_001837_box0_0.jpg,fire,2cc827fca020fe7a520b4aa1b75ad62179e5ffd9575b5774d2151da2a61a06f3,d773dfd9e7ef03160d3cd8ff9899ddce5127437a44ac53673d2eab91ff836c83
images/fire/train_001837_box1_0.jpg,fire,dd395a06fad196e1b0f2d0a6e8fa849a982ba2a2bdc842bed56490281ad4ff50,41029d604982544ee311eb231b92f4ed14352aa4120aa2defed4ddf3617d40da
images/fire/train_001837_box2_0.jpg,fire,0620a44959b62312f184bab2840c86de9c4561953a1c1f77a375a2c1a89c79ca,41368af68c2d8bd8badc3eab1b3251b922cfa9df33786783656773ec647e8575
images/fire/train_001839_box0_0.jpg,fire,cc559a0bcc7e6eb82ce1c357b00e9ec92aa34c804c354ab8ac9dd270b2ca4caf,2b78d41fcffd76337ba21d7692254adaa9cffa28056f981694effb7f75af99f3
images/fire/train_001839_box1_0.jpg,fire,8304d36ccf34aaaf1bf24c739dfa008c240142ce43910cecdbd7c7862f17bb7d,de4492f03c86cabb936287823f98451be3dee7af0ffdf0cd287198e57ec06153
images/fire/train_001839_box2_0.jpg,fire,0c5b8173fda7e021b1be4922cd2524ad4e79bf4b8254e370a6ac05abff49a9a1,9ad3dfd981cd3d5ece818506dd7328513469027a8fb5dfe04271ea9606e7af41
images/fire/train_001840_box0_0.jpg,fire,b2de55af00e054a00ce081fee7a76ee67b8cf75778e0d84842db0e4b1854a587,701d00aa76f9e5640f68f56e749f65f1de6aa894a25022be8e8af621911ef86a
images/fire/train_001841_box0_0.jpg,fire,74c427b4ebe6da1df7418cc84a36be44ac67cffeaf80ea46665e2ddc3f71f2b5,aa27f5ff3a675322159558740d055975bcd20154ad612d3afdbbcfd5f0a7e66f
images/fire/train_001842_box0_0.jpg,fire,37b7ac36e7f7161582377d53e3f60770d0e27bd9d1cf86b5ab5d8c45f2a785e7,2f37b302a780fb8b839ed5c2d351da2a8179a4d63c810b48fec1ce91236e55fe
images/fire/train_001843_box0_0.jpg,fire,7fbd04dd8e1b8e0234b7fa048d43732a097a368a509030cfce3ba4d3e90b054d,6d5539636ea07f8358e55fe949374da2e36f4255635ed44920cea581580c8c83
images/fire/train_001844_box0_0.jpg,fire,47e526fdb6efacc522d5cd45b64c688e9a49bd8db2222dab85c9f7056557efa0,b6e517d918e109667ecf6329343f58cce1be869772a39b27a149598c58d0224c
images/fire/train_001844_box1_0.jpg,fire,eeb6d1023c42721754a745b9b6ceeea03496f5e7e682a1f7cf353cab547ccefa,48ba3594b78c82edcb14145c0a4e5395b5b85fa0a6a8526bf0bd1ca778021173
images/fire/train_001846_box0_0.jpg,fire,74f23739d3de506c7e70abccf8093a391ade83839da23b7cd37f5e66b02abb6f,e2c8e1d6a3e7f18d65097ba0228290174f72ca343eaec1d605630c5eefadb269
images/fire/train_001847_box0_0.jpg,fire,08802b0fa2cc6ad0823c73116a9334059742b4a64f22b648e907313b0d06b7f6,1a8533d00e1a0d5dc1374ed429d0199456998405768074f0e988b64a7024b35e
images/fire/train_001848_box0_0.jpg,fire,67ff21f365ee779e6aa7b6db11518683cee960a76508330d2d0089b4e5d804bd,0d34dd53018c5efb126884e3152a35688232914d474f11cc42ecd09bb2593500
images/fire/train_001849_box0_0.jpg,fire,38bbf53e574d7a858f7970af5d89e02adb54cdd6ce32bbf9e770ae32fa2f226c,6028484d833233b727ceea195e35cb16f326cbf6439be3ee60fd91c171cfde28
images/fire/train_001850_box0_0.jpg,fire,482162ab3aed17ca5454d8dfbdc981e3630451782597f227e3c59dd5c2462eb5,0e7f4bedb2dce54c4f0fb9722e13c950f29cfbbf30a8c057b8dc1ebba8abaf78
images/fire/train_001852_box0_0.jpg,fire,6495ac50533df1bdeb419705d6215ad6be60ffc4598ec96f41261a5629d429a1,393b9cc27d75f4fd0263a16c06ec6fb4a2624fd9454c50486828561564553738
images/fire/train_001853_box0_0.jpg,fire,ec8f47f0feda0c1203ab764d6233db67b4c5ac059f0ecacae6a75405d58be6c9,81fff90772719c93720407c7e006bd7fede1d109cba1064770661e881de2e054
images/fire/train_001854_box0_0.jpg,fire,5cfb761ce4df257a1539bd52a4ff6c70f7d10df35cf326898909dbf305891704,d444225cefc57f314ac7bf1e0616e7bacd1b08f490f7e55bb68eb1f1a8a7e852
images/fire/train_001855_box0_0.jpg,fire,d84bbcd84f201930970f5c473aacfa5f3e44080057720805c3c17d8db8e10997,f3ea5821d9ff5138d5dda7ad992cd2a0c1537c0474e8dad44cd68db1c06940e1
images/fire/train_001855_box1_0.jpg,fire,91f3d2d6d1e76c2cfb202fe1f3103347d63bcf388216cd693d6518a1e611382a,6e1aff694e1f9786887334b73c17787d9d4a66ad24b92dc155d06ee11097c60e
images/fire/train_001856_box0_0.jpg,fire,f549cf9fde7d8a9159099be17eda74201e14be3abefc1c7032cea8be60c3e7b4,573cd2137dea258a03e2fe4a9a188249ce9815fa4e98b93fdd8842c47af6c526
images/fire/train_001856_box4_0.jpg,fire,41549988fb8548741259df0634c86deed58e0d3aebe22f7e1b34969e9de6890c,1ab22cafdd3ecdf3fde3d56a74e735c203b7aab0e7339a08d0395209842075db
images/fire/train_001856_box7_0.jpg,fire,5c19c555479153db3c920cab2c74f92e9f5b1cf6dd70130e029708b9385e516e,611fa6e4fd8de2da0b8e39ec45ca79ac34a269a9a1460441882b0e41b49ec78f
images/fire/train_001856_box8_0.jpg,fire,b989b03882f6bee68aa5d22cd1837c27e1ca3c09882e7135f149c9855b55d747,7fb096b87d18dce3d54c76d513711acdff111cb78aeafb7d68fc6e94b15829d9
images/fire/train_001857_box0_0.jpg,fire,5131d65bb301a1992bf8326222302f4d761920dae6b7f27b8a56a809efd3ecaa,d92531a5f41327c57a81665533585ee5a86009a0cb2e7ad1bf4c68bfb7384055
images/fire/train_001857_box1_0.jpg,fire,2514c12e6d3f0de60bda083809cb2d282f89ae893fe230487be708ce3808acaf,cda31c9f250eae152dee2a7bb89c2ba37f7835877eb6f9089559b09531d4fc61
images/fire/train_001858_box0_0.jpg,fire,92ae0fed79d6cf8aa006636064c4f65ec7a723e6894d6d1ec9d4dfb81f700f7e,cbdb14b9e058b7df7f25518962c45acdb9713ba0b0eb8c200cf45a0bae8ab8b6
images/fire/train_001858_box1_0.jpg,fire,da556d7599e3877b411c1e4d900a956c992ea12deb809ca48885698426021e1a,e5761c803dce6548024f32c50fb13ad5cbd3e13c695ee9d541c5a1bc174d0707
images/fire/train_001859_box0_0.jpg,fire,10a1b2cc2f84f917c73e4a150da017da31f13b0ff4e8925223705b63e4be9555,db6040887d27952987b7a549d6c322c79a86a6af01e3b2302ac6cb70bfb5318f
images/fire/train_001860_box0_0.jpg,fire,67aed35469dad7a232baeafe10eaa392f0b2c6c179b8cfc550dd66aba6564cbd,81adb2cb7741b9f968a15217d8eb440a6b419aeac4aaeeacba83d6e4192ffaea
images/fire/train_001861_box0_0.jpg,fire,c5883adfef961b328f0f679e03a26138895628c4df54b1e386408de5cf0ee995,a2543967545afe6ee3ba4bea28fc7b946b158c7b10f862017fbbb70b28767ac2
images/fire/train_001862_box0_0.jpg,fire,c8daac10a63ced535d58cad2eabe01dccb559476190df63e5b437d61cb147bec,a7612d550fe13f5e9dc339c15b0278b0d5236b834fa52dd9039c98d45111cf5c
images/fire/train_001863_box0_0.jpg,fire,47e4a0493a48c8594821b334753ea53727ab40f145901cc4bcfa2aea595239fe,f32bbf866a248209d407c4decacaaec0cc5380fdd030df873f8025a44fefa1fb
images/fire/train_001864_box0_0.jpg,fire,700287e3b895678f45eb2aef6d0fc593495a7e6d654aeadb056df81cf6f406ca,70dbc3af2c4cb4b535ffe8a8e887a59f97d97b363ddfadae85f0201213a90553
images/fire/train_001865_box0_0.jpg,fire,adbc7d6eaadea144b09f85de8686983c822bf318bfa76d994f591447c3743917,a19060893dbc0695c99b6ede64444eb30f7d1a68b92c7ae49290cf3c22e77abd
images/fire/train_001865_box1_0.jpg,fire,2eaed29223e5d221d59c459c9fb7522538c047362d15d06dae1984922f05d976,df4898b3d2ac95bd8056fde27eeba3efc5f2d9429ada855aa5873e2510319579
images/fire/train_001866_box0_0.jpg,fire,d7d1cdf0779d7c73eb22118174292f39caede894b122ded5f0b31b09d40970ab,6ff999c89b794a771375a3e4d6cb5b68de43221c559ef1ed792e1a30033eea12
images/fire/train_001867_box0_0.jpg,fire,5bf04162f7abd3df8e9bfc106b0fbf2e451eadb5a38c3da990c119ff2f2e4395,2464cc0d7787f848e032bba0a7f04086317a0d6322b5c970e32b0c4e522c1433
images/fire/train_001867_box1_0.jpg,fire,6c4e244142cf33905e65b54fe5d0386d4678c82fc5f16c0a102f60e6e7c05cb4,a724078a0a622ed2b4290313073ab4906ac0bbcd113c53487b6dc7cafe49d819
images/fire/train_001867_box2_0.jpg,fire,87ad0ff774cf72535e35a33a021923f19f5229e712970e56a24fa7a57cd2ea94,c61c0efd563a5a2190fd3499507b783715c2e66a9ee9ffd2e0f521e6e93b01f1
images/fire/train_001867_box3_0.jpg,fire,40bb07ac9fa09d2eed4d9f17d7219000bbda98246561044c9fbb88ddeb9bcb96,365ca7452ef97cf0036b47cfcacfaa71aea3a635822ec44b3d517364761a5932
images/fire/train_001869_box0_0.jpg,fire,709841fe7858c9a5f5b312448878a4cf16ba6d7a0e992eb1579cd06b2065834a,e75c64d286843fb7c4d285fd51bc4aa05d2cc7e374a4ce1faa02adcca91a18ee
images/fire/train_001870_box0_0.jpg,fire,a701749126474af68894f1b0d2b1803ebd855441f160cd7a1b0e2c9fb68b958b,aff78ab36235845ad6bbfd3b9ce9ef8aa574d00e22fd6203a8bae0b961f347ce
images/fire/train_001873_box0_0.jpg,fire,479d68ee3135fdf6269c12050df5533116c19429be7c7c840bd59f45bc76701f,8fbde1f9e827756cd6436abfef1d81072c57b48f335d89ea813143efd34b52d1
images/fire/train_001873_box1_0.jpg,fire,09aaf1752144df08585e66da62751015e1317a774755a8c03253e78f04a30003,9dd878920e4a4e68711575f5849e667f5dd129e0bfb43e3e359efaded473946e
images/fire/train_001874_box0_0.jpg,fire,720f30fc1e26f41e975a952df686fb16af9816dbf8e95544e48ac53880ccec59,48682aed6a951d224c0acd14c9e5c5fbb88f498df3d12eed4d469a483ccd3f73
images/fire/train_001876_box0_0.jpg,fire,7f69ecabfc40eb4d8dcee4b0d1dcacffcceaacaf2efe33aa56d4cae50803f9b0,401cc02a6da2418e4dbd8b11041160ac5f6e4584125d844f74c7b020696c1ec3
images/fire/train_001877_box0_0.jpg,fire,50eaedc89b2ab283eb067893a89cb31c97562e1bc4cf2bc91ddda2cfb8770a8b,cda669be4e85195939be8ed64c3bc13d941d6a1b31c257c096d68370ef146e3b
images/fire/train_001878_box0_0.jpg,fire,cbee3be6e8a321ed3567ca4c3a7700aeeb6d80d321a2c61a219de33d66e00b87,9adb5b04913139dc76716662391dd4344931edbd9bbfa873d032214ff4ef7e0a
images/fire/train_001879_box0_0.jpg,fire,11f57525ef3b3cb457785dbfc9b2ead1159fca76d87d70ce90f3ed4e9f8faafc,cc69f93423b4ad303cab703191873a40f81ccfcd997e7dd5ef8d8fac9ddbd0ac
images/fire/train_001879_box1_0.jpg,fire,5dd7043a9415df3780622ec50597d83897d0f8d11e78928827ba83629b690160,43e2c63c5a2e19824355b5864427414173b5bc02b0371c32eb27fec0a6d42f72
images/fire/train_001880_box0_0.jpg,fire,7bd1c2f4b37d3efd1b9b445315e58131fc033a420645c9fe8228553899d9a0e0,729219f3a9b04f1cca2b4c98236837f75f3f749029a89dc86e8a1cca52a4f8b7
images/fire/train_001882_box0_0.jpg,fire,e8522caf4b03a84e9357a718755ee5e5457126906b40cf43c30223481c2b8532,b19ba483192b3d13b96d6ef8d09fe7598016aedd727d23cff29468b301d1469e
images/fire/train_001883_box0_0.jpg,fire,1fbafe4615d8df5fb801786d39be439be1837e7128ea278f6d201422e6b94418,602ae0f3f7e91d94a9441567f87f023e759e0093e380913a80161aa955a90373
images/fire/train_001884_box0_0.jpg,fire,d4bcfd219f44cc81020910e4e9212a1366d1483a054ddcd508c70d3aece4de8a,10e3ad6540c7f42b322bd24e353a4efb69b2f65155fcc409ce136ed4ae23e16f
images/fire/train_001884_box1_0.jpg,fire,f2453b4191f51af1ecab6c0388a0865b931179cdbc809d2a540f4d6c3318475e,74b1c0ff1e98f2ed7d0b8addb8f80e203a59f2264aa46a7e80368ab44dd4153c
images/fire/train_001885_box0_0.jpg,fire,d0dcdc02632439cb610a3772ee4327cb42abc256759a37110405bc60ae16c8e8,f4d9bd751ca550f82d9e8615ef046a118eb13f1acde73abd24b4f9e176a4c721
images/fire/train_001886_box0_0.jpg,fire,d3d2d9612d0f9f29217ba8edb3a0d577c5a4476e91df45cef5e402f741fcf898,3611a74f0b8840bc9c4425a58a94bd40058b07dd66f726b0189b66a6cd7accb5
images/fire/train_001886_box1_0.jpg,fire,9cf4d38f44dce88a54681f8565c02f52fa55379d389a95315239b99c5c65ec6f,cbea70c3dbb742ed2f3b501c9025c1a9b5dda9f8cc967ef1f835c972356c640a
images/fire/train_001886_box2_0.jpg,fire,4d0c1c68309fba2215d143d643e5b7c3977c2872ed7598623e41e6ebab3e172b,232b4e7de120960e5c9fe1eb7fdd9623412fa7d36f9c573fb150c8bb37585fe0
images/fire/train_001887_box0_0.jpg,fire,8c572afad5266167b246d41159cde7cd7411a8212a24f4154e0eb75e79b2a2cb,9d3b865762f5a29ba15128f5bcfd80fdbdc1e367ac8bde06a096e9d9610e36e3
images/fire/train_001889_box0_0.jpg,fire,31f1c8d87e803b2adde8fb8ca2c7f5a838dd2553858ab3ff815f3fad8dcfce29,785c3b13b27d12431c532711ae4c0d532d723d28f7f85a20298b9997ee838691
images/fire/train_001889_box1_0.jpg,fire,58a74c8b721f244c8d264bc3c9b82e1632ad6ae6165eeb56ca1e898c47848da2,7beacebbffca81f17f11ea5f9f2256b7599cb6be9d28c9e6abd74ad3f34e0f0e
images/fire/train_001889_box2_0.jpg,fire,48d8930d855de2851a3ebed681ea7c432ad3599927b321374fa4d335ab10d391,3e4299bd98cb040903a88997648b15faaee8771a90c32a354dda870b1893ba2e
images/fire/train_001890_box0_0.jpg,fire,76f386c046593c23c2ac3b7b3bb3843abd6d8ccc775c8667e629961097741f7a,e7e8b5bf04a096790f3416a44b9667309b4d8a99f850b0f4a2bdab762b77d69d
images/fire/train_001890_box1_0.jpg,fire,7ba5e5912d5be150db0d6b84e689f8b534c65b415a6aedc419767a1419b58451,3fcb68aebc3cfd082d216644563dd62fb3bab60dba86e7507a429bd86dc89e6c
images/fire/train_001892_box0_0.jpg,fire,8e10bd216abb9ef9bfd3bda07c91d57d4fc5d17de8f118abfa704eb1a7b6603d,4f97b5a433703985d13b3d4ffd25b9bb0cbaa8ad4f4308d735e10d36e4c22d27
images/fire/train_001894_box0_0.jpg,fire,d731947efe1b173d56e4d706537ff28efba1b0862326fefd77540e9c84783fda,75c8adfa3823eb650b6aa5e57dc4e38dff065a7c01229973f02f67f298f2d364
images/fire/train_001896_box0_0.jpg,fire,49126b5a1acd8e0676eb1aebbb3606bcca5456a48e7b0bc2fc2e5c1d52b02fde,abe86171c5faacada1c235d3c107427890f9e5dfd7f321512ac7f96046cc6127
images/fire/train_001897_box0_0.jpg,fire,57940576893f2ff49656725787832fd06491cab8138a81de303acfacccb56b52,45c18a881763a240f0796a7a7b0f7b792416b122e30407b2c7b24c63a3e5d082
images/fire/train_001897_box1_0.jpg,fire,4e208d9bc1de47dafd10d2bf962e7bebbf6e1b2005d185bad3bbcafa2748a8e9,9f32877cd48f759f1c6b6605d6f6bf7f9620da1a6ea9593c7cba034c63e1f6f1
images/fire/train_001899_box0_0.jpg,fire,025560ac803dcfd66b55ad382c69f234c047e3a5aab3767553aaede7ec6ebd3c,e66795d46504487423da11d71705fe0ad9b58b14fcb0e65e3949689e1fbd8ec5
images/fire/train_001899_box1_0.jpg,fire,0c94f89ca991c4ca5bf00fa83a3cae3642a7ac31fd106d31c496e5605bc7cbc2,e1935977776d7aff2636e4db7214555f7a7f0c6343212771499ff64520a6cec1
images/fire/train_001900_box0_0.jpg,fire,8fb6ffe2efd8d17436943ae323ba37f928cd71c43a1ff623affd1d9ff24b683c,d5714b18ec4be2437b8bf8828208698d88f918113678c0b7e9209664a5ac8319
images/fire/train_001901_box0_0.jpg,fire,3531b2d5985d0293859d350b26eabc62dc434dddc1361ab2f2b995008afe6609,5381a23edf7f335a766c8112e313d6d34b3decb529ea8bbffe4ea0b782f6ad8a
images/fire/train_001901_box1_0.jpg,fire,3d6ccc1c08a5aa183440bda4b76aca2e2de15962e1d133bbf59f8f40e0104660,5df7361c5a1165963174ae3dc6f8bff905a72ba77e3472011470e434f15f763c
images/fire/train_001901_box2_0.jpg,fire,efe006300d50ff79434d756622737bc944cd8abee7cc26d92425251ba20a36ae,8dfaa4c09fdcd7ac4c7d6058555f99e51def805e8091b962c986d652a8d9a66b
images/fire/train_001901_box3_0.jpg,fire,db63dcf88ef1ce6a7596b89c4a78d746bfc8e1f6488f6e5b5079498b369a2210,ad77f667e1dd924d8f06af3a9da347759461cd59d1a6de5d95e123a14c6d6ef4
images/fire/train_001901_box4_0.jpg,fire,5f2cbb1830de1ec736af2a2e8c3332a7d5c8feec4714f04c332806f6cc451e61,54b15059a8df1c001238d5ee6e8159724684b27d51c29d4e461eb4124875cb99
images/fire/train_001902_box0_0.jpg,fire,cd2e9d17f19853e008212a31dc3a3286167a448743e36abd72f906a37a741ca1,9dc5c77e94ada25146fe4c6579081cbb53fba3b3c997e730a44922354d8d2a12
images/fire/train_001902_box1_0.jpg,fire,7f65ee51223f40c91300a27456a24dfb2d3554010daed7b26f304d5d042643d2,ce68a04829c743ae130b8c6f1cb9ca240cd02124bca055525f0c8f9787bc0b4a
images/fire/train_001902_box2_0.jpg,fire,965ef37e3a857e2c1f594345d1e8cd8ad94425993fa8cc78074020eb94bf0570,b42fcee84afab3d33def8f00ad128a9d6cea9da44762e90005192a1af0249116
images/fire/train_001902_box3_0.jpg,fire,1ea49204e2b0d6e018de64958ae43c655a4eb78148bd3c9b77c0d9c9b8072dce,e1153300d9abdc4b7ecb89d1fc4eb79a8df4484c52789af01200513c892aa423
images/fire/train_001903_box0_0.jpg,fire,eb992fe881e24826a4e2017a632d589ba999f55ce3b4b809b1220ebd16e4d366,070224e7cb45324cf147f049969a0ca8b84963b899d1c56016a18d97d0229379
images/fire/train_001903_box1_0.jpg,fire,5ccc5898f3903d0cb3eb98c003184f21671372d312dd189a4361b57aaf63f3be,b0a9e4a7bd9558e27b1ac1e2ef7b82b34c74bc030e6346545183f57e5ec0ca31
images/fire/train_001904_box0_0.jpg,fire,bc8399e65f48a7485e7d498fb3a7625fb7004bf6096ae6cb67ee3164180b4020,12dd5c5d9bc10b0a39579a824eb978b61f2f2c708f060f75c8e141a54d66cdd2
images/fire/train_001905_box0_0.jpg,fire,035ed7ae717414e11326248a30d0dbc3198ed5685ddefd835f39d4e18a067036,8b47826eed0e82d03d39e43c5bc7278af1ab97b2b1c0e071fe3d6bbefedf7e90
images/fire/train_001906_box0_0.jpg,fire,aa27eb8f6a0be60092e6744fcf0466e3e9072e49439c017032fed320e7b790fb,959c9d882c0b08181173d1471713deb14950211b221969e18bb320340851b593
images/fire/train_001907_box0_0.jpg,fire,cdb5ec28e7336eaea8fcd6e9bdafc5a230adf18ec7272bf8ab147446b2fba92e,e24e6f46852efc5d061281362a1d2326bd5f690aa02f1a0cd0a57502a1a42421
images/fire/train_001908_box0_0.jpg,fire,00b6c419554bf6add30df388e294263860651936c7801db0aa73ecb79dca794a,0f7e2a929a2fa12783ffa268f87449e9f784d344057958f815efb1da36960ee2
images/fire/train_001910_box0_0.jpg,fire,0a58e63dd59f6e1ccfba0b18cea141fe74f5782de287f700c7a2c57af1c63712,10eb40289ff0bbbc6b83b8a73a9adab9a17fb3477bad181c661ae80b41c29655
images/fire/train_001911_box0_0.jpg,fire,c7825defef617e1e838c40ce8c646a09810eb6093c181612c10aa6ee1da41b7d,1ffa84790ccd53f8ba69a898adcf0274f0a933f5dfc7bb38049a055123430e8b
images/fire/train_001911_box1_0.jpg,fire,a2d615cce67a8e781b872b57ec99ff1f6fafb8ded28652b9940c00c647f8421c,aa98b4bd302e52d4b4c7992973f16a9f8bb28081364ee9cd4d131fab648a4eae
images/fire/train_001912_box0_0.jpg,fire,5767afddd1af465276a2c571f77067196fc7ee7c555670fe0620958b931ff5e0,b0968fb739fdf2f81eb7923973fbd143815830e3b0539a7510c2c5fd7abd96fd
images/fire/train_001912_box1_0.jpg,fire,b069b77399c10266d6e426eb93bb9b652dcd6a4b9eae99f4809782fc90782d1e,23df3ea021b6e1ac90c50481d1723455ee4c9bb899b6b85c9eee6d9fda95f2f0
images/fire/train_001914_box0_0.jpg,fire,7308c9c1a696671e5ee1f981261211c9121716ef4e59d8b24690ee3ebea43abf,520668817bc62b84e95e579c28b22c4082db9ba3992adaab821213103fb8bcfa
images/fire/train_001915_box0_0.jpg,fire,57bba10453eefe7439f679b90895413896c207aa659ead21d3ac58aafcb17de3,2d4b94b8023dc6349e2e255d1e0f6c90843c4838f44e2fb001ee5d93629a15d1
images/fire/train_001917_box0_0.jpg,fire,bf35767aff4108b785b5b08c776fb4a1cd77f48eea63ab91de9e4e5694e23c43,ff69f692cfc4af9102f5d3c6d01754d7272784f9d4f143db4e4093dfee508dcf
images/fire/train_001918_box0_0.jpg,fire,3c3812c3c5777e0338163de0309c1e609eb5be8a458bb760b0b9c1050edb047e,10fd2231c85efe86cf66142cd29f07cb238c6adcc17282fdeb20acb45c2feffa
images/fire/train_001918_box1_0.jpg,fire,349bfebc638048b5af76efaa9981390fc38fb55b29f8edfe043476e639907726,7d35c9772a3aa582965a24f128083e8de13f2332675aad050042d5dfde8c6751
images/fire/train_001919_box0_0.jpg,fire,71215a11c580daf19c9bb492bfec95f43875e532b42aa09c792756660fabc113,dc2060a97205082ed445d3c3366eb86b0d13927b4fc419ed2ce013e93d367e71
images/fire/train_001921_box0_0.jpg,fire,ae65fcde98dfacbeb4b62d55b3f96e2dc8dc4243c19b231b878be07b856b9c42,8dc3c144875f7da472ddcb4472bee983af0158c6c0ae8ef907c305ddcb6f79c5
images/fire/train_001922_box0_0.jpg,fire,783ea09975bca623e2a3e9ba45879b35a36d2245ebdcff8af2c99bca9f7258b3,a01fb0888278e6e0f443a9f17c93849de6e812de5e68676b2f45b27dff56433e
images/fire/train_001922_box1_0.jpg,fire,13b645efc5951225539574db21c3ef419e8895a503561c9df6818d5211fa545e,6caed6754e7907705fbe2a7e19e4e625660a33da810b0751c25d8012eecb6e2b
images/fire/train_001922_box2_0.jpg,fire,4d06c1e07b3c8f40a6126ad55a55bd850d89384ac3283b9609269caa97812a55,e697f642d3108e55500d1a1ae246d6e4ce459c5288106355e54d3d0f99c4fa6f
images/fire/train_001922_box4_0.jpg,fire,218b92ffdd947c35c6b4b018c943eb2929fb8a69596145d66a453d843112f244,72ca674bd184ebb3d3c7242c0eba6e89d29f04a4e6f8f61ce1c43bf51baf7648
images/fire/train_001923_box0_0.jpg,fire,81df049561c094144ca5b1642e5f407a5f6ca80e9e647d4b63f064985f1688d8,7c41399c154ca3ec6435e3e6c166c66cf43c18a817d7176c66bd99514a0f836b
images/fire/train_001923_box1_0.jpg,fire,cbd2586d2170486792f200b4a9e8fc1eb9c88faaafb5f5f25dac836d58b5bf0a,d18ff2d2b46cbc453dfed0b98823228c4aa3ef65dc9584554aea1da6a72af500
images/fire/train_001924_box0_0.jpg,fire,803f7ec5abafd4bac8075d6bf9b2df9b581bf08d30a342fd17a66361843554e2,1f89e0e0a0bba98e9d0d849ad6b0446ce30bfe8046cc18e479ba030becb47d46
images/fire/train_001925_box0_0.jpg,fire,ae9d8d6b60b5c99336871c00a261ed874c74f561b52e25170520d004aebe2168,e79d979b6fff2bce9cfd0edbd7d7773b10c07e48fb2b422599165969678319fc
images/fire/train_001925_box1_0.jpg,fire,bb511d84233a4ceec65d75ca11048990434688843ed2248c20a390c2ae10b1db,2c61fcdbc6d00abdfbe2d6d9c0275955bde4cff3818b297eec45706f42831298
images/fire/train_001927_box0_0.jpg,fire,bbef9e9c4ad10af6134c8d053b902b374e70851256623528cd4658182db1d21a,64950c2fea61bff9adaa7af1b4dfb7a6cec6e5d04e15a20242efcebb6c23362c
images/fire/train_001928_box0_0.jpg,fire,2d6a59cdd6e5666adc4055716f2a5bd6e497f1db9ee8ad8a04c5322c44a8ba2a,62bf04e1b79b6cfda565dabdca481b08bb92225675f5cc1345bd83cf1fd16ed5
images/fire/train_001929_box0_0.jpg,fire,21756e3785d174143cf7ed0104d79ae2a9e1ea6fd97d04ef3707cfd076caf05f,f554d2fbc183ddf4fddb04d904836dcecc8f7394fe7a510fb76bc19f1c5c2e2d
images/fire/train_001930_box0_0.jpg,fire,4b645dba9c0aca53dbf4a53d64ec846b912ee7c1a67e7d2543000bded51600c0,e18507ebcb78f8e955566b11033d3f8f7ded87d62eca55425fe06443fefdf16d
images/fire/train_001931_box0_0.jpg,fire,477beabdbb73aee772abf7a05cdc99e05a1287b4a0fe108214a1e5c633148493,8f8c4f7b046a1c8313e8c482fb3c5ace9a88d0f7d2f2154162db416593d5a4a6
images/fire/train_001932_box0_0.jpg,fire,beee8a728e149aea8a39f4a81ce4b2dee01e7caca32f158cb340397c82150784,9ad6468ae06be80f768baafe4a36f4bb84cc287d2b588a7503e006218a35fead
images/fire/train_001932_box1_0.jpg,fire,6912136af30fac4c777da3ca715d9bae6831b4ed9c5d1de1d38c5583db17dc8d,9d78e983bcc3355067bb5f24ec1d0d7321f00e0c248478a713c62e5d36a4c7d0
images/fire/train_001932_box2_0.jpg,fire,85b5b118072a0e61ee86bfce523e65f6234aaf64376c5216ea42ff456f3fc8c9,bf54c84e289d03afc53b7039684b74f28b7b657e89980b3e003dd898c889daff
images/fire/train_001934_box0_0.jpg,fire,1bc687ef95448feab060bf17c1663209e5c54b819d9583d271779e912c9c4746,ab64b138d481c19793d38259315ffb65daadf9c5ba4308552759502b8a916882
images/fire/train_001936_box0_0.jpg,fire,300456efb49c9e7442e539afd2c5554f665180bbe6ff667bf6630d0c6de32713,7a425f869e9f9801aa411d3cd9b68bbf6694325d8dbc3653ed6d4b3696e7e818
images/fire/train_001936_box1_0.jpg,fire,acf6ebb73c0fb092d8e4a06613f2253185e3f9588aca617ef341ed5e8d3f6f32,4634a6603310fad8bb923e8c687e9479726fd7f110c7771bacfd279af8185d59
images/fire/train_001937_box0_0.jpg,fire,53ac7b8a753b3c9778303cdcc308f2839a7d7f9091096f0e5f61160307fbbb71,3f74e3a169475720f1461ba0bba5d15ea1863f63b00b6f9596701042ef94b300
images/fire/train_001938_box0_0.jpg,fire,0b9c202197b362413bf427d1c73b1167c84b8335d4156ca49ea793046e11f625,7cc5835db381a8a2fed060475adb80c1153a0ff28118a2bc6fd8b43173cd2d53
images/fire/train_001939_box1_0.jpg,fire,43ebcf4f142f7bb9e86a669a20523b1186cfb545e5abc92b598e098ad6aebdc4,f51f8094b9d183705252b778ad24de55628e46eeba31ce5f5ec11346c6cc992e
images/fire/train_001939_box2_0.jpg,fire,2f0c06b89f082197163acce285885062499ab0d61b691be77e5ba2f5938c934c,109c5c36880e95550bef906a44c2a1c5906c91caca8563d29e11281827a7a210
images/fire/train_001939_box3_0.jpg,fire,8993249fb4cc4eb92eb801f326b3203077c2ddf9bce9484a422ed9d898e27aac,3386f0526fad4d4562672240dc930e51d88d4c66c8a87af33bd7b1d3fd54bb54
images/fire/train_001940_box0_0.jpg,fire,75279d7c5ac5be7edba25d6d9ef3c5f7cdd2f3d758ba45b5124af6117e16c790,64823972e4cd3475476fce9f1dd4498590a7462b0925dd12f1819dfec97691b5
images/fire/train_001941_box0_0.jpg,fire,425bee97c73d96b65a272c0b39d2e9ebb4fad92b509b0c6cf37fd9e3a4ad49d8,2221081779d8794b0df061a78985503ade577e3d3fec9a698fafffa014e6a8a6
images/fire/train_001942_box0_0.jpg,fire,447ecf4219e6bc125a40e9bce5a43df461d7ad50927057f3bb33f4552429ac21,53883f5bc73bc4f956d0f99cae967a87487c1590037cd6bbdef149d5f605f85d
images/fire/train_001945_box0_0.jpg,fire,7816fbcbcf56cdbc87ff84b11414cb4ceb4edf24f175f64efaa98f110f498991,2396a6a40927931300efeb7e903101ccc00ca2ada808b274244f75d99489433f
images/fire/train_001946_box0_0.jpg,fire,aacabdd95154a78a9a1eded972d206fea289f3c81bee62c647d1be90a013c78d,50355c3fa6f6820bb3f8b1513e1f9086b110cbb1da329aebcbc64c53cc100df9
images/fire/train_001947_box0_0.jpg,fire,fd5c1590d82eda1ae9892a862297fa3c2bd4b2334aa990bb1b21d4e74717d078,cdb5242639f2971f397b7a2c39e15899985168328ad7296f4161b2bef28cb01d
images/fire/train_001948_box0_0.jpg,fire,67047a2fbb110f60bab90300386546c1c601b99480118e147a12eeb16cb65dbc,0e79cc442d41bf5b3c65f1ff9b3821ce171f1c2f2e2b2cd84bd461bfc5e5a720
images/fire/train_001950_box0_0.jpg,fire,b17502a1e5bcb7fa14212afec53932a82811d16b7e9ab33e7994eb1288dd35a3,f27f3c6b017476ef21b8682a02567595f95bba9f900cff1323cf37c06886b39d
images/fire/train_001951_box0_0.jpg,fire,824c002bd94585a0f80111f90324bf05cce53e9bbfe6357bac543fc77f0b05b7,d92023362777796c160740ba073ebb988a2f122c696d4ff383a2b1f2d07b78bc
images/fire/train_001952_box0_0.jpg,fire,96f2e275405217a6507ef8a3b8585fedb85037e9890aa8134988a107f00f7227,2d5620a1d9e513829acc3e11941533897ac6d75105163397a4442f7a0e7f7539
images/fire/train_001952_box1_0.jpg,fire,ddcc81dd6f1bd4f65e979afff811846334125435fae76879dc114cdf4ca20657,c121573c0108cd49ece5006f46f8cf7c83182b40d514583c89f053f8e3fbd8ca
images/fire/train_001953_box0_0.jpg,fire,454b571badb2122283f81fc6bc95beffd3768c2baa7047a327be3777b781c200,4a753e2ac7bd5ea068437754bd403e24252a48c1d7b6c5dc5fc7503b2cf9db0a
images/fire/train_001955_box0_0.jpg,fire,3d5a3b6630a20139ae5839f1e8f26e0ad087729002cd5d0628181a35834e3a41,a93c2f85191855f1f293c110cd2c2d112a8c77373822abf38c8f3cb88bf07e83
images/fire/train_001956_box0_0.jpg,fire,d5139a75dc1153e3154ce71af5fec4a7baf41812aaa586190d5e10266730c439,cd5fb537e965fe8c7c9b272ec8412446a940ab57d20588fad3a1d1559e48f562
images/fire/train_001957_box0_0.jpg,fire,a9d9fa06bdfd4a5c90525a49ada3f6c1b182b34677c530e244f867a12444fd06,20d9ede316d8318b2f6193d3d34603c4de6aaaf0645d342654325dcd167c93f6
images/fire/train_001958_box0_0.jpg,fire,50b4faf323fd526ef343b4ec3ce9d586ea0677fbee7892445b18982174513b78,501b3851b0fc21572c62377d13760d54b158c928558676712aa354c697cdd4e7
images/fire/train_001958_box1_0.jpg,fire,3494acef88cac61710e477f716e6d190baac8c6185c7931c11b4626dd6a136aa,6c1f2462ad4368d25fee9ac08b02da11f19eae8f1649b9cc5e7ab7eded9d6a70
images/fire/train_001958_box2_0.jpg,fire,d3f0e066ca48226103c4d1d1bc1099bfaf4ab4923cfc43d5bf9a35804b0caf4c,6c0303281c3e943a85f26a361fb04ffd59b11299d9671b45d3a7274a0a5e8161
images/fire/train_001959_box0_0.jpg,fire,525fd62d16765aabfef25b6ce1e00fefca97e8b55735b71e837d7103ed28ccda,c86e7f0a76864184c6eb7314499b891921e78e7c14d4b15005c51b8784a6fc2e
images/fire/train_001960_box0_0.jpg,fire,4dd01399fd7ca0b223711541dbdf3361d272147d2455b7ad9eaf05da8211c961,d1068ba670c3273336f65b5927104682b1f8b3f49fce73c93c337910efdb79ac
images/fire/train_001961_box0_0.jpg,fire,3929413ee5a01bb026f4abc324822f2f4f7427598d9e3bf7bc38c6d87fab48ca,7f81700570294d83c5959ebfcb15f3de55fbb915aaabfc0c9b4b3c4b0bc8ca0a
images/fire/train_001962_box0_0.jpg,fire,2f6239addb2a7a93bb49c1dbf086228002d5154bae7dd704bb838a03eb4ed0fc,afe70c894cf9e857977db902f0d029da561ae8d2d345e0d51d5bd708d3783ff9
images/fire/train_001962_box1_0.jpg,fire,b540d528eac9b7012aa7defd0da526fac7f169f0cbaf54de4e2b438b4d9e4f4a,0fbe9393be67cc5f5f4bebd24188cbcc757739220a0f9af5a42f17f7698d431a
images/fire/train_001964_box0_0.jpg,fire,e74a467c78bd967a1e5d9b8f43b837247672baa155be9849547fb96c3c289896,5641a8884a65272186167f847d86584649bd403ef319d1a79bc5cfa55fb3e27e
images/fire/train_001966_box0_0.jpg,fire,91473f18521cc75449297c46f8023c698d40c742edfeed59de42e9dfd8318744,c29f20ce4c00dd1d10520ff9686829a6662fb20badfb40c7c409df7f4710a2ac
images/fire/train_001967_box0_0.jpg,fire,b7b37fc24eaf4e8a1a289dbf1b612dc917a01d899b512eed82cdb4820ab5e8d7,9dc6523d50b1098f97b4ec343e587320dcd4c6e873efed6e585eac78ead5c978
images/fire/train_001968_box0_0.jpg,fire,21071b7c6abf44e505f97524aa6dc60941c1c3bd34e385483d3ae020742eccfd,acb10f67abe0813c3ff402bea779ad3db4a3b886bc7eeabaae88d99c8f0d6ff5
images/fire/train_001970_box0_0.jpg,fire,fcc9b211c1dcd98937cd2cffde36c88d5924ac3d3a1dfca26c9c4fa3aafda228,b8054c6430ac88e88ec0a030d3b9ab63baaa9dfe8d2b39f73349e1a0ae35e738
images/fire/train_001971_box0_0.jpg,fire,255143a60c4423d7e1540bbecbb599de90e4128f75f416a03e4263b28cc07fce,f141ff455953c44852a2740d870987829ae4ca8ec20287d9e19be37095ba306e
images/fire/train_001972_box0_0.jpg,fire,8f698eb8e4e81a191b653f898c2f752b56b801158cb33a8b0706fad585711e6c,52885277a622f8d7c9da8339b6ea941b032f8523fbb45b875d4e2fe4652da560
images/fire/train_001973_box0_0.jpg,fire,d6854a738378182b12d0136122e186549cb2fc664e118feaa0118be8837f236e,05e540ce0f191e353d918dff2ed1307429726a4136dc5a41e88098151fdec558
images/fire/train_001974_box0_0.jpg,fire,f03ed5987613eb5d2531f61d0bf406e7ac8944956d2e813bae4a0c48af0a0b25,12b5701b85825aa790eee5ecce5047a153c85463e722caba2d37411b70ae8661
images/fire/train_001974_box1_0.jpg,fire,0e4896a5c82c0e133680ef70d5fab7924de33341e4c0fc729e31a8e8f1691743,2ac930bc4d9aea90df5da3285957739a45cf2326aef4a7f833038f377b917114
images/fire/train_001974_box3_0.jpg,fire,cfb8bb2b6689605ed380fb6d2259ba5184ad7bc5d7bb54967b8bd3e92d0c048f,8d9bf0a28c8a911d2bbe85b9358b15dfbc20a0e0943572958d0594f9119ede47
images/fire/train_001974_box4_0.jpg,fire,e20eb0fa106a8d360735ed3354dbb7c98e199e1af0bb7ed88727e1d01fa05f38,6db6aa090d5296cc8158f8f01aa7e57834e717be88c1c703bb33443f0680d954
images/fire/train_001974_box5_0.jpg,fire,03c17161810b2543ee0e2afda3915dec32eaad7c21ef50217219cc1bc038c1ed,87e374bfdb6b48a2933c77981b51206976ba53c6204a6c220026d42c1ed558cd
images/fire/train_001975_box0_0.jpg,fire,e5ba724f503d385c1a234c46e72f2950dcce5077914ef9c39ca3deb4717d37bf,f90d6ed8e14935f44a9781940dc7d875be48aad35542b1d160cfd5343ab00f78
images/fire/train_001975_box1_0.jpg,fire,e817ada94adf9660abbfe151ac380f10186dfa861a40bc8354a7bfd3ed853d72,de482dad772a4aeffecb32617dec67767b640004424826bcb4213dafe1d5c10d
images/fire/train_001976_box0_0.jpg,fire,a29da64855e97250d5a73240ec48b54a70152c763d2b69e42587192e38f134b4,0c9c4da77669aba720af7e915eb230ad28ce5429369529e8b3ca5caaf1ec5326
images/fire/train_001978_box0_0.jpg,fire,8fe074fc4460e5721d9207caaab4302159630ffe26928a9fe6da0f7ce013c2a3,0221967840c76c9df1d52dc8ec4bed720db0e9749c607e9d4e77bbf389712b92
images/fire/train_001980_box0_0.jpg,fire,080e8932d94844834db7c19aa1ce5d0ccbfbf0650b8d9b426abc097eb932fd64,3e214033b224f1ca328779a4aaec6f50f3d1d78182c65ffabbe395b45774c860
images/fire/train_001980_box1_0.jpg,fire,0b6a5e11db551f66d1e3c9471c4ebdce59ef8d21a3ab7e591808aacf056808c4,352d4ec6ff6fe4a8035c931e67ad26b4ea8ca81eb873311377635dd1b52a9ce7
images/fire/train_001980_box2_0.jpg,fire,229d264c6146d102af10c4b6009d90d2b505b311e49f8dc2cbf959008f60ec7e,ee9c43a365fad0e1be290655707430be17aa580f88099d57ef991e2e28ffbcbd
images/non-fire/train_000001_neg0.jpg,non-fire,de2f271931e73f820ca3c007813f44bf9e95bbee722de081cfc5e4017c8b6729,a6aef810ad4637f7a23ad4303110e9e24792b502183ede701b9b55a8297bcdec
images/non-fire/train_000001_neg6.jpg,non-fire,643c18e54cabcfdea0cfd6b249d7f17d5c3908be3a2b9ebcd4f69e36af894705,83b37a34ed986216f6b7b14d8dabea1c756d64a71b2fbc39d32810a701c7dd30
images/non-fire/train_000001_neg7.jpg,non-fire,adb2044810f18fd44bce9b6bc9d62d1ae74fb4df0f3d665c3bf792a315c0ff27,7aa3359ecbc2a2bd6e54b80898ab283db088e47924cd7ed1d9ba180a4e7fdbe9
images/non-fire/train_000001_neg8.jpg,non-fire,79c8f2f60b1ce62dd17f8aae47ed17e38d2b5eb1a356d14f155fe4b937e0f0be,3cd60bce47ffd176faaa66bb6e28f53e08a52b3e24168c6a08a18a1b306503a3
images/non-fire/train_000001_neg9.jpg,non-fire,51e369446dc4b3a9771a3281fc09f9930602801519de868f61b6a23c049684ad,522266a10e02f72a4f8e8dab046cce2599b550362bb5bc4b8272085f2e4b4466
images/non-fire/train_000002_neg11.jpg,non-fire,ba15a63fd0114e4af7d199ba571e439f27bb099f5f0d57b625e266dfa5cfd719,6275c45630e578d4a919cf6290a489b52e4a37b0bd607fefb2b62e25de56b5cc
images/non-fire/train_000002_neg3.jpg,non-fire,a652137a9a8faf680592d29ec200e432875f15f51d461d547d6b8bd68e77d9b0,2739e0b08a9dbd4c438c7e6d5f202492f618a974c50c11fee63995cd0db4749d
images/non-fire/train_000002_neg5.jpg,non-fire,17fb221d5c88b77bfbaec0ad5c86c7fa561ecce57f30192370c01f7f696b3a4c,a681e252828a4b2ffb1795740660137457d4449ecc3eb75604de3d2278f91c90
images/non-fire/train_000002_neg7.jpg,non-fire,e3062884c27ad72c3f2587cc66f18265c448a7f61947863ca5b9d7540dfdd63d,7bd4fc11125b54155062fd20a2d20ac681bf9bb43618c7034fdacf4334bd9757
images/non-fire/train_000002_neg8.jpg,non-fire,c39524a480bff07a2baceaf1177ad4400259c36b1d57db914e66d4b920e812e8,e8319a89b0fa0ac005c673650a9097bf3d61386b6e3d161266108be55d107e89
images/non-fire/train_000003_neg1.jpg,non-fire,24810c870218f282bbfde4b613acc350a059d0cc0224f468f81a72e38d934e98,6032892eaa183a0677c3e4d8894b85f24944706fa0d293ce3861b223ca38e85d
images/non-fire/train_000003_neg11.jpg,non-fire,6e8de6f94b833e04707474c7a271c2f4a478164cefd0fd93a911b4fb44079bed,c84af9689f75b431dc828c7e51500244138b0da869dcee6d87a59e3d2722cc72
images/non-fire/train_000003_neg2.jpg,non-fire,796670b7da96827f4c865153e68c35f9524cac97f238ba2cf6308f2dfe9c69d4,4623174aa75aad65d14c766494a8b3085d0a15d7d69b1dda1524c8765cbf3f36
images/non-fire/train_000003_neg3.jpg,non-fire,c49b6357485c5acfbff4302b588f82a779eef5d379c9b4d354f58bfbbda8bff0,b96c72996f705ccb614408fd5342191995fdcdc80b2a54c3d04e5dbacd24ea6f
images/non-fire/train_000003_neg4.jpg,non-fire,152d1abb5eaca367c5f34a9e7ce458270a368a33e219e68190302ed50287b8bf,611edbe3472cbcf207a2503267c15f3789dece7a4f17fe0d665dd4ba2a54bf83
images/non-fire/train_000003_neg5.jpg,non-fire,481490ee54e873bcf93d70f15c192e1e729475035acce0abcc0aa2bec736563f,5682496c56870eeecb94fe54b6aee9d96c0ef30bcd00c33e35ad62f678089f22
images/non-fire/train_000003_neg6.jpg,non-fire,1cebe95f3f139ba474f6e2d7eba5eac0293ac9adb9ac3175fa5c38ba1d64a23b,d62fcfddeb3dfbad5647feb5015b7ce35923fd59e2666e10555b2770b59388ea
images/non-fire/train_000003_neg9.jpg,non-fire,874183ae37e8eb40ad13e3c0a3843419a61989e8c926c3bb6c0822f9d1fadc2b,e53f9cec15585f32b4b472c8606686672ca73adb6b4f81dda1bd6b1902a8a504
images/non-fire/train_000004_neg0.jpg,non-fire,9dc564e9558e9254fd5346900d54addae5794213188545aad6b14ec1c0c3b4aa,04a81a96f170a5b8fa63e5bb9d615041a4cce42289685db0b32a4c0cfb15d56d
images/non-fire/train_000004_neg11.jpg,non-fire,eaad655042cae5c3283d25544843239afc2c609bd25a3d9b4a3f13c227f2ca9d,632f360663ceca76f211f96b2ed5cc99eb446d84b90a500c436c06942f784f11
images/non-fire/train_000004_neg2.jpg,non-fire,e29efaad15af1cc645a6e195cf6f350e4f6cd6803d8a2d04fbd2b5bd7722aa64,d7b21b0c771fab54ad13477039312e749a7c83db40564684bb8e518c07187c72
images/non-fire/train_000004_neg3.jpg,non-fire,69c764db39bc66612da4e52ce6d517d8c1aa4ecfb57666b651e81878734fd603,c884c4b63c7b898bfec4efca96d00672ab2286e047e62bf694cfa62f97f26857
images/non-fire/train_000004_neg4.jpg,non-fire,2258957ddbe8cc365544e60ff9dc5e9f95bb4661f1419260f1f4469bb489fe01,f5e02e0f54e1c1324f553cede033f92ee498db5ce086c6ee09a80895098b48a2
images/non-fire/train_000004_neg5.jpg,non-fire,4b358bfffa8413cc5405a4091b92f65a7a74d862ca30c867b7e41043f31ff4d6,29326f2f559f2828ce66d9f9e26ead005b8dfb5f17e3245ffd0102b40fb49b2a
images/non-fire/train_000004_neg6.jpg,non-fire,96cbd68571a58e32bb96a2b6a7a3f0a0505ec737338d9ccf8a0b2b2ca00470dd,31da1a6a4f5c170f8f60462205485e39a0523e265a6b0649f8cd07fb19061bc9
images/non-fire/train_000004_neg9.jpg,non-fire,7a1eb3d8fab638e576655ef7d97cb492808168b29dc88b7232ed2c9b5b86c521,ae5a8ac821cafa52e3389523674ccfd7f697e37ac07bde5947f32dc340f4696c
images/non-fire/train_000005_neg1.jpg,non-fire,d340f349dc4eab6fcbb5604774ab68b3df2e5785c305b1a3783377b1e2c96cad,709e466fee9d1d531d91a02214556845c6a2ee312057e2fe1eb77f060fc98433
images/non-fire/train_000005_neg3.jpg,non-fire,0abdf35b318ec94b7d4420740228fbc9cb3515024241668fcd45a3b9beb1305d,ab74b68132d443de97c8dcbaa986b88d6063dd6054062c8bef5d8dcdb87b091b
images/non-fire/train_000005_neg4.jpg,non-fire,193e9fece9217c96383e0d0a73c2d7fc10f73681db47647ac3af49e408c2e407,6c5303187d992daac6b86bc6288dfcd61d57831829ce89e45e784056b2b541e5
images/non-fire/train_000005_neg5.jpg,non-fire,8c94b10e467546fe7c83682a4ad5e2820184df5c09a51cf1106a2957729ace64,dc2ae72d0d39e5fc1bbb2554f898b3ae4c9cadb656e5e340e3790b3694cfe348
images/non-fire/train_000005_neg6.jpg,non-fire,88884f3018c6a22a5b088c07682a24a67e7ee963aaae5eca56618ce2f71fe4c5,934837091957bc6ade05296995a5e887e3998a405dc95ec0ee5b82a8a410ef75
images/non-fire/train_000005_neg7.jpg,non-fire,cabb9663b5f3da24080cba5fd9febe827f8ed954fe5cdcb3fc3e19c46823f185,77e138b0c3be4ca40cbe90376634ab026c123bfeaf241e930067268454c3b506
images/non-fire/train_000005_neg8.jpg,non-fire,6a8f2c6d66b98d4522960a3bd09ed1af3dcecc7d727ae10bedc05c1bada1a93d,acec6c13e850813799e69951b48b8cea47f86e3efcff697b6286ac8d5b5e4889
images/non-fire/train_000005_neg9.jpg,non-fire,fb01d4298ccb37afa41b86eea73d08fb0ba283c49b86e19590bbe0507faf829a,5c50b1844e979477a0707ed2b0ee7e20b7fa51052af626e47dfc250328025680
images/non-fire/train_000006_neg0.jpg,non-fire,50967efc57d85dbd8a7295a75df1919824d685c1e3b35b18459260e02d870ec6,5608427b57fd7932f2ed685dec107d8f4c0569af158d7e25cb8724e4882c8806
images/non-fire/train_000008_neg11.jpg,non-fire,9ddb491b00df8a9712782b5d58b47fc8b8454f1bc90eeec61cc6457cd0f27222,f1abacb364e1e68d73be3cf75a738fead9dfaedc42b8c4316f4f9ccf9dbcb900
images/non-fire/train_000013_neg0.jpg,non-fire,4c28405e258bbe0f5936c5e4f6861d41b316be6b38fd99c8664387a00f588067,8a2d5961e437e6ce4eba4a40c7f91be91d60ee5630b3551e09f673833b8bb314
images/non-fire/train_000013_neg1.jpg,non-fire,28c19d9703fd2f775641efa6a34c7ff62f2c41e7a9693cd991092e8da40a66ba,4338ba53dc988db8f1f3d6b7be75d6de873d6a3b7db80dc5091ac36f05e0004f
images/non-fire/train_000013_neg10.jpg,non-fire,5d94838bf111c8a4c333e8e663d1329e4ed46f351bbcd4dd0de22916dcdfdcb4,6db2238d73d513676d6ac4b0e09924673880a2d6b29370d943cc450884e03d0e
images/non-fire/train_000013_neg11.jpg,non-fire,7c14a32b094c526a6b0573b9df8bfd78d9b69f2a0a9efa109e3bdd24e9d0a3ae,1debecc0e4607ec1a6a9db8eb2a7cd50a4fd600dc30379bfa7cca8811c01d893
images/non-fire/train_000013_neg2.jpg,non-fire,9454c5d46070864ed8e4f7363d4218fcc18a0c8e2da41b5c5fe0f0d62bc1f6ab,f242b0f93031d2786f4ea7ea6f4c970336d1c5b83a4197159f46e7af4504dbee
images/non-fire/train_000013_neg3.jpg,non-fire,64f1571481a28f666da861888ce90b115a8170255fa7c41c2815640d2c8ec406,bad0b32dbb507a20694c15cd7107032f69f4b7c4c8c5e8dd6fea312507117ff5
images/non-fire/train_000013_neg4.jpg,non-fire,be7224d4370f8e567948b801759ed63b52fbbb4c2ad8ec717b57b346390a471b,1ce14eef9ee3714709a37c78e6adc2fc87b6ac97e1c31fac8e7586f355b47f2e
images/non-fire/train_000013_neg5.jpg,non-fire,de22d31a43225efd8545b4734dd9739d560f9227335f98077709bf0989fc85e8,05eda849c242b45db964ad3797b54dc9507c2df6b9542cbd18d802708ac7b1ad
images/non-fire/train_000013_neg6.jpg,non-fire,ce4bf9ef1a2992e1fc2296292b5d76fb7db06bc3f39f2f461abe6a867c9376c2,dec204909adb41a752633a3671a3f43b623ded7aefdebf59534d08c8e7b474cf
images/non-fire/train_000013_neg7.jpg,non-fire,01db07f47bb0c83bfa264473efba2932dca1752dedcf91b6b463b296d2eb9fcf,933f4b1b89c9816d30c0451849904b15551de0b00bb10c47798dc1be9a735123
images/non-fire/train_000013_neg8.jpg,non-fire,f413a5bdc882c2ee07a2e2c714c39847838c3a5e33ecb9ae492ec0773a0efc2b,78ac9506e3c193fd29d31cef7da583d8a0af76e4a08ac944a714950f309850d5
images/non-fire/train_000013_neg9.jpg,non-fire,6183b7447d8ae7f4e053c8bb2f0e12fc64faeda9c0320a935428088960579ef9,500bef11d34c62203fc0f5408d447f5db2058af8f85a9dbe7251ccad98f58b24
images/non-fire/train_000023_neg1.jpg,non-fire,065377526d7ae4c2f19ac78a8fc32e709a5c01b604367dc10bf94ae2e8c7025d,1b616eb7643b8cd1f6aa7cbb0d229dc705f57ae86c10753a84f00108a1e4fd2e
images/non-fire/train_000023_neg3.jpg,non-fire,02ce2d1f39c7901d473519a5992875f00463b8ef4297f96cc4a8001a5f82fe5f,102de71db9e91f7f8a23c75abe014d930f131cc0419ab67fba77a20546f40c1c
images/non-fire/train_000023_neg5.jpg,non-fire,4e73e547bda08fbc0b287d9be80f6f9470c799e9ce47330fe06b5b8bb902f4cf,f48dc6c393c4e849d73449708bbac7891c297273b41766744575e8526fabb34b
images/non-fire/train_000023_neg6.jpg,non-fire,769fd2edd32277b242b944e02928720ecc0d09131b22d4e876fc92195686b83c,cf55ed9a5acf0c793c1e1865afecf7626a0367f44bb1cda4ad8a34f7df734927
images/non-fire/train_000023_neg9.jpg,non-fire,f0e42e13498492815c913da396758b945d53b2b2db67991869ccdd0dc730a9d3,e126cd274b72fcd9b51e6b8672fdc4077bbeae68369acbfaa8c4266e537885cd
images/non-fire/train_000028_neg0.jpg,non-fire,babb172c844719d7dfa97be7ead439ef585e5acb09322cdff73d1ca17399d09b,b643fb34a3265780a931c12a85a39d261b21fe2f2abcb445d3300e05c579419a
images/non-fire/train_000028_neg10.jpg,non-fire,0dac30677f2450c9ad102398971d3564e20c1abf7360c3917c87966c4b94d768,95e5b9be2ce353e7ec83bd103cc8a3cf162d69740c350c3f93fde6594a7b51a4
images/non-fire/train_000028_neg3.jpg,non-fire,1740fedbc1e36fb9b1b2f061cd172139be479b596554ffb580511258f8905f97,90c5f5c8f4e82b9d191b3d74c4c9b2441c74cbd0d1227e35067f537450e987f1
images/non-fire/train_000028_neg5.jpg,non-fire,f9f4e99d71e945cdb5dc86ec53428214d729ed0d6346b083daf459a509968c6b,9db9bca783a5c70e196679e49388b94578422400c468068b817950191c4d89fe
images/non-fire/train_000028_neg6.jpg,non-fire,70978b0830307145fd4294214b0e3bb61f29c3049c510dd7d6781bc373792d3f,ab53a8bfedb0176add19fcc1fd32d1e558d520e5b26647e66272558da7b73320
images/non-fire/train_000028_neg8.jpg,non-fire,ff3b049bb725fbd55716ec7062c3ee2d3a60ddfc9cb79a22154402aca5d18ccb,45638444bae298cb79004eb04e79fa52dadd9db3f8fbe9642dca6e57bd215fd7
images/non-fire/train_000028_neg9.jpg,non-fire,de6871810061dd23ea497dafc306ccdb527002cb8581bf01ad3621adf20fde3e,a26e6a8ec93ebbd302babe0acc99b4d220b872d4110856760c513a5e6a1b01d4
images/non-fire/train_000030_neg0.jpg,non-fire,74576e7523625dc59d07c79b6a1a36255291cd06ac6de3eab8e4e60f9061a88c,0521f67f91b874b15a71bd71ffcc1b1071715e2831eea5e36b7eef741b50ca8e
images/non-fire/train_000030_neg1.jpg,non-fire,0c5d48705a7897995d6321d7840a2817efbc24831675519db7616cc0a7fff06c,3fe33f243cccfa42f53872fae76997886a2b7038884b65936997bf4be10d4586
images/non-fire/train_000030_neg10.jpg,non-fire,55d0b365c336b6739cb7f0a34959f99c6650f405ade9b53ca8467a7ab4c42a24,13b7d77664e0b9449ff8ae0148955c078f14e82e04a9e568a56bd7b81c35964b
images/non-fire/train_000030_neg11.jpg,non-fire,a02e45dcae306f49426697bb7a3343147db372d54b8c2e522d3cedf16f060609,013d6a4ec5a3dbf338c2686f5980f8514b81901cc2f0dc1bf5658fc91e216d2b
images/non-fire/train_000030_neg2.jpg,non-fire,f8ead32a643a394a706a93962447ccbbc9d1c7859390d46331bc669f6fbf6688,18051c7259b74b52f5acfca6ec636a6ce9fc7d96a065772b2d5b489719fe451a
images/non-fire/train_000030_neg3.jpg,non-fire,1670d31d08a361205867419b0a9dd694b5c767f3740c53bc603a8570415bce42,50ec951f46b6b4d4f9258519244de101bf998598f98731e41ad4385ace8cb5a5
images/non-fire/train_000030_neg4.jpg,non-fire,63a9deebcdf8407fce780b9dcdcdc312a5db632a7becb5e3d85fbb9098f43818,37d48817b1180076cc78407941787d084bfd9446b0d5a2e7c6ec0bda77962ee0
images/non-fire/train_000030_neg5.jpg,non-fire,f0fc37ee72aca494931e8932ba4c3ec35170e5d128dbe6e58d940ff1f9e9a920,6e03d38bea24eb2a825ea88b690962398be99ead832ec259bebf12b7fb828ea1
images/non-fire/train_000030_neg6.jpg,non-fire,51168f8b42c9696dcae8073540ccf01866f226900769514075d7d301a48ca8b3,3c72234f532588da3d1ed3ccb898db5663b9f7db46a319d6f80de3cd4d6ad8b6
images/non-fire/train_000030_neg9.jpg,non-fire,fc23d7b3e05001331947d53a9237b220ee21522b9fb1c0c56773ec8db578c2e2,f11e65099100f1116dba9e5a7b166644c2b1d859734cda4605ff29dba60171f7
images/non-fire/train_000036_neg1.jpg,non-fire,eeffffee0192e2b7de34e54f18a303aa58fdd7103d84c332c39db42806fd201a,50eddd715743f11c0aa5054d4c3545171025faaed7b6c724d5e6b64238735d53
images/non-fire/train_000036_neg10.jpg,non-fire,4508ff3008f98f6fadaa5cf1c1da59da799b6c7b8b1ac122983b673b03e6b397,3a7ed93a006880cade635cbeda7b347bbe220355f43d8b4e642a854987c064b7
images/non-fire/train_000036_neg11.jpg,non-fire,fa724820e08f615e2bae671710b0d1c622503b87e32ce8358c54a02722e7c3a7,20c473c839222d7e05203a841a00f905d7c234bc6d646ab0e622a2710957e132
images/non-fire/train_000036_neg2.jpg,non-fire,b2562953ebf64adb600ea2d5d024e819be11b51a0c77fbcbac86ae19dbd9fd68,1596c27a29e4de38ecc5b150631e940c7de8d44802386e264218c46713041844
images/non-fire/train_000036_neg3.jpg,non-fire,052fcaec0757a3ccf63427cb603c66a49afb571c1fc69c2917d87ae78c93eb77,005d800a9f3d31d30bdc6c9db82108216e01601736a7be806eea44aeed2b39c6
images/non-fire/train_000036_neg8.jpg,non-fire,0313651f07767771c7e234f136025404b6eb32af9ead1f538b4e0e6f38ee4fd0,b8fb67b5ab324c1100c730c790ba4b96640d37e42b8950f99ab27afd4db77654
images/non-fire/train_000036_neg9.jpg,non-fire,6aab0e1f93fed4e15ff32f2fe9f72f00ac700eaa9cb60358a526ccf2a068083d,fb402763c843189b5566b75539d2e838cc0bfbbd370d886436cdc00e2fcf362b
images/non-fire/train_000038_neg0.jpg,non-fire,0d47f86bc1deccf973df124a7f2c83b489e026a0fb1b5bf67fe684e2984c1ae4,e62835af63a89576166cbecec2ae0d671bcec28cb385828c5554738eba2f8105
images/non-fire/train_000040_neg0.jpg,non-fire,a1957ba279a7742fc1f835977f36683f80c4087cb87e897a5ce079537d3be477,ed789015c157f3761e98ba5cad42592d71a27c709d9319cac91aa0c4ad3738ce
images/non-fire/train_000040_neg1.jpg,non-fire,e985adab4af12c5fc32f5c1c4d70e58c86d3c367224951525777714d1e292257,4152b70358add17f2af08df5e53e3c13441c1da49a45379e565b568e43be5a39
images/non-fire/train_000061_neg11.jpg,non-fire,eab0ac46154ceca81b6e112a85e4b0adab58a7b4a6e85bd06da566233da02958,61288a8d30db26f12ae37bd4096dea2c14d589962630ffd3b509affac4b8fa4f
images/non-fire/train_000063_neg11.jpg,non-fire,dab4a1bb0854f340e2e252b57c0a7c31da663d26d07b6b640b6b19c2f6da46c0,68f6c1bd4275cfe741b4d6ef3dfdcaa04665b2c1c258d3c90043919e57b3b261
images/non-fire/train_000064_neg0.jpg,non-fire,467e12ea84bfe31800549c057d52df7182be3fa8d103215c20d8ca5aad0403be,4b692b4b78736fe3120b96e50b4f747e8fe0e921bc0bb6bda1ecaddcc4e1a260
images/non-fire/train_000064_neg1.jpg,non-fire,37415617844773ec54c4e9aeaef80c245e437c99c30afc806bd35c732ac848e6,2999b496c4a71fddcc2b15a36030bb0ba674d07f45f6f956c7e4868c3196a182
images/non-fire/train_000064_neg10.jpg,non-fire,cff4cd474c029bc8708a55b26b4ebf00ec2e25d020b3e783691454747f66f1d0,4ef3afb78de43bbcf2e017db21d982ddf8fc235565d06a8cf013978dfda03a83
images/non-fire/train_000064_neg2.jpg,non-fire,caf1f9309673053569f6ba6c75b4f44a86120ec2d961edab41b65d176f1d866f,618699dfd0c60865c53d970b9aad3fedbec6d381b7d9b06e02cee7dccc579cc7
images/non-fire/train_000064_neg3.jpg,non-fire,e7cacef7888b2095a2c83136a42f5f0e6a33cb26f674ecc2133f9eda2c403fba,6988400a7de94615e6b75e0c15acfc19dc81ad84b0a8546c3648956606ea78a2
images/non-fire/train_000064_neg6.jpg,non-fire,cc3cec118e6fcdfc7647c4139ac1582e028df3de53bd37e026d47ba23d76573b,35fcf7d963ca278c8e8802901ee528262aca43c0d6ef21d1e2a172d8cc6bf8ab
images/non-fire/train_000064_neg7.jpg,non-fire,da6320c6031ba76a283aa1fec39d8e227c7b8d8982c416189a8a2f383f30bd3c,413b8bb468ab90062810aebe66c94d85b331feb01ddf9c6b0e1f88a38e5aa7bf
images/non-fire/train_000064_neg8.jpg,non-fire,0d06860fcf276563c4c29eedf05d22f5e79bea9c821340769e58c14a2bfdc688,db227b0f6709a5d775c26d2c032767a011654c3f5142f0b3b74335f4b4118b0b
images/non-fire/train_000064_neg9.jpg,non-fire,ffe33967cb419504380da124ec14eeaac9790429153d1080e97130dca6f3828d,e6aedd508aa795e0e3b851a81b07e8222696b6ffff0c8c41c23f21ed272838f7
images/non-fire/train_000066_neg0.jpg,non-fire,d3b6a88a343674b9c43cd4d368a9a5d5c3f7a102bd103f4d7510f9afd6afe9f8,3d9be98ca25bd9d1a9e1091b3df1e255dd8d5289cc7f18fa930da19bfe7c73cd
images/non-fire/train_000066_neg1.jpg,non-fire,f35c63b8bf117699e6f7232ef505edfcdbe4b0c436e4eccc96ae8c84fb146a2c,163fb29cc4e960d5aee5b3384a0337a6a5b447e8d82456c1ab2a396527980e10
images/non-fire/train_000066_neg10.jpg,non-fire,d0b51c67b7c370c99e61d8081877f8aff40d98ed3f018a7502cdf2df464fe687,421fc2b0ceaf4415e3818e851135192d0256158d7d2d601ab6e6d1748b8aa30f
images/non-fire/train_000066_neg11.jpg,non-fire,2a7705e2697fba359f6f230c1d3b52def543187fd2585e03589c37fea98e835a,c71ba884a7b525ed6b147c4f8f272933e703d1f031fbb38971352d15eaefd742
images/non-fire/train_000066_neg2.jpg,non-fire,3ce9e9695a563407eec681363de8546bc6ddfe04761e302754579ffd6116e6a4,748d69ac0850482d2436116a979f36c08b804c55ee8c51240a4708230fe94210
images/non-fire/train_000066_neg3.jpg,non-fire,028b0b657dd05e43abf8bbb1e0708dcf51c0d83931845f2b175a2fe1d2fb3367,4b6babbb77978701925bdf9d67188b8abe3adfca5993761d3c01f11ceeb81c4b
images/non-fire/train_000066_neg4.jpg,non-fire,4622d502b8bef1f48074471b28980c03a0cc8dee4bc4568c7d921086d8c54d7c,6ce4dd1306d991476ab635c2cedb3858082fa5a192328fbca8ff128e0a6292f7
images/non-fire/train_000066_neg5.jpg,non-fire,0b207f908dff989b6ecb3cab96788b3fcd63dd33055bd50ecbe7cc61dcc2c54b,ea90c6b92bdbe8c42b88a551009b4aa21a0a12dff4ae33bd87807d191e758dd3
images/non-fire/train_000066_neg6.jpg,non-fire,896d91e7c321ec79cec6d42c6a55660f4397bc315c894c725a18e0041db482ad,c63eb5df5e3613b0044fe5ca2a53e66b2bfa8d279da5c75168c34987ad572848
images/non-fire/train_000066_neg7.jpg,non-fire,845f679c0b01b61aaf85e3276bb752186218ddbe6353e80326113354635743b1,54dbabc59196fe9f0f2c2d177c64256cdd1effe9d9028f311d008f6c68b1339f
images/non-fire/train_000066_neg8.jpg,non-fire,6637f80ed7e543153abb71b5a9ce0954968362809fd71b7131ebae4f179ac884,9fddbc937748643aa4adc585cc51148fe155c3e5865c55b61c820a249d24bde4
images/non-fire/train_000066_neg9.jpg,non-fire,8c7a5fc067b588790caa3540ab8fa2babf1e24a83c6a32b8b917ffb5c9dc880c,2dbd1829c18e03b7576edd33a8e58a2982191958034a235390d035631673864c
images/non-fire/train_000067_neg0.jpg,non-fire,e1b019dd7aaad94f0a43fa695250611dd72c4526facd8ea6cf2a203e48fd7f81,a7d045a0335b104ffa91763703b85c6f59000814248ca76698f821a278e59f35
images/non-fire/train_000067_neg1.jpg,non-fire,68a386d48a58af78a2a89f0bef4af09d2c6a9a6f05832b6fd5ba0588109afcf4,a47a14476cca4e00d332e39f9cbb6e5e0f2722020662edd42bc7ba15e46dd22e
images/non-fire/train_000067_neg10.jpg,non-fire,c1ffdc78cc1bf912fd417af7131772fbe3da8b85096d88424870ee9538ca5942,5664efe68314fff33b38b9f7ed5986ebe1b2627cd11ae812d73042bb26feba50
images/non-fire/train_000067_neg11.jpg,non-fire,3d6b3bbc4d5f594abf5f455527a2349dcaa5ee8f597d1161ffacf1c687de2418,f289dc2bccde96f5483384b4b298ddb26912bebbf67164a0ea0865651716c84d
images/non-fire/train_000067_neg2.jpg,non-fire,5ee5865ca15a10670da1e3136fa5b8e92be60a5e8446cc31874487f280f1a96a,c5c7616c03a2e0ee4d09aa7701940c42634871a9da073fbfe5e3535334a003f3
images/non-fire/train_000067_neg3.jpg,non-fire,b122d5459d505be88fb182ab2256710c5b66dcb2f24b279d25fd7a1641cc1066,1b0004ae07a5e308d1f96fb5b8ff8ec579ab49af69f3027a707dfe7eb5b29292
images/non-fire/train_000067_neg4.jpg,non-fire,073965cc90563fee4cb1ce6314a2a182672dbe2a7c77e45315e57c5b8585cfcf,9e210d6f4894a86d3abad8caec68022e93253372e6d30acc26ff69f586087b8f
images/non-fire/train_000067_neg5.jpg,non-fire,bb760ec71f444f191c358f1d601af39f05adee71788dab0725e42936d8711d3a,af5d0535df99f11dd04d770709db2bb9ee35827a1337f3ca5e7beac2166e269b
images/non-fire/train_000067_neg6.jpg,non-fire,57f1e31ecec997869cde08796e6ebdd09884a9f52b52c4fda29ba52f296478d2,8e2720b7d05678bfaae2f452cecf2bdc2922c8810c43dbd7535b99ebb0afbbf1
images/non-fire/train_000067_neg7.jpg,non-fire,2f8ee8181f9b5f8d657fd32bf04e9e6458ba742eb4e2b719b68b457121ad4d06,874818f3e06bcc3898bdde04aa2934b3254f8f5c8f8cc41be1a17e80911dc0b1
images/non-fire/train_000067_neg8.jpg,non-fire,e8bb898a644547eac3b8a2dd19f72c8585bf70c06c5aa1026039bb199ab8419a,a4b1e503c43590bcd1893b6a375f4ed5d5935d66efeeec68f3f94e2019a4c640
images/non-fire/train_000067_neg9.jpg,non-fire,fe16af552350f355a42d5e869cf36a4421013295a21812e58d7d16be18761314,573d0881946263ab500f2c1a0c3b0a2d7b6e4563981d9089cb337939325c41cb
images/non-fire/train_000069_neg11.jpg,non-fire,5d3a99ddc644ca9e288c376021934380d2d439f1c2c36dbb028fcf6e9f53caa8,37108ad5683d1bf881e65586e29d81a090a58487e6cf76dacb4cd855cfd0b859
images/non-fire/train_000070_neg0.jpg,non-fire,19ac436eebe1ceb54894ba6257ca5cc10a0e1f09cac0d1ac6b2d461a8ee7f86d,bd31013f0f1d91adabff92615b13ecd29df6139f4b832e296600bc2303b88c9a
images/non-fire/train_000070_neg1.jpg,non-fire,5c2d4a33747ee6aaa2b87a3c1a2c4a720331cc4ec9de3b4f7947baf8a29e4beb,e196b1301a0c789ec394d35af15e8758b69bb1a5c7c9038dfef2818fc32c533b
images/non-fire/train_000070_neg10.jpg,non-fire,a4387a14cfe9b6436168de951f720afb63711980ae9b58f4dd9350898f243cf1,0d6a5904463618765013e7cd4802945a3fae8f16993c705f23ebde80f1b4d8e2
images/non-fire/train_000070_neg11.jpg,non-fire,faa0e6d6d94cc7c2842600692ad62aa9197ebfcb8874323644d68df3d92a52f9,accae81083aa9a06e8566578b90b123731cdef7aed8db03c1f46cdecf4087c5b
images/non-fire/train_000070_neg2.jpg,non-fire,c2303c68090ed34ff1240e3f2b89ed73b281d2c09e1213c59f12f58d8f2282d4,f216c40df56d5f1ae73819df0112263d0db00575398e50ada1c8e783690af4c2
images/non-fire/train_000070_neg3.jpg,non-fire,1af07b32e019481b2fd559a5ed035518afa29f6f770c6f1e2ec8e06072f05228,a3f07137c5d73226a698ec3240b4bfe20e78000e0b868146e8eea24b5883a844
images/non-fire/train_000070_neg4.jpg,non-fire,9aa4144aee3fe8413953402187569320e1bb7f0483b1f9e3c1563584befaf2a0,6efa48ecf2ab99dd7380d418a461bd8cd603095718be3c50fd2c655674f67541
images/non-fire/train_000070_neg5.jpg,non-fire,c649b05adaadf2b3ef32b31ba506235f913a9275a3b4907c72558254aaab66b9,e6a8b01270b688e1eb63b34be009460d5ef0258971c2f7417d8e3fee753418be
images/non-fire/train_000070_neg6.jpg,non-fire,a22124a1c468ba1ebede4b3d585ee0450fbf82c443fcadc7ad2566b215d5c027,ee26c088b7cfbe8a442d358d3e4ec7ebf5ef5dccdded292fd25c8ba237fd4daa
images/non-fire/train_000070_neg7.jpg,non-fire,a9b6c99e2d09226af881ff5a9b440bd03e5b63ebfa9b8354aa95c40546f74bbc,7160b2bd292f05039c7b6c5ead92fbf6ae6789b297fba4fa1f673a05c408708f
images/non-fire/train_000070_neg8.jpg,non-fire,43918a7617136f70a5c70e8eda11ec4055617add8ae276944ac25b0f6f9ffeba,6b95f8ab872890e556d5769906c2e2d35ee2b6634e6d52577c42871d600ee09c
images/non-fire/train_000070_neg9.jpg,non-fire,300ddd1367dfe5617d248965a1647ffee6d47b895d7aee1e35efc5b6ffc0f262,0313bcd9e2d10d5c9f852c7e097511bcf22b3c012d145bdf93fdafc6d63f036b
images/non-fire/train_000071_neg0.jpg,non-fire,526bee268b006f5d59865a3a2ce0171a9d4c05fa0b6e2a24d98c3f692fe7a618,71ab2a4731d114c8dd233da1ceb362c75fa4522d7de9949f24e70cec8e178934
images/non-fire/train_000071_neg5.jpg,non-fire,196951d4aa9b2f23730a1adf799a75d3c1d3b6294f887a0146d08b2af351b0ca,f979873c59393dbd6e9a4db6bda923f593a9f76a910015ce224c09e84a7e999f
images/non-fire/train_000071_neg8.jpg,non-fire,dc086bfc5d2631e32b68df5e8b1a2afa49dc0e1609fc5b7feab6094939bb32b5,6c95d34b5f94b59f31695ce75713ba114c4ca6d5874f28d12cc704cf207540a2
images/non-fire/train_000071_neg9.jpg,non-fire,89f1a8aa8f095b755b331b7148f13db3849493fd5c0104f6a3ae7bfa815a8966,940b04f02fb1f54a8bfa92c42bcbd8f6b8b1bb8e541e9c469642d7bed3609821
images/non-fire/train_000072_neg0.jpg,non-fire,28fb9c8d35b638aea370b7f0ed7ba6156173ea39655557837aef7430452380f4,7279ba46b4f18b9112a0d2f4cd6e48c26bf37913a6201eed855e1e9e5f461889
images/non-fire/train_000072_neg9.jpg,non-fire,66f9e5c85a8dc1b47617bd1ce155a1d64ce819d4f93d0d8f26388875cd742c43,fe662a214fe62b87c486bd8a1b21543420ed36e75f7e4c3a454d9dfdf2ef70fa
images/non-fire/train_000073_neg0.jpg,non-fire,3f0b5c146f4917a5ea01664d5df615272d6a44e622b1eb10303ed016850d02e6,30ec03fd1f298fd1ee93a3e0bb2703e970be969bf3ebcc936789e2119add2303
images/non-fire/train_000073_neg1.jpg,non-fire,f692706a03fda59bb9887611b12ac22e55c097861ece7b9f5aee7767932249d2,2838b73df75c34684b4df2177311b06c53820a90a619a17fa815284a6e5b12a4
images/non-fire/train_000073_neg10.jpg,non-fire,f5395830bedaf41751acf4bb0e0718b2aafba44ba763f3c583f7b429fcd7a3e5,f66dd895b45d89fb2f5af48a0ed2115e451ab059989aa7a27ba65e62428a7097
images/non-fire/train_000073_neg11.jpg,non-fire,9f7e2ae16288fc07710349c0f82c72b45cb2b92a6b5e9d2c9e304b47350db7b1,19f5823446b7847a19e68c0952e55a5ab74fc22c80da9661c06405c92d9314df
images/non-fire/train_000073_neg2.jpg,non-fire,2e5b17d63b4033229d354d6aaf8526dc208dff7df33dbb1f630de71a8f8358d2,6b0b6e18dba58b7d62170276e57564fd454d0306b76f19b02d161d76adc8b80d
images/non-fire/train_000073_neg3.jpg,non-fire,4e48ed6a212df12af77cd89500889d72efeebb2cdc2d08f496866d78aba18a9a,fce77a305846b94c693c2a36e2742907807761aba19941974932d32ac8e7e0f5
images/non-fire/train_000073_neg4.jpg,non-fire,d02287b5b137b465f7e9165dc2068c9425a34891e75167f405a99799c65a7f58,0c384b3e308f08aa34e0e56607453cafd0f9494adfb76f5b83c50498d213cd20
images/non-fire/train_000073_neg5.jpg,non-fire,c94ba1cd7296093bc02ad5f67255bcd2399fc5a46e13a05fd6eb867a7a73e23f,c2ebe5742690d27ada269be85fc95a5fbc2f6e7b5258c64b170eb5883c1d4ac8
images/non-fire/train_000073_neg6.jpg,non-fire,1c4443a26fb342723875eea3047c03524e68d3e632cc44cebe30124152c66d03,126e7946c4bab4812dbe33cf2c18ab386536d826476f4634a2397dedb3e96b54
images/non-fire/train_000073_neg7.jpg,non-fire,68218ae14e25fb089f50be40d9ec53fc36a685cebadd04ba38059c42bed1b79d,c97cd0e238a7102f9b801b6abb44d614fd289981540fe5d66f0d7ee69dcbb1eb
images/non-fire/train_000073_neg8.jpg,non-fire,c53b1d8255bb534675ad375945e6859360ce9a88046455514bb04affaf77866f,ffa6bd57311060f1746dd978214b359207875e4845500d317dd841cf08b04eb4
images/non-fire/train_000073_neg9.jpg,non-fire,06b68669331e0bbb2564a663b75a2e5db09f7c0f7e2ea59d97a8dac719280681,cda1450f290d71d509ea827f29a5003054a2d3920c2ba12738694575247cce17
images/non-fire/train_000079_neg0.jpg,non-fire,2a3b1dccb053ec925405826d6c2b3f1e45a61d5f5dbfde2fe33921ad14307644,77c027f91e75fd57acb275aac425e5558441f430e6e5dec47a0366c4acdd5091
images/non-fire/train_000079_neg1.jpg,non-fire,80a8845ad56c979c0072d43435533d6e8c055cd84342f1ebcd15ba4b2a45926d,adcf8a46f8da8b588fe45bfd1d85fe812d9df2d5d3aa3068285f31253c4fc943
images/non-fire/train_000079_neg10.jpg,non-fire,9dae77553e70dca2c564fa80c59c75b40271ba38d9c83e7955e244675ae7ef95,86c33311157961f2c158852cc31c316feaef970b9b8d3a791eac3e9753300c17
images/non-fire/train_000079_neg11.jpg,non-fire,571a0d2cb902a155b63e2dad91fd5951310e7e03b78b9160874c43de4dfed585,432e593668ccc56f45ea20647bb0ac8464e2805767ee54c5259dc4cfe7160077
images/non-fire/train_000079_neg2.jpg,non-fire,cd46ea8355831e9eb47077d02b6cbbe5309ae019d20c187cae7e43162b9dac00,a413c09054768fc65341f00d95641381d0b978376cb4a9b67d36b039e3a59164
images/non-fire/train_000079_neg3.jpg,non-fire,3f15a581b5fd7b2ebc8e9eb586bbf40efd3be3a0e90155423a512929456f276a,831e40c5b40f5ebf82e9171793cef86db45e8061ec6cd09d9d04eaf03b6fcc5a
images/non-fire/train_000079_neg4.jpg,non-fire,61082e1bb2c12cdf2d76088d4b87f5eb14e933c7bfa956d0ff5dbd8eee3b8ec6,9e8ca013a693186240693e807566827fd1d24278de602c3422ad1bd57723aa78
images/non-fire/train_000079_neg5.jpg,non-fire,23eecd53d5bf3cfe74defba1c68d070fb3887d6300efc4cdcf2918015b1234ce,5a957abf2770383e25898c0baba0c5fefbfab587044064d470348a1d2ec3c7d5
images/non-fire/train_000079_neg6.jpg,non-fire,8f5dfa94773351dd410ba6c9c0d30b3c601d1d69be73a25940f0e9c612e7e322,8be8bc260ce18b5c8809fd519a244e23e602c2fc932ed0d10b4e1cc763460138
images/non-fire/train_000079_neg7.jpg,non-fire,e93acd26767baac17eaa2fee0277112e8e7a22ae8ba462c5191940e4e6c02542,88ce0bbd61f6288cf44ce62b8363adc881c5ea57bb23c6d9e5e0a2cc47e1090c
images/non-fire/train_000079_neg8.jpg,non-fire,db7ca587de0d6abf05963c40795db8b21dd7b4a9ce85efef24b0209b84ad4ee9,49b24c84fbf95c2fb76f08e1fb191533e45a693deebd5eb71a493db0b869bba4
images/non-fire/train_000079_neg9.jpg,non-fire,7e2f79153327ef5ba970dd7b4fec4ff1d7859b5a6ce04b9d6036bd27d1a2a6f9,951c99072897bfbd95304f7f73ff5f04c0c8626e416d87b0e7204d0cff5618e6
images/non-fire/train_000084_neg0.jpg,non-fire,70d4bb863a51db0c34590afb2407174a521d33eafe3449575159edffcc97d388,155747a9d54c17cd7cec6a8a57554e5b43bc1d16afbc8a9fcbb4f9181340888d
images/non-fire/train_000084_neg1.jpg,non-fire,feda4b2409a6cc92a4f8b06401fc4f695752b3d2ea1e673b8f0f2e9ae4aeb116,4c1b8d9cb3dd6e5ce73c104bdbbc3bd191f356ab0736fbf4e389b9839f0f2767
images/non-fire/train_000084_neg10.jpg,non-fire,024abed7120f0dfcb52d13d563fe207204ad20bb7b8e79f2bcfc68e53906d04e,e850525a91b5a52b58588294e875843eef5466f922d797de58aecb06947bf990
images/non-fire/train_000084_neg11.jpg,non-fire,ef89db3c53c89e521f633cb10de4dc568ddc7f064b3f1adbfcaa8da86a805989,c03afb3a6140f172f35bc5543de1754c6df8884508e4fa12a294a1de9c75b3c5
images/non-fire/train_000084_neg2.jpg,non-fire,ac0cc70f4600a71c487776e24244b66d06c9e93d0b2760325c730243c29b4a34,435ea7d8f19a9b1308ece4673f2509a953b76a2bbc6d10e89c73886606d1bb8a
images/non-fire/train_000084_neg3.jpg,non-fire,562f8e5e2b39a62de7f7640b85344865762c8dc0af02a34c218425f676890a15,96ccec693a66f085a29d2177afe5dd1f9e39252cf03d6a378154e4453964fd80
images/non-fire/train_000084_neg4.jpg,non-fire,ce29c053f545febeb372d837960d2379cbb41f0c5878fb4466c48a6e06fed4a0,37221b7d0e2e7b7e94f4572587bdd49919c53f69cd4466ac452e1e4abb8a73f2
images/non-fire/train_000084_neg5.jpg,non-fire,117d949c32882e7be9965ef6797ca17e8eff0e7cf6e9b7ca43bce100cd5517c9,d6c2170e3e6f3a45f386cc8df58a776200d1df31cdb508ca7c0eaec2cb1203da
images/non-fire/train_000084_neg6.jpg,non-fire,c98853d729ad3900b155c136793489e90bf3246410901b677026a2419b2d1493,3763f5127b8c63e35474114481ca9da0ce3d0eb1221b02994864fb0ec473def9
images/non-fire/train_000084_neg7.jpg,non-fire,e012bfbada28ba0e6b78c1a1bd9ac9c0d503943129412e4eb0f19f925f1c1f4c,898271c4b4e3f79d0cf23fecfca6fcf0785a2f47453d2a34b8677c8d07372fec
images/non-fire/train_000084_neg8.jpg,non-fire,2777bb4d62e511328e3a43267b99f680238d7df924ea3d90c67c6d7a0bfabd6d,bd4c7aa7482d96d034fc98a96bde2d59df6475b6beb7cdb8936dfedb3d1fc272
images/non-fire/train_000084_neg9.jpg,non-fire,bb52abff45a18ee38c0dcea3591d89750caf5261d5b39ccd4358f09797323ebc,7f110b08f70886c4f541d8bda2359f4027e8c57f92438128226c775af85bf406
images/non-fire/train_000087_neg10.jpg,non-fire,ce2f0cd5106fcd5c45b6504bcb08f526d476af8f79c0efe67a2ff4c582273cc8,5364132b5deb4c257790fb748082eba73de5ba4323ed5b0b1714d1e3632e026e
images/non-fire/train_000087_neg11.jpg,non-fire,820964fbe75b12d7002a3cee6eabbba4734913e1ca0b9d890e1fdbfba051d3eb,981c2c2c11beb2473d199e924b7cdad260a7b6a28d76056767e4abd6c8321ce1
images/non-fire/train_000087_neg7.jpg,non-fire,5b029d70059ff1737bd69183368ee956a990693fca001f527d93e258a9536989,f8914306c1398a402848ce96066ce69b609cf0153648816255e395adb3871902
images/non-fire/train_000087_neg8.jpg,non-fire,23bac487576fd4aaa3f78ec2cad971881b5cb7d34cfbc4cb64a78de362197b5f,00050170787454adf29219ecb7b62180da398e398a0b2ee58e51e40a492e87ca
images/non-fire/train_000087_neg9.jpg,non-fire,3583a96f603d7c64446ab0f98f8202efd7b24a4f542c6f5be24792aa4f615112,eb18eb48fd2eedeebddec62d212799485e6cec1a91d2c474aecfd2f7fac6d1e5
images/non-fire/train_000091_neg10.jpg,non-fire,013b162b4a32fa25252f6d881b5c3b812e9970737c6e700175e71b9e4bd7d353,e0e4f1f13d11eafe2598d9f619a1f13d92ea706a202714c1a66353c3aaaf376e
images/non-fire/train_000091_neg11.jpg,non-fire,a155e3f192fe271cec69ee3a90d937b60c3c1fd0b1221beca689dac0a76b7cda,07a2e19eaded96c5e95b1a4e8f26c5bd29fdfe1a09e95a5a172ef30b07991a2b
images/non-fire/train_000091_neg5.jpg,non-fire,ada4f4b2cbf986cb89b40ad0dffceefb66470b0fe40dfa66adab7e6ea942a53a,c8d9f458d36f9b966f217b49c9d6a064a08aae20919a889b68b411ea36c2fff0
images/non-fire/train_000091_neg6.jpg,non-fire,4a4abc865925accb76ca054efedef53f815e0150331ed96da9065bd8580f3bb7,22a26a82392c268720c6c53b21821222f1d4217bc70148e7627c1e4fd4dc6ae5
images/non-fire/train_000091_neg7.jpg,non-fire,be9706f64b7f24436a3446434fd7beb4beac11b139230f98a2e909cef2456fd7,ad63512db3ba19b644bdd1061a82108e39e5ffbd10f8b588998693ecf28dca35
images/non-fire/train_000091_neg8.jpg,non-fire,52f2fc58ee6761282b7e0a38267fcfe432b741d1dcca1f063cd00d47b08977a4,68a29fdc07d8f641887eaa5a07be8aaaa5e81e3cee2ef4c55e033ef04242e68d
images/non-fire/train_000091_neg9.jpg,non-fire,238a5c9dff162438daf500d73a4a35a8dbeac46de1d4b785fbc864710707304c,b9b412dc6bb4d2d1996de55a5fc8cb2a8a90873edd1354d442ed068fd1c3cb05
images/non-fire/train_000093_neg0.jpg,non-fire,3a5e68a4e1fb3594caeb194689328261a5469f4b4475715ae870b95a189ce7df,536e8683d56cd67c7aa7c006a04dc8adbc1dce05691ef3f9e35a83f94d7a208b
images/non-fire/train_000093_neg1.jpg,non-fire,9bcbe4b5184b34996f57a9b90b49943c10ea01d2139810a460d0262bab8963c4,6ffd377ca858b110233e34b1d03e1f0dc683d1350d18d532617a5eeaae52366c
images/non-fire/train_000093_neg10.jpg,non-fire,7b0bd2928de2633d6ea75c54299ec6fa5315953ce8697040043d1edf48aa859f,af887124fa4d44f204379f2c60db7f3d5cd4134512bc037491b10a7e747c47e4
images/non-fire/train_000093_neg11.jpg,non-fire,d746552d6facc1c0b2837ec699b42294cf81b2ace16409a592a966f7d4b7ae49,2f5fe07518d608f4d45ea88883276dd86218a0c99aedf69c65d718c0b1cc84ab
images/non-fire/train_000093_neg2.jpg,non-fire,1cc298759f6dbb91ece8aa9cba3bce99189925bbef707021e60f8995c48b01b3,2eef7c53072898e23c3cdcb4c1f4bbd4725eab32f19ac63c8f687c6e5260445a
images/non-fire/train_000093_neg3.jpg,non-fire,0d7812171b36679b117825a77e11104650ac6817f4da9078aff8b9d8a001bac2,7d9d84d7bc7c165cf2013af4edcc686534a779966126367058e80bb5dc593eef
images/non-fire/train_000093_neg4.jpg,non-fire,2f49f660987f14dda0d21584386e208b7fd7830ef17c49bca704b1e48047edbb,d8144e0a431411a131d984c05cbe5c3ca69b5862b49e85d910acc369aef7e3aa
images/non-fire/train_000093_neg5.jpg,non-fire,9372df2116166ee91228ea707d2759aa17094522d874c632f6d91f04fecfcb1b,454a0ee3a81a03fd2060e9920524aeb660e64f9a66c521f7946ac45bb6cbb5d7
images/non-fire/train_000093_neg6.jpg,non-fire,551be5aad119a9b4e7744b5c14468326713ba13530fb5d22151b9b260776df71,0751af451175ecf75620727b51da511098fc0c567ede8b9f2ccc95c6acf5b606
images/non-fire/train_000093_neg7.jpg,non-fire,0b4b3d4ab950e63911734a2c443e8a915cb3ad737bfd57a8149c32708d42b055,4f3a186815e91974d61d58dabb2e343a363355bf09eef52a11702fa8104a5d8a
images/non-fire/train_000093_neg8.jpg,non-fire,3ec21438784db7720a1c891a6747826eacc02292ed17ab3f59036b6baa730708,aeaaf6e075c0b52ac6c6e06729dcea97115f2c20c7a98fa1c7b4d7f09fd0b900
images/non-fire/train_000093_neg9.jpg,non-fire,fb469c7ba3f181ac73b8b96cea332c9a3e9855b929ba1e5ada2aa7d5226901f3,1e3e23160cf8b6192f8b48e567fc31175b7bbe391387957b625f6e670d336379
images/non-fire/train_000095_neg0.jpg,non-fire,6d7db6473b52fd453156376f2e2060c3660c59756aa4ae4a023e1b97a1c7e087,e6c6599317aad00ee7a0e03d9c33f91707676c6164b2ccc92a78bd1a7b67a107
images/non-fire/train_000095_neg1.jpg,non-fire,6d04314bff76afc3a3ca3e0658efcbfc5c72046237ce3617643f33cf91e7830e,c254218e80ffb57159510410a3f95051923b88d25c8c3d8a21c99a01b1441e59
images/non-fire/train_000095_neg10.jpg,non-fire,c3eccf5a194e0e4112de28cd5a9bb6e3640fc554f0a8eacbd3f5b3e442feb73c,517a4ef4dc7e6c6534785db8428281851ee68ee54e0fada41e2b36c47e34c16c
images/non-fire/train_000095_neg11.jpg,non-fire,61b7905e2663c9dc9cf3ee0ce1628ee153d130bd81b9fe9250c73a06a2c06498,11a005d90b68cf6b5c179b116f9ec19c2c0a060b6f531395646d45271e978a27
images/non-fire/train_000095_neg2.jpg,non-fire,5eddefc3c0e55304d4f2d76c5ab15ba54dda7eef7421b22f5b5fa79413cd4d08,af7eaabafc4d0880f508a8c70fbacccb17a874e0afd8a80c1fe0672d4d7c3483
images/non-fire/train_000095_neg3.jpg,non-fire,2c3adabc90a2af9ec33f8f019bd4fdaa139fa87e32df1eba519034765c64fcb6,b850ecbc4a77f7a6cd7436ca814a60c908b9f569c39ae6f95f71e039c66a20ea
images/non-fire/train_000095_neg4.jpg,non-fire,09ba17178db6f626cd27e8bffce719f621ab9f98b754d9e25e81dd8d41b28b25,b96d59283168604ed112ba2962714f3474064eebbeba69e665f9fcf02f853155
images/non-fire/train_000095_neg5.jpg,non-fire,1837fe648337d8e2f2d07cf100939dff56a97503fab5fb7862f934328084003b,4e92a5444ac8897f65b17be0dfa1e13e8c077de4b191b2177e447cfbe656b26b
images/non-fire/train_000095_neg6.jpg,non-fire,5052ec1d53b3b31e905f8b4c46d3bef617505747cebf87fe1ed1d8cec37977e2,7ee3097b8cdd28bf92bbdd41c67ef66fabcdb461c0863e73f44633c1485ade8c
images/non-fire/train_000095_neg7.jpg,non-fire,8259357f79d815a4e09907727919b4a572ea25d01422d4d0d2fde698d248a03b,bffc7fe6452ef41c58bc87d304d71966f5e5c60ef1fa7b6fef23e5752441ebd7
images/non-fire/train_000095_neg8.jpg,non-fire,91e92e28d932bb7ecbdbe37d8090132df3a3b05feaaa5ba29ee4dee363304bd1,ac32b0e25e8ba8db184e86dfcc449559385d266a31bc72200b3d3f83d8c7e210
images/non-fire/train_000095_neg9.jpg,non-fire,c3a6b54752b79c438af8df31c1967aa5de215381885dd2715ef9f21ce2339077,20bb58e37822052300b5e61d9ebad8aac7854050015518b1ed173e853658ba3f
images/non-fire/train_000096_neg0.jpg,non-fire,a807b194d89ac6070ae3acfdf6c54548fb833562c755978915091901545b5f9b,07ad74048be3651a54f9b1feda6d9f5b86fb72259b75c9c160c1611876c65ea1
images/non-fire/train_000096_neg1.jpg,non-fire,f84a476d8b3097964c14801f81f33534c86d26d205c13ecc66288e9f2c58f3e8,9635eaaece7cfdbf9d5c217ae13de0f3da635272e84bd286a12c2134ac9ef92c
images/non-fire/train_000096_neg11.jpg,non-fire,962e45edf1dd2478686091c78f51f55d8f3bb38139cfcbbcd06a163aa79e500f,a7e7578cc46e439aaefe810a09847e32d4b3aa42e276433de0e2c04b0714ef8f
images/non-fire/train_000096_neg2.jpg,non-fire,58ae5ebf48e971b51c8208f3fe222d1a72723a2176e9054c1d506c2b27ac35dc,e6bba866095457cfaac841cfd8b480dd675999d5141dafeccafef3e5ffb7fb17
images/non-fire/train_000096_neg3.jpg,non-fire,867867577bb46ccb5c1ac61e47794430f656570e4849634b02374357541ec75d,b9021a48f95b9cc2f925994d973edae014d7a313587678af90bd64a247603dec
images/non-fire/train_000096_neg4.jpg,non-fire,ada41f111518ebaa3f667a21619df2b9ddad223b4012985cf88a3064893efd68,eab2516cd73ff896e0af225e9e72c70329c3c749afbf58535d62ac51804bcaee
images/non-fire/train_000096_neg5.jpg,non-fire,ba7d471351f92385b961f43d3b07731da756e697c3e088acc1670599c317d2f8,2251bbffb0ad1a2d3f28f4b3fed0989326df770a1904eeec522abeddf1499ddb
images/non-fire/train_000096_neg6.jpg,non-fire,4b94f22636640dbfa503b80f07ad9be9b1d6244fa027d7d6365aa4e9b96334a2,35f565b6d8d71e56009a4d54a44236c723cafa254bda9f23c29ec27063574a22
images/non-fire/train_000096_neg7.jpg,non-fire,bd2fe133df44af140ba0af33c8f1e754293b5dc7e9aa416225dcb5f061a1497a,2fff49338c6eb8be2b5f5c52ffcfc19a772ae2fbd044f781b286e09b3f1f038d
images/non-fire/train_000096_neg8.jpg,non-fire,770e162aeb0da4d1e5f0f05093894bd681869fba5c74379c17e69aafd939c4b6,271fdeae6f776006e9cf995630b6288833fd61bb74ef2f6130df8fe8a6f2cd86
images/non-fire/train_000096_neg9.jpg,non-fire,1f99beaaac043d47aac509742c51b996234f4ec12b141fe8bfe96b503d8e6f56,becbb1942e3694522e3aa445b43ac3ff5e24742c9c573a69598a1fb171847ec6
images/non-fire/train_000097_neg10.jpg,non-fire,cbc8fb90ffe3300da72d312b0c62a01ef6b2ff9f4d809775ea767a775d75fbb5,ff1e1267844dceb188f5ee0235ddf0c0465ab781b32597853091f1259c4f202f
images/non-fire/train_000097_neg11.jpg,non-fire,a5fd2032012bb6e067c81d391d78d2f40fccf8b3e084ca93c4857c627f4f9811,78015b30ad41ce98283a88650003ed34d31f44e72530917481eda2c29d8803c1
images/non-fire/train_000097_neg5.jpg,non-fire,901b269c461f1e2f91013e98330b1dc9d052b5fbdf0b689ab0899c243446e265,6ce2bfeb3472042ebd8286fbc9bc3facb40f83cb38966a4702eecffbfb146dec
images/non-fire/train_000097_neg6.jpg,non-fire,ba6ec7385be05f43f6854a08d28f649696aa6de795b75ef81a8746a50ace961e,07f49376009a95dc4d6e78ebbbe834b48baac8ff273a5fa21e87091082c38302
images/non-fire/train_000097_neg7.jpg,non-fire,0bb8ba6111b98881be36b9cc235e80bc30b07d538a296dceee7742c6866694ab,5ff97cfa4f517b99fe52d1dcf78d4a045c942f5f996cda836e58dd5071666cdb
images/non-fire/train_000097_neg8.jpg,non-fire,992569dba0024cb46c375091c8ec7915f8eecbd4d62734520aadbe86fdd646a1,c237043ba12b9877c04d0e01027e56f9fbdf4a6f650b83ee61ee23320f02ea8b
images/non-fire/train_000097_neg9.jpg,non-fire,5b92cf0f63ae88426f6a9b2092dded6305ba81b63e2501c912f5ff0e05859a36,9cf0a4379eb4642d5fb9b1c05879de3d850f6c2c9a145b0d316ba2937acf310e
images/non-fire/train_000099_neg0.jpg,non-fire,2b9febbd5bf5eb3779f0f172914272b382bf76490b9adf1352739cfd3ae3ab39,f22dcdbc5094b9ca04858fea977b9370c542c6e4807d54fd88259984c5b762a4
images/non-fire/train_000099_neg10.jpg,non-fire,7ecf4377a3738d0ce6017a4520d219ec76b8aad9893bb6f2dee77af592a6f4ba,136f52f93a1dfa3f484aa7c847055f479b51a3b0ece4e9480133f6ad7b338a3a
images/non-fire/train_000099_neg11.jpg,non-fire,58078a94f2dd59ff318d114ad91190af60af6ce41bf57a2b7b518e8788b77ea7,20b91090c48cdbd986076c1a5f30dcb581bbdc082358e5586584eedf89aeaf44
images/non-fire/train_000099_neg4.jpg,non-fire,30ab7e61b4bf6d61f73a05d4567bb2199951b3f97cd0828e9e3ed2b52b82c045,0884ee5fe11099b8e70f985f9c647dc1be2b12ccf018b0e51725147a4f00da0e
images/non-fire/train_000099_neg5.jpg,non-fire,fd7062b7834ec2487c4e648c3c5b92760bc18d05289305d5539c2b820696e5e0,62b72d06e36cd9e01ea40d21483fde0891c4a92d64ba649f35c83c0b23266621
images/non-fire/train_000099_neg6.jpg,non-fire,50c102d57a7ba7bd3fd61d84f83522f4a79e4cf9245ac2407445da12077da167,0638b4a94644b3e39c57e135e74c947f66714ba20badd48cb4ca1e0f4a063136
images/non-fire/train_000099_neg7.jpg,non-fire,0cee2462fe095675906be24be2ddc50245344c5de31f9e878732b37deccf35db,d05a6848482c561308e225d95d7e60fe65eb803c00422362e63d5da3cd821ee6
images/non-fire/train_000099_neg8.jpg,non-fire,e9a84d33807c331f07c370116524ab85c16bf4e0f391c86726f8db7de3b2f94c,a04fce315378cff7d3f2a14a6672340cb0b8f93e7f63671130872b885991b84d
images/non-fire/train_000099_neg9.jpg,non-fire,5d67269842ee58cf06fc58acfb1a00fb38ffc4d9cc38196dda43427ce464d77b,5e92689d43dbb80d3e8dc6bd4db73457f4e308f4f2488d1776fbf00a28ec928e
images/non-fire/train_000100_neg0.jpg,non-fire,a016cb8bbf38891d4dbb4c90e64ec7948e9c9f3e6d734d1648a5a52eba9949cf,a841b7263f7db0cf1f53cc174c26031674d60e1d617e9929976e9a7b2eea637d
images/non-fire/train_000100_neg1.jpg,non-fire,15fc457a76eca40172ffb78822eb60d3fa479e8bee7b59d71c4d61a149e5e7ea,c969772aeb712dcbd7aec566fe727ec3a9471a72e604cb10988b7d65989f39c6
images/non-fire/train_000100_neg10.jpg,non-fire,21aba6d151b615ed4fb7740eda88bc6fa619a38dc82493306369e9e6e16aec5c,77d9aa65334705d8e2b7c3b30f3da6f9f2db34af947c527c45a25766e979ae04
images/non-fire/train_000100_neg11.jpg,non-fire,827f0ae6c324ce07b0272224ef8a4f593d51980216881014d1c5c8c7f202d2e7,931586087fff66e2583d600b95d0e1dd8027e57ec9d5d2de9b96047d61c82011
images/non-fire/train_000100_neg2.jpg,non-fire,7d74db7ade7de32ac3de464e72e45f8ffbf82d4efaf5ca8cf91c15aefc201867,3ec7c8c4720628cd16ea1096bcc898be520486e1877afb0b3edc6d059a0299e1
images/non-fire/train_000100_neg5.jpg,non-fire,60ecf028cb58545be950fa409fca7d255aeb1ed8bd5597d37bbd83d17547ed70,d13018e87c18b1c42f09a895168358d0bcbbcc60fc266ad9a3aed9da3e3c6dd6
images/non-fire/train_000100_neg6.jpg,non-fire,52864b0727796e878508500a4733fa1dce84a21a729444712cbcfaba989c16b6,6de13835da92e64c30008549dfc9ccff07029ae2bf378ec6abe89c5163c8b7c5
images/non-fire/train_000100_neg7.jpg,non-fire,0d3d12fc6884528b45df7d5ffef13c7385c7bf6783e1e650f8f0cf3a5c774637,29686485b986600530752d63d59448687a7a9bf0bd8a6371e9111da88a7bb68a
images/non-fire/train_000100_neg8.jpg,non-fire,c8aea991066de8ea0ce4024c856d5a49b6fba8de77c6265bb9caed1c474c7265,52c11a6810d3bccf9b48036897b453ed66332607ffb7b3a85677f89eeba66063
images/non-fire/train_000100_neg9.jpg,non-fire,a46b5e24383b9df8f8051d85ce046a5e8389f6125f7aea32f6cac2966baddac2,a28052278ae835693a5a90e3412d446026dbe368a120aa1e5871ca8cb0e0f4ea
images/non-fire/train_000102_neg0.jpg,non-fire,3f3fd01817c4f343412ed2203a864558302134ff2b1561ddcde7e2531776ef79,e60d2e1af52b34f8c7260048f77752dcabe08e30a0b395c63b450539b6c5596c
images/non-fire/train_000102_neg1.jpg,non-fire,bda01c22e461683039eacdab7379668bd42e86d2ab01e4ea8bf133dd71c803e7,025b00ddb0868f43a40ee99eae4ce6e57c392cda4ba5692a8c576741afc855ce
images/non-fire/train_000102_neg10.jpg,non-fire,64343130a01d8ad5162e4e15adec1d63cdb013afaf296cdfa7b85455cde5ca88,3b15f17b479ce4aa1c7ac356b8cdd21849fb399758b4ab126e904eed4701b817
images/non-fire/train_000102_neg11.jpg,non-fire,71589a5760a79d2a30e7bfcd80748a0ee09a3f1c9cd1e0818aa7b869a12bffe0,6c2866d21ae1d53f1366b8efd97b463ab58b7f521843a00bbd5638a336f71941
images/non-fire/train_000102_neg2.jpg,non-fire,259fb78a40f740012abc861b6baaa64091865ecad401e1dde2da4ef65a2b7fd0,5ef357bda2f4574ec74d389c20cd63fbde045faab9da2d40c31784459245194f
images/non-fire/train_000102_neg3.jpg,non-fire,4910afa5fa9742a61a566cea1010563783ec79c445ecedfb1f764c7146f15697,a70c89a70ab98c20001ed8c741b29c70567c561a2f3d0ba2707442a0014b1496
images/non-fire/train_000102_neg5.jpg,non-fire,613f101147ba7669103defddce6c9fc967410c69e4a0cadb039c2fb2d2b7469b,abda49873d5aa96c8a96fede12196c5dfd4694ffee8e42d7525878e91d5719c2
images/non-fire/train_000102_neg6.jpg,non-fire,99e41df46e9f83b3a52ee3cc97eef29f2c835e623905943f3c25455bc420d031,bc3a4e66eb63766ff34019b27465c34c2fc3e1974dbe04f3ef1c8d328c87fd28
images/non-fire/train_000102_neg8.jpg,non-fire,ec0dfc7b610391661e8bd251c7337afd9df55c3a45180fa838982548cfa09688,a165d238e87f8f6bf31ae55c4504ada139c6fe1fdefa4d4cea06c780ef38df31
images/non-fire/train_000103_neg0.jpg,non-fire,927136b3cfe6c1fb4152217abcdc9f7d7845d8bbd265215dee8de7fd7527b514,245de708693423a64baf4480658db51846e3105a933fdf3ede2ec2ab066609d9
images/non-fire/train_000103_neg1.jpg,non-fire,fcd0480531762f3e61740275485453cdedc54679bdae66304dcc1c7f3158afa8,f705d66fec9c72d56bbab45a9222551c4ec1277745b5ed399a5e28698d7fc6ec
images/non-fire/train_000103_neg10.jpg,non-fire,8684ae491f0765874c24ddee7c1925da7349beef92b8f8d41a8cce1c00404b01,ae4630b0e4442454e1fe0a429a744a9fafe1217fdae325359a527777ad122e61
images/non-fire/train_000103_neg11.jpg,non-fire,18ae71b191807da30432e60069a800b1cdf56ece0612f0c11eca06b3c5374a34,40265a616b06b6b86dd155971187092089a1ada928e11c4200b39653b1d16268
images/non-fire/train_000103_neg2.jpg,non-fire,75df74f3e200014670ffc03fa6c109faeac073175c7ac0969d748c2006dd10d5,601dace74ad8429aaf61e5c93e77d4623cfc5c0b930b849a834cbbf51d3598ea
images/non-fire/train_000103_neg3.jpg,non-fire,67e6fd970080c5a77947d77def47dc8c99e20ab72894d1d2333e7f9a8e53aad0,b3332cba68b398b90b55acd2920052bd8b62dcb7ab4472b8e36581718d8dbe41
images/non-fire/train_000103_neg4.jpg,non-fire,5f48b705a7d5f3da5a58a6ce616e16a7caaf88696037b31714d76c3bbbdce4cd,e2336aa8289bd8a1e806ccfccec29469dc1d8e9a6ca2ec55681b7f16d3afcd6e
images/non-fire/train_000103_neg5.jpg,non-fire,ba721bc891f78faba43479ef81b250cc7d21935898dbeff22d25401c1cf98973,0f274b5033a07a0d1b1c4e2b430bd6c50392a36bb8c911a834e0ec0c75ed3f6c
images/non-fire/train_000103_neg6.jpg,non-fire,ab7a14ce05a3b6caca2d2db72d073f252d98720cb5e3de5924644abef841633b,a683541c093e913e89f3f6844a00d8da61324f1b549036b8029fd1f3764384ee
images/non-fire/train_000103_neg7.jpg,non-fire,b8aeda8bb5d5d66a03831f5d4dd567a83f6ad2d6e1d5c95afe9a651ede8f8dcd,379aff47537023eedc3454917b2dc45366a8d8dacd2f549fcb4862c320b6e381
images/non-fire/train_000103_neg8.jpg,non-fire,e5d1799d2c8ad31267d7fcac1df4d7daaddec9580d82712e711520bb4505198d,d5805bc5f28b30ae433440df38e25b1771450472a9f37ed1042f323677d0703e
images/non-fire/train_000103_neg9.jpg,non-fire,64aef7618f05de2337d459f7be194f7f8c546ac0207feb865daa101222b46d58,2ebbf79c3689228902cf48020adbdae5e0dff100f5a8288e3b684600b20e43ef
images/non-fire/train_000104_neg0.jpg,non-fire,bea7f0e47665444089689a612ce22f51ed1403eb166bc49369f6306671ca1069,b4890c7424d8ee66d29b456f06aea0735e89334ab61912cec3b9e44319abe8a6
images/non-fire/train_000104_neg1.jpg,non-fire,eeba4048af99fdbdfdac6b806f03745d9e35853d30a64fededcfea7960d38b0a,cc0ff5ecd6554d55963898c2e105b3efb8fbbc82ea42e1ec5245279475653c35
images/non-fire/train_000104_neg10.jpg,non-fire,994205f1d663ee56fd3f227323e647bc1c3902db2c8ff8850caba29857479f20,fafcfa8444025b440c29e39ee3ae61f5a837b56222c22ca5552088921c93d9c6
images/non-fire/train_000104_neg11.jpg,non-fire,9508a2d0e7b918805b7028438f73368068b342a1c25bc9b217a5e5b60b9df280,e3f9cf34d9bc1bedbfb2f7ccd17606478e288c09dd5d2656aedad40ded076e55
images/non-fire/train_000104_neg2.jpg,non-fire,1f08d5f600ef2c91453597d433c824058bec89caf59b14c1a6536c60bb569bd1,a8d1673bbcb35b8784bf4f52e281f8a1bb72d9e3b4e9a75198f76db98727fd1d
images/non-fire/train_000104_neg3.jpg,non-fire,4ad815737f2944060baae5478346734c6135978ac7fb5968a6ea2bf2a1669f35,4192b13cb6874bd7e4a87198b511db4c79556c6ede2f8b6f39e1dd877ca952bf
images/non-fire/train_000104_neg4.jpg,non-fire,9438e77189fc1b33c1a7287e697b27f5f374427580c27357f8b1c344539f1ca5,e132170d2736ab8b9c2219a6b7fbb8045e87814e848333b7642a39276aee9a3e
images/non-fire/train_000104_neg5.jpg,non-fire,50e8467bc1567e05dcbe859a82cf1cd8df3a8a846996a660f34643a0f09a4189,3b12cbf04239940355f7add4bf06948c3a137a10ed8e1ccb6afb6996831343f2
images/non-fire/train_000104_neg6.jpg,non-fire,0da176226309a07de322a564a515365ab2c87bc3db0b3cf88d0f45a0a2710d61,9d7b70c2f53830416fb7493e5f7202789d09c14a95109d968e9576c380077177
images/non-fire/train_000104_neg7.jpg,non-fire,96ede07894a567610dc0d02f906d826be0ebe5bdd2e5944384a450d0a0071174,fdb634cb2e3192db315e567968f6d807a1b2d8bbb63be6a88ee067e8143e59aa
images/non-fire/train_000104_neg8.jpg,non-fire,0cc85a8df9b618abf26323d071613e4e05d7c137467339aa78d8fe1da971b70e,0b6a291b0e1580ad5bef5dc6a62a2008095cfc9c371a6e8de2143a7ed498f4be
images/non-fire/train_000104_neg9.jpg,non-fire,90ee182e614624d660a0e5fe2fc4485f22060c5c6aa2025b38ca6de09d457d10,462ba6105e84f146b0b59bcedb166f478f8cfc9651cef6aebc7923f787042a98
images/non-fire/train_000106_neg0.jpg,non-fire,827bf80d528254114be52d894c4aec1b91f5613154f1836a7072018ea757e4bc,99ee4b7bc09caa25deb2362b1bd177bd1b80ca61f24e0ff8efd9543c365e99c9
images/non-fire/train_000107_neg2.jpg,non-fire,1d612dc0cab36f1795cdbfaaf27af26349c46cab7632cb969bf17fb7044831cc,ce070261e2d474ada2b7e485b47a6993743b51166d1bd00a5922fabb3faf640f
images/non-fire/train_000107_neg3.jpg,non-fire,f0f087f4bd5e35c5c818ce9f1e53bed274fab0f21c2cf2b36c4521ad519572ff,388b4c11d414c2bf019d4a986aebdda58f2924432a6c2419818dd58678a0aab8
images/non-fire/train_000109_neg10.jpg,non-fire,d45b8aa4b468a1dd129587645a67cd709b47934012c470dc72f5b890af2838fc,3995d31b0a8af3b963516e16a74c73cb0f5cb97e1060cb10a2663420f774eb80
images/non-fire/train_000109_neg11.jpg,non-fire,65b80a9f4228340de0ccce10a2107f1c7f4ca6560524c579f8d573090225fcf5,e31ab73f785d1a3e9292b3392e3618d180fd5158059ff8903f8c1da11e529571
images/non-fire/train_000109_neg3.jpg,non-fire,5122c4d6961daa575fad6d06a72f5a87893ad4285a2bdf46898a3c46e1306d0e,448f95ca2996d008bdcd98ef90dfeddcaf2d87f8276e55d2155539c39a826269
images/non-fire/train_000109_neg4.jpg,non-fire,ad9811ecc9ad96edf29b284e269ee17da7f59ee1812a207cb4af2d050a1985d3,100474268713098bf659254faa9f0567efe11779921699a2cd7b03a3119e60fd
images/non-fire/train_000109_neg5.jpg,non-fire,06cb735dc5c2af829382fdd2dc5040e4809ae74cbd96f286980c11046b61bf2b,2829613bfb6179b852beca5ddaf16ec45cafa49f081be6a96c4dc5e72d05d0d0
images/non-fire/train_000109_neg6.jpg,non-fire,2e59e45fcaeeac7c2fd5228f8db2dd924ede40466d6aedd2cc0debc4f816863b,2fe323fc91db0195204c0a486dcdc032191a728e56b61ae6cabe9c943193791d
images/non-fire/train_000109_neg7.jpg,non-fire,1767187a5778f584e59fc3366785e48952c3b1c05c76d6a2f8f8d713d03e4dbb,6f1d0350cb5019e6b41baa3376004310c1e596d9ad7f1d194d71e407cf4f7cf3
images/non-fire/train_000109_neg8.jpg,non-fire,37efc3c0fcc7c9dd09dfdbcd26c81502a1bd31bd7a99e752c3311ce6932fa6da,1223071b62f850b431b5b342d0a80f04e6df3774a778c56a7f299fd2dca81405
images/non-fire/train_000109_neg9.jpg,non-fire,5308f492327cb1917ac848a0e62ee19ddb831657e1627a7555e204e4722cf706,dfeeb04ea99343431d928c9a08cbe340bec7fcb4fb5c373c6afc4a50bfe233b9
images/non-fire/train_000110_neg0.jpg,non-fire,43684cd94f1f83bb8dac4ecfcaadfa2344195a814b1b140d7e7c8fb5d30c3ab2,b08e1a0c0f3937892e101fe1fea34f9a955d7c8e8a0b645a9f92cb80aea6cecd
images/non-fire/train_000110_neg10.jpg,non-fire,1f478d48091a186b514f7bb7f99e3869b4cc3aebdfaebe6523d87da44aed143f,5609bf0fa0a94b7748f7169b4f6342d4bea9b2cad3e40460a09f8af177178a9b
images/non-fire/train_000110_neg8.jpg,non-fire,898200a856d2f58be0c5fc5cf81242ae066d63bc7344d92550f52b41536994a4,deb5817f39cb1a9ef8379b4ab1db94d0d2a14dd15b1627461c82183ccba96eba
images/non-fire/train_000110_neg9.jpg,non-fire,b6e9a3a6ea0618d9fba1e7b211ecc6e48a0267431b979d9e41d3251ad8ad6cd9,480a064657670f5eaf0c47d3c751528258a30754b4d76af086bc0af479bae0f8
images/non-fire/train_000120_neg10.jpg,non-fire,2f3cc4f34cb8b5142c5285490f257bed17919077ed8b31e9e40124fb8f43a2ff,84c952158a2f61e291ce3c751235c2cff885d5b168f2e64d3d21ec8d9df6de5b
images/non-fire/train_000120_neg6.jpg,non-fire,f77f89bb6665c74e61c907c33fdc098a93b2595118ece1645c20895a45e17e00,eddfb5c31744eed0261ac2307f37d0bd67499fa81dcf05d031b5c8940dd4bf77
images/non-fire/train_000120_neg7.jpg,non-fire,6bc214c69bb11a1464e5dfc12ad0c7182358ceeebe68cff30fe50a8e037c1fb3,30c6a716405c1d65be1d6aaec462d3fe82020abb5138a542edf46542a773e0d1
images/non-fire/train_000123_neg0.jpg,non-fire,69cadf02458260f69c74c9b87210b98aa40d301353770df09da48cbadb73195e,b93763f0fd3378b65c2850db174f8acebe08087e96f344be7920d7b68a55d9eb
images/non-fire/train_000123_neg1.jpg,non-fire,0d50d57f918716971241217c71475ae5d76023fca749d1305e58e447856ccf64,8c356d96bc20734e53e5eb8e509d61751b3788b8228a69071b220a789e09131d
images/non-fire/train_000123_neg10.jpg,non-fire,e8785959686cb4598d6093ae85e6e392e4d7428f865727ab6959762eee802601,69f8a7e1826aef77af198e156c7eb517c5fdae354676feadedd50679acb24a0d
images/non-fire/train_000123_neg11.jpg,non-fire,4c24da0541ccdaad0a727725f086e35b20dd39b2e5444697219b3f8a2ba37d7e,140b2d049e679678db25b78fdcb82361fd0b76b084086daf0261b46cbb5a375b
images/non-fire/train_000123_neg2.jpg,non-fire,97de3cda78a2b83d8e25989396b7939e1ef01adf11d90fd8610a9bd16c0a9d15,62b736bf2b6d6adabf2811b78ae5f38c6572203268610f0b76aafce451bfc9ab
images/non-fire/train_000123_neg3.jpg,non-fire,f8cc1bb84d197288169625433662ea1e21ef0aef176bc644ba5883affbeb82a8,cb102531a1cfb0f5b06d93387d479c42dd2bdc2bc4d72332383719526bfe5d1e
images/non-fire/train_000123_neg4.jpg,non-fire,0d92875e243ab898bacf0eb6df0e7182f190b10f3da075a829da7955dc257a9c,60ce1d432bded8db496e0ae9ae722e3122baf33bd6c6b8caa8db8e44e913bb45
images/non-fire/train_000123_neg5.jpg,non-fire,edc66ba617c5313075273fe0c40c65d0ac48b6bcb637468ced39fe13a95d9655,c3eb4d37a56a9093b3abbbe059a18078151ac5d298b7719860cb034c25375b26
images/non-fire/train_000123_neg6.jpg,non-fire,3ee0cf9b1e1a2df12903bfc63401d4f4f8a6f2dfc28321e566b62c3d0eb7fee2,ea514c9077a87828a2b5be0be1fa8a0c68aedf1d6194696c51b7b2b8f9ddd9a6
images/non-fire/train_000123_neg7.jpg,non-fire,dc2bc749099d21f51d09ea25524c358c9536d5dfe613cbf9cacc98a383ddce58,e70a6742414ec65b82bdd0577200d0e9e1322a3c304991dc6de47f0c387bf175
images/non-fire/train_000123_neg8.jpg,non-fire,424f62e69d79851a7fe2faffed7ba7dccc4b12fad8b770c722a65e6f0efb6448,cb89db147ef605add9eb4f52feb400dad5aaff531883f414e8c2bf6840b176f1
images/non-fire/train_000123_neg9.jpg,non-fire,b8f00ecd10edb4134002ac3dd8ff2aeebe5ea7b74023c635b5040795f41f0548,f8041ac0c723c8cf30f43df372a60f20881e3d33596b4bfeee19c6c3c0cbabb7
images/non-fire/train_000124_neg0.jpg,non-fire,1439955349222e6380be761d3363457bb2339180e1bb70250404dfbfbb9121c8,9f576c086d4cd1cd49ef03b9fbae661b052d8d1a456038f394bbebc8730785ed
images/non-fire/train_000124_neg1.jpg,non-fire,3b0508351af2fce3b104bdb70e88724e2f1649113cb793e47dff6064cdfee140,8f5ac3fc05ad4ed461079612f6e46255178e19f2d0629bf262533351a300c560
images/non-fire/train_000124_neg10.jpg,non-fire,14f10e9344e6f6559cafc15c9ca2c481dbf117b6f542ee0c00f6246cf6ec2ada,078f917d43a43f8a8abc831aae561d82d7d5839145818abb6a9b188b27e155ed
images/non-fire/train_000124_neg2.jpg,non-fire,5d60f2ae20285d4937fe2cfd368de62e598a1fb9d0320cda1a9a9837838322ae,63252c0336e3bdfca4e7609b7c38b4afbdc42a532e05ea188a6687a86f4f75b3
images/non-fire/train_000124_neg3.jpg,non-fire,2db4cfdc1caf4a3c54da31e8de5df524451f632bd1efd682e4b13fd044c01c3e,9b029a947eee09798e50098311c5628c228b0e089a403514545dcbdc32bc82e9
images/non-fire/train_000124_neg4.jpg,non-fire,52c38ea5d6778a6b1f758ddd8db6baac09cfad0758ed9a33aeea0959ef2a7207,ce187de5959cc39984b276f442db25a15a5242dba192db5380d1059614eb5bfd
images/non-fire/train_000124_neg5.jpg,non-fire,3e4e66c93ee92de5cd06dfed0c1f74a8645936073f3a6815db2d24131873c6e8,2062765a185f766941e9588ef1602ec844e7e829e5c0d8f4552e25bc2f8a43d3
images/non-fire/train_000124_neg6.jpg,non-fire,b590d42f3707540d2678f4b8fb2266e7a385a4f095355313c6e10d1670ca4b11,2bd47f7468b0861a52b3a9a15def3cc1c35abc32b7ed8176875f42d86b45a231
images/non-fire/train_000124_neg7.jpg,non-fire,5e640fbe6c34d6cee80c9418967eaa98735dcaebac67bf9fdad60fcb8c513a5e,6f6af4029d08c45a8ac064a7cfef80c24d313d529b76378d9efd03306fcb1187
images/non-fire/train_000124_neg8.jpg,non-fire,2943bfcec333ea8d2d0d6da6613cf3651471a8cb0674152c013b7e8371148c10,59f38ace600e5bedee70110878d084da9f6bac36ed3e003c6020cd3bba6c15b8
images/non-fire/train_000124_neg9.jpg,non-fire,f1fca2019f16c6c34c8237c056e3f8175ddc6a08ae67120169c41650704252d9,b7acc586e4d9fc1e063c901b38b3e33912f728cac8a339c322d4e53ec59dfdef
images/non-fire/train_000126_neg0.jpg,non-fire,a3b527358a67b2e8bb71ff48da1794ef96a53eb52cedf2e5459937a9c6f9a045,ca3a9562d3af305b4425b9c8e0c6fc9962428d9f6722be7c90a9c67938336e6c
images/non-fire/train_000126_neg2.jpg,non-fire,0a9d6c98554356e1ab8386a01a1aba5839677bdfc216a7e821014b2a2178c67b,f4971cc75329ab47d24d5be54755a5de63b8b0c1d17f06218d12d0b06f622b51
images/non-fire/train_000126_neg3.jpg,non-fire,45ac74faee4e766b0a9308e47d745ffe85d89717f6cbf7ed4cf48c84c7219329,e59e5fc652f6dc8de81560cb88352340d98bd897b548272c018d8a03131df1a8
images/non-fire/train_000126_neg4.jpg,non-fire,afbb05fdf31ee834b999a845ba495e94b4854fe9c3ab15c0e78e60f418636d34,e75da95dc0b630d522833ed354cf0171aaada18c101120d3b2a13e5c26e8cca1
images/non-fire/train_000126_neg6.jpg,non-fire,1ceca2a1acfaeb1b5fecefbb35a1427ab5ea66f11ffbaa1e653d6c9599e99301,ffd15b71948ef64f3518ae1b67532b7385f324dc079202694cc4bb4355cb7300
images/non-fire/train_000126_neg7.jpg,non-fire,16346f8926432bb36b170177330e3308dc99042cea104a282cd422c24379a1dc,ec7ebdfe0adf893235964cf4a6a642b9235bd39384597bf72241272ee551004b
images/non-fire/train_000129_neg11.jpg,non-fire,ec8e87ad158cdc38da0ae08716abc6476afe5db797d73774ed2c623f4aee728a,1e5f9a08e5b3e3596948ccab1caaf14dd48020844e1837a3e768cfa0a124614c
images/non-fire/train_000132_neg0.jpg,non-fire,0f9712a81d3ad6c7eabcc235de6796a6c2113d932198b4833a95628ce0f6bea2,b5c44c0f602326ad0ab9ecec97583a08ce7314452ee2005af37fa90d1668551b
images/non-fire/train_000132_neg1.jpg,non-fire,ade810616756cb63a6d88d6d8c9ed38ac8e85c8fc346649ad34718967dc88240,05bb68a3f9ff4eb34c723f4d2fb1e886522cb37864873c54b7448d7d6ec1c35d
images/non-fire/train_000132_neg10.jpg,non-fire,31460166801b028f9ba965ba163b1014f4f58f15ca3a3a39c8f1d84c98abc181,16c4733b2215068eeddf636ab55bcd6fe11fb5fd47f7b90d73f6b2880bc5e763
images/non-fire/train_000132_neg11.jpg,non-fire,dee5cdaf21397e47849ed923f9b80d2793740163884519a842715ce11f5937b9,1f6b28a6e59fed57478494243a212d918aa3eb481422129ec53068c75907e211
images/non-fire/train_000132_neg2.jpg,non-fire,d33e9a3b02c58119a97ab14c8ba38195ec26215679ca4d3d287124ea0dfa7d38,3f92b439ee09316edf9ca1093f502ab747cfcd77f2a6af162f419af8c4c815e9
images/non-fire/train_000132_neg4.jpg,non-fire,d3f5afcda33d151f5de8980638796c685b7dbe8a33879155a9acf8c70c6b39f6,a4e0516a5eed52654b7c20242915d8f5ae5b5b3dc4ada6a23fbc1c529442787d
images/non-fire/train_000132_neg5.jpg,non-fire,7e7326e4a8484a3e7b9894375e4c45fb7ebc6bd5e6dcea674466afce5f9778a6,9ff9c1b3e1dc800050adbf927f17af7f83e483eb880df1fd0067b86b13180be9
images/non-fire/train_000132_neg6.jpg,non-fire,8a7febd137457b413b4b0dadd5d78ef184d24fe5dc4646c2b8afdb38145274d6,8a74a8213e6fa527e4d64fba32b8b764b425e7322785eee20d89e9709a54832c
images/non-fire/train_000132_neg7.jpg,non-fire,a70f038ff5fdef9711efa023beff70d55f94fbdf15fc448cfe6a32397968080a,8acc062ba88a67a09161707357c509494b9201ae9384d3ecabccf326f315e674
images/non-fire/train_000132_neg8.jpg,non-fire,997a07497fd7dc21783d816b1e08e9949ace5830a031c94ba039e43ec3366cfe,6c80aa1bb0e7380d157c944480eacca5d4e9f333be7e61340bc43b333b5c0b58
images/non-fire/train_000132_neg9.jpg,non-fire,0d3002e8cb4c3bfe544d72f3c7ec45f0369e06481020a0d5640184afeb7bd3c1,766f830cd43db2327cbc6f25ce67e10ae57411d65a23f36604f3af5029bd40eb
images/non-fire/train_000136_neg0.jpg,non-fire,0528ad7d1807e6e55be84c516ca3d61fa704335566f3e2f7bb484a8a63659a7f,2d9418f7ab9941f5e4962757029b26aa8cce0fcd3304dbe4286e9e0aa62e9278
images/non-fire/train_000136_neg1.jpg,non-fire,6ce5f9f2b9fdc10fb2614a7f14896b87799422ab76df4bd5fc37d651c1348cab,0f3699fef8a870ef1cd24edff06fc954853b0e91a7965de4071701083a197da2
images/non-fire/train_000136_neg10.jpg,non-fire,92c7f0d48c03f9d7fdaad8b5ff6404272efd14f53b1708eef06041c82337b8ab,4cb4032c2039d950a166793d104ea5fed808b43b2fdcb728a9ac3c3e601c5a27
images/non-fire/train_000136_neg11.jpg,non-fire,109afaf1d96ab4decb5043d609db142158c3cc4cc23b1110db67574a800894ef,957c69c80396fe1cd0b7d850110da2fd66958a5023d500a3c7e111e7da36c272
images/non-fire/train_000136_neg2.jpg,non-fire,90909a1ec55ddd2a013f6a77c530de3df0d3f04c3d4ddf14389a64af69b7051d,899713256f7df885c4d173d0227c0b30b29af485da8f102438dc2c977bc0543b
images/non-fire/train_000136_neg3.jpg,non-fire,3c7f4c82b49d38fe602dab7c48ccfad1b7e53168d4c34b46862f0f080113581a,df92c56ec5842f70d61abf671ca7e266bb3db59f9a84a8e6cab970c4d3238dc8
images/non-fire/train_000136_neg4.jpg,non-fire,98bd06623e011af7c908fd7653649f7c214b29a2627767979f9b0d3ed6503957,fc6d394ba17a15e209984de313a0faf158f530b7fa8a1fbafa99cf779de00b6e
images/non-fire/train_000136_neg5.jpg,non-fire,916cb405545c03e302dbbfbf9acfda8b59185f3eee0add4beb767aef93a36312,b89c0af703240accef66105c34800a418506f221924ad0f7294059bbe28d6a05
images/non-fire/train_000136_neg6.jpg,non-fire,4e4cace7872b09889e360a4ae9147446a308b306b5508b05f611f0475446a2fb,eee3b8968930bd843a5c02c657890e1d1e8f6c85b1e372f8b35615fd7f658930
images/non-fire/train_000136_neg7.jpg,non-fire,028d8a305da71c4d7d84ffeb2ea7247952c1a3e076a9c42db23e416f7fb5447e,3a44bb90f98a50f47bdc3a0e4fb30cfac5f7a5380e432acd390ce07c820a952a
images/non-fire/train_000136_neg8.jpg,non-fire,a10264240cbc7e3587a5ca8674e57768df3dd93f3437b5b1c220252f7ae160d5,02d9d41b1546a14557422a58b515338b6cbe00863d4d4b77b3b0455e68b7d92c
images/non-fire/train_000136_neg9.jpg,non-fire,38e2525de1184e581e44a9336d3e43474599719e262cfcb85c1616354896ded9,741e7c5c0cc37b29211f67b338d57a7f9784f5f900a7c3fc57ce9a4cbca4258a
images/non-fire/train_000142_neg11.jpg,non-fire,026f1da2e328426a62dde54a15dde994f0204d1548438a17e8f0798b74343272,9f00f3fbde83342ea5a788252edd227193a75c6b8421b07c3f149f8c28c601c4
images/non-fire/train_000144_neg1.jpg,non-fire,1a38eb0601600abeecda07a6097237e6414f9bb788a49f36738c857d97ae5730,157cfc174fe35f3e15ce08822ca03243ece411a9f28717089eca3449f217468f
images/non-fire/train_000145_neg10.jpg,non-fire,1d65074c674f2dd87ff20201e6978dafe77ffb3fdacf949c6589249dd88c66b9,7cc80af29ee6309a8556dd631f314c339ca0168da9c8ae3d32acfaa167853440
images/non-fire/train_000145_neg11.jpg,non-fire,2401c227c4840cddd2013c96a14d3e68f300bde93f6723306fc0d58b5f95b595,8185c1c5ea9c22ec5846502c43d66c54a04078056047ec74eac22f14256c18e4
images/non-fire/train_000145_neg3.jpg,non-fire,a7ac413fa00c8dbc02d08d5fe38934d4708fc81f8b5ce85442df24efefe2825b,248e51253a335fbbba186493a3964aaafbfb43cccf5fc8e7cce9072f874da3c6
images/non-fire/train_000145_neg4.jpg,non-fire,338e530ca0f2104f341ebe81f82e342c58a99f5d727abcfd34c0f574e4f58ae6,8c5352d4599b7016783374d45b2fdd4d20a696a699a98dc932b44defdd8f16f0
images/non-fire/train_000145_neg5.jpg,non-fire,bfc789b38b56e6980e05ca8f87f75856645f283c69d7f92866b47f2be45ecc9e,a33bc9a84d65d4fab511dfd5d0af5a2abfdb9f589d2c310f2709786774c493a0
images/non-fire/train_000145_neg6.jpg,non-fire,0daddf573ad4103dda2261f479db7085c43c8866e93fa50105bf1627d6b9c8cf,d3dfe077e07c43cdd027bb3de84ca16b0fdb4a6653244c60076ae14e4266daca
images/non-fire/train_000145_neg8.jpg,non-fire,736f7689a3f3218978e8466c8b1cdb44f0c1b6f6b39028b4802bf1e6b3a80c42,087eaa0aa7a1038f7adc243fbcacbabd6ea2ade9ec881196f77308271a1b59c6
images/non-fire/train_000145_neg9.jpg,non-fire,42ab52e3bca35d5c6bd4afd3ef9624185514fc892339db35ac5426d83667236c,2a953fe58e01895e495cdb0e1b495f1448ebe1b3a80721d4e28da17416163ada
images/non-fire/train_000146_neg0.jpg,non-fire,e29126361dd12d410a792f05e5567c1fe2ad060ce348251d60ccd2c0437017b9,840b2f26a9b1dfcacea93843e3059d0e073f993e627b160785ec7f9e586d1777
images/non-fire/train_000146_neg1.jpg,non-fire,687ee2c3f6873e668ec13dd571150999f3e3d31b281cf52cb90ad345b05e7ee9,86c2b80cee562e3c993724a0c6ed9defabfed77fdafea132e9ed7eeb194392e1
images/non-fire/train_000146_neg10.jpg,non-fire,776f71fc06079abb97bdd17226085fdb32625f68bcfe63b5a38ee464993f765e,e0511f8ab75f246e9df9ccbc5b470803c25d5399edac766a3a21d0f8abc32228
images/non-fire/train_000146_neg11.jpg,non-fire,672aecca76b0ae604c9a384c280f660c6a654e96186322b8305e39c29543a028,94ea0583dd2040cd7a480ea810bde1121366d538afbffa041d12f33a502135a5
images/non-fire/train_000146_neg2.jpg,non-fire,87b89fdfee1b7b4791a7f321641c0faadd803b302bf023da47ab4e03bd496d37,028b123b05011ed4978664776e21631b061af78779921adfdf6983881976bcbc
images/non-fire/train_000146_neg3.jpg,non-fire,13706b7a480996be6ea1676216cd7534a5b990dc098f6babb3443820d9109a3c,b7e2a504fb3aff0ad2e501fcb8fc080ce4c8eb4840aef9eb44bbeb953dce184a
images/non-fire/train_000146_neg4.jpg,non-fire,92385e4f49aefc0d3b42d8dcf517405ce1535f6346bf2f2cf96fda5cdd3e4d54,83414ee492c073f55efa51ec5f1ab62fd6432eca6a0e29cd219dc0939747012a
images/non-fire/train_000146_neg5.jpg,non-fire,aa1640504bce586567c5fffb576ab1e8da9db1e3f117a18f198e5d726bf07169,70af006ecce523848e16f6fd811d98776f577f50a57b206c56273f9cc3ad68f1
images/non-fire/train_000146_neg6.jpg,non-fire,e71f88731d489228f501a37b76afbf20b8fb18a9f0020abbe8c335ba98883b80,4eb56996c012a60f04f0f776a2c27c8e2e3796d666c51fc3cd693b374f29dade
images/non-fire/train_000146_neg7.jpg,non-fire,9cb0b32e2bad583fb3f422c44a0ab093abe9975010c6f7294eb76d7df2708c87,8eee9988dfe91dfb95602dc05e2141a0598228861ef70a3fd449af5070c664d7
images/non-fire/train_000146_neg8.jpg,non-fire,4400265acc96037a397e4335481a2dc01aeb2dc2e48818c530898b8e784ab2e7,0a0dd511d6fc311ab834103f2f9f1a1e65dfe7275b07c012721a1ba582926c0a
images/non-fire/train_000146_neg9.jpg,non-fire,ab4df7394cbe5a3ff5473c185b692199daa8d7a2226f1c705efa376a70c0cb08,b8d92588d7c488c2302114c5ddfbdab5a73701e387e05aef61959cb823ba786a
images/non-fire/train_000150_neg1.jpg,non-fire,e55615bacb1e1abec47a72135f2ed8dcb455cde2bde55365028cf00e7a7bcc90,b8ea8a03b30124592a8c3e0911dbe3d87dae8357b120d25823810ec75bc07efc
images/non-fire/train_000150_neg2.jpg,non-fire,4a36bc6e34a2cfe5193004e2c8a98478992e0e4fdca3f599b27f3a9c609ce8f7,938bb03dcb0b535f1248e97b32f8c912a35901d5d1c23037740bcc945a2f60a1
images/non-fire/train_000150_neg6.jpg,non-fire,4abb97ac97809e37a795aa8ba3543e342ce295e4689e3733cc3df7b9e778c872,fb14bfa0dafc2075e65874c1898b4ea738d6271bdf163a18ad9d905f257614e3
images/non-fire/train_000150_neg7.jpg,non-fire,4cb780bcb41de2f147a5fdcc2e8a3dcf98fce32ad7a40d623253758a3a41c33f,5247e7504675a000ddb99de7929114093dc898b888163590c6ef6d25b1b579aa
images/non-fire/train_000150_neg8.jpg,non-fire,ed5cd094460d0c7915d48d067cb641568f3bdfc76b96d958e9b402090143ba1b,aa54103ef7728835891433234461503e90c69623c55716775666865d77f7ca79
images/non-fire/train_000156_neg0.jpg,non-fire,698d0f80f09d149b0072507dcc2630fae104082c54e72c256c8e5fefe9a3ebc0,6f76052f961b3fda5e7bb935fae2706af68edba42563cf5e3e8614bc8b2d4f2d
images/non-fire/train_000157_neg10.jpg,non-fire,b1d65f5869275fdf9d6ba142a9b5fd35edd3e2d4f11fe5e201b360a96ad66205,cb8abb981b876a24e823e74c58a35687caa6e2151ccfafb236acdb23bc2f31f0
images/non-fire/train_000157_neg11.jpg,non-fire,92e550c11837e073755fc5f0e9097c6db77492fede61fe7ce088d407b59ac226,4c745a9109e61d8601c03d9440344ce67e41f16fce0948c3c1bf53798ed5de8f
images/non-fire/train_000157_neg2.jpg,non-fire,f517df181a064f7c07cf76b13373c057528faed8badcdbd65af4f01f9e189ebc,19ef45e1721454bad1f5d1e8172647b207e34a4f2953c6ba2bf61e3f5878a31d
images/non-fire/train_000157_neg3.jpg,non-fire,150c75cb15f552e0abd02519bb827deea8b960123f4a557d33b8f937c69483f2,50cf27d0141a55ea21ef8d5d708cf72f79b43d7a8425a9e441a1c762f11b0758
images/non-fire/train_000157_neg4.jpg,non-fire,ac8282dbe0644a655539e7a9e9ec36a78c2dec574814df543a6d19a123b04e53,6a51fad01ea00ea673bb8af44768a010d5f2edf66985aafc8d6861695f617d67
images/non-fire/train_000157_neg5.jpg,non-fire,78d2d96dd18ab761c346621ba2a853d5f7c6cbb94a410abdc91e308676421a3a,9dadb733cc591ab73d3b641d6a3d33176779ab064c27005ce0b80586c2c89542
images/non-fire/train_000157_neg6.jpg,non-fire,bd8480e3ffbb94a270ae963a28bf4ebdc0b87b850711bbaabc44f4893a57ca0e,36b8705a94c29f125189760396c93c1d1bc54133a9559911323f2f814b8a6ba0
images/non-fire/train_000157_neg7.jpg,non-fire,888d4876070c9cdaead8565be90cfda696c38fb2c1d2b257386cce70b58f6be8,7b381f40918615403d2ac8df9ce5ca6f6117e16548a94eec0e1b1e2ff6c4aadd
images/non-fire/train_000157_neg8.jpg,non-fire,d86ae0d66a8e26eb4afe6ea53f5a234238d07d714dd93f0cad8cfdb67ac1db37,1c1d04eadb2d0192da2c3e8949322248bee4cdd7e2d323207d47d85b1d11c172
images/non-fire/train_000157_neg9.jpg,non-fire,9ec7e4dfe19e3fe4b6c0d4bd7d7bf79535cd0c81fb6037f4bdf2dbef47d519d5,936e4ca6e4d4e5074579a920c35587961054e12057f9c644f97b6a6df1eb6fa5
images/non-fire/train_000158_neg10.jpg,non-fire,605ecf9e065f26949cdd95c40f8901fb5d964e063cb76c59a03e5ac3a9e1560d,1046ea57ec3e8fbb3dd7fb65f498411c5af7c80ae147794b92c63aa6127f6ec6
images/non-fire/train_000158_neg11.jpg,non-fire,47b41b2523d9cef1cad5f63ec3c137fce4c61307d4d2ed6fad667b3bb422b8e3,cbc8d200de12cadf89fb92c5cd791da15038bae0e351cb39481e578ecca2ff76
images/non-fire/train_000159_neg0.jpg,non-fire,edd866bb033192226445f20a859da29714886b8fdf0d6f451e929e0af8c17b9a,7ed23fda8d0fd28b7b1591853b536885efe0f219acf4565e8f839c753bd8949a
images/non-fire/train_000166_neg0.jpg,non-fire,1690c27543c0875ad7d326d4c94aa4425226e28efdb57962cea6e2ce4416a623,d73b8f4ec5267e81361219ce564935baf2503e753b0716508bb969ac28970cba
images/non-fire/train_000166_neg1.jpg,non-fire,1d60002db83490b21e9152e08321e6ff27ab1d25a2315657f05bd899f69919a2,56550508b9b3fe490561bf03e788adc9b01f561c415ae43e80d5be679092672c
images/non-fire/train_000166_neg10.jpg,non-fire,3282296f57bb4db6e6b1ba2e1d5ca5d08165ce9a1ae7705c21c440a2ec2a0e04,97c86e30e33f564a1646fc85c00d3ee77b36ffba49ec48c695cbec9cdde374dd
images/non-fire/train_000166_neg11.jpg,non-fire,e0c3b4666653918120867bba5e48b8641ce275863a270ba0170183992477b3a2,ce9062d836ae4bd46f3e8f59292c7c6e880418eb5754c9034d2f9b214eeb0631
images/non-fire/train_000166_neg2.jpg,non-fire,7d9eb4e4124b82548152143d2604367b76f69df9f61d12240d4942159a7f6b08,11e2d44d02f70692dc81bb93f20c735fbdeb20f26893f8e3cc375dfd07950ca2
images/non-fire/train_000166_neg3.jpg,non-fire,4c0bc65ab979b6a15140922831f1f4dee65c1ead84692877f76f9fda76a7d7b5,177c7edb5f0f6d71935ef5e34270129eb47434deb2a3dce799917dda31066709
images/non-fire/train_000166_neg4.jpg,non-fire,8bbd8430201d036e39a4ba6a36815299ab53d36dabadf3be589876a1e1d0cb01,6e9bc4dd4769a89e4260e2ca0d1f08b60e4094dcd9be4d5092ad167df91d8567
images/non-fire/train_000166_neg5.jpg,non-fire,74d763cf93e36a03356f476ac3328dabc38801b65c5de8d8b5b18520fe4da33b,5476c8a91e989c1ddcc09cac59d2cfd9bb52f91255df64e731399a053c3497f9
images/non-fire/train_000166_neg6.jpg,non-fire,947aa486c55542ae7b75441d7d227f1c222cd110ba9b95f75e41d96e535de112,dc50da6427c3a8c3c945b2158fdea15b2bc40d7a98ab79186a1eb833fd596b17
images/non-fire/train_000166_neg7.jpg,non-fire,916da3367b7f7bdac8115f2dad6bc57d541f4aadb84cb768989962fda566ebe8,ce68e2cdbc9138c26b738cce6b0d11b0d0fe27f7d8c8d98d4de6413a2596074c
images/non-fire/train_000166_neg8.jpg,non-fire,2039d26360ade61e498bcb488768f88ff53949a1ce1282297834aad088c22e4f,18b96ca12363c84eeba599a37ddaf0ad01f84d743e2df3540ad0847ef0a85d6a
images/non-fire/train_000166_neg9.jpg,non-fire,1ad49cb3dc9113019d4267c7e6f97a248deddd73775327280cdde922ad62f7d5,fed2572988842276eb2f4ef4094c5e58bf4212498f5f7ec0067a7eae50adddd9
images/non-fire/train_000167_neg0.jpg,non-fire,3c8c85e1ba6a5c8998208590cb33906ab95577d1d060f3158e7feb530156e8cf,6503e14d033cebd4289a9e433e10e6db52774110a135d32a504786592b176da1
images/non-fire/train_000167_neg1.jpg,non-fire,b182a334557ded5c7792df58d7311ea62ed9fa405bd20d018ab8099a3689be25,2ea1062b2f3d6afb952a4a0b55a16d602d9495821e623014ff2ef479b48f851e
images/non-fire/train_000167_neg10.jpg,non-fire,48ab85b98efdeecdaa924846f0e3b1db9d88ff63f0394186282e889f107be68b,5cc37956b2dabb82b900e4ec88f3535e82e3913d78dbac39a9bbddd579b99fe1
images/non-fire/train_000167_neg11.jpg,non-fire,553160b36d989e915bb3f67be85a7f6a572f4d11174ed0e76e393d07893d899a,7f18f6d651c35cf13e95889692372a512ea60769cbf53b6801afa171aae789ae
images/non-fire/train_000167_neg2.jpg,non-fire,773778beb382da9a2e92c9bfb71535e14c753ac9bca9a7ae0d947a2c06c3f50f,f7ef1143dbfac13f73245e17208b15f120418a29d348d48ff8e3e6c82ef95469
images/non-fire/train_000167_neg3.jpg,non-fire,ebefc9549520edf3e4b44cfe092744640bf04879019150f8a897f826fd8a7eb1,34eec75085ed8192c7909f4e4c3102e27114443e92e06bf116e79458f9a109bc
images/non-fire/train_000167_neg4.jpg,non-fire,bba39d163e34a90fd838c8613c7d5fa34a34389886ec933dc1b4e98fb4a9ce34,5677fde33918bbf91f3b0db8e3f708b110655cb0e432ec97c2c6849ffdf8d8da
images/non-fire/train_000167_neg5.jpg,non-fire,600e8b735156bea0882124a8f7def23ab62e2fae0f4d96973f84a762db50165d,aba9dff31789a541db36baa87b1bafc627ce3a3c575da948974f4008b16f8d6d
images/non-fire/train_000167_neg6.jpg,non-fire,312420d9639ef868b281ec90fd75553b8c2c5196b0ccfd5d11bd4b5ff5cdb2fe,4399c7dc61c9b5a797d80d937933e3d506a42dad0682dba1ea7e5040cdaa051b
images/non-fire/train_000167_neg7.jpg,non-fire,4c63cb2894e8d012c33cb71c7a13787be30b687dd14770f9b84abf3b407c9423,f2a8a2a80cc9d859870564c15bc32b6f26749d28a18c795684f14733f778ce38
images/non-fire/train_000167_neg8.jpg,non-fire,dc15a124bd921867d08200a9added6d3418ee3b9efe252ab44de65c7caaaba02,f094e24bd63634c4df78417f2baabca33b5c4a270ae667b9ccd2fa163d67bd35
images/non-fire/train_000167_neg9.jpg,non-fire,a41a2ea62e3e8023d96110403ff4e14c7128659481ebc4f887b34b78fb99a69f,9e427729c69b59f7d528839dca25d201825ce4cfb56709ae7604fef75b85d67d
images/non-fire/train_000173_neg0.jpg,non-fire,7ebd18cce61769cdf546cd7358eb525f6ae3dedeb69e63a19bad2737378d9c0b,0688ca6adcd0f77621b4c734ca39a594811c717098020ef3d8fee4e6d4051512
images/non-fire/train_000173_neg1.jpg,non-fire,a6d23a01a782896435ec7212b2fb52633b7148d146d5d40abc735e243cc4d36e,26600b50ee4becec86002adb555f6e3006ca602ccf40ec1406399f9da813cba6
images/non-fire/train_000173_neg10.jpg,non-fire,4bf7a9f5bd478896c031554d3b13c2f107066bdc0ba05e2d9226a5c8940b80da,85c737ae30899d10720bc8d9e5307814c414d48b8852b6752996edffe7445e65
images/non-fire/train_000173_neg11.jpg,non-fire,e8f0290f0ecb588f22a3fa1755c5390a37325a2af98ec3838942f5e540067b23,c319534a9e90098a4f7f52a6ed572f6f385ad56e8128a9261658d649414bf088
images/non-fire/train_000173_neg2.jpg,non-fire,a4168c4196688d415de45c29f7395f0c9283b9b52bea8f35effb4eb48d1c259e,bf443931fbc42efa0ee4e38edc4d37be0fc6608abb314db5afdc9760729e9085
images/non-fire/train_000173_neg3.jpg,non-fire,473fee551b3612f586601285addbbb670c072012e949ef5856b8cb8152732042,d57968128da92f6f403664b560fb040495e17663838e38da36f679c5f993102c
images/non-fire/train_000173_neg4.jpg,non-fire,b8bfb7bf8c9d064633d71634ccad9053177ba39a2a0e9dd9e183cd1dba72e789,59605bfd3d811450b56f0b2b7fb610dce4c8d951977947f8303ddc932c7dbbf5
images/non-fire/train_000173_neg5.jpg,non-fire,692d6f206949d3ae79533b1912e8a9b7beb1a563df80e97d1f5b789c0788e07e,26961fbcd0b77fcc6f98eaae94f2fc07844e081ef097b62ea2e309d0a41afc44
images/non-fire/train_000173_neg6.jpg,non-fire,55009e3833650fdb6897a78b452bba7e54bb06d3525a57c3fdfa3a291aa384d2,1a71caee3a52fd8e9260b7e86d96a3a81b25c085d81861ea2f4a783e4d3ad329
images/non-fire/train_000173_neg7.jpg,non-fire,f82e22d3fbbc2e9cfdaed683cb43e3e7551bb49948ca754638c595ca473fca40,fe4df5c5d0b827a557b1790b26624ade13d9710d1a38b21fa18ab37f9554601f
images/non-fire/train_000173_neg8.jpg,non-fire,25f649954e79d4de87f09e6d08a1be7eacc465a84acb00f2eb2c91be99cabc1e,e2cc93f03bb02d2210f21b65002f372801b413a89edd96fc742ae2cafe12861c
images/non-fire/train_000173_neg9.jpg,non-fire,27864817f173d8a8245006fc2b153e9e35ca2e12b91ca9088dd69b5b0bc4c6f9,ccf9b240d196396fcc35b4cd88ca39c358ac2c689eae4d79192d4ef35671ece9
images/non-fire/train_000177_neg0.jpg,non-fire,09de0afcf25e77d18303dad720017fccd1aea735071bd4de7b269337c62eec04,f757443f5798b169e581df1e51de6da7a6ac68f5a969205073e3e634e04e102a
images/non-fire/train_000177_neg1.jpg,non-fire,0850c40e826722209e868f4f84cd17d8122049713585e45a0f7c029ce0e49e90,e994e82a435f94293a0c3b7bc1aea430082d6fe313cd55eac5026ef4fde7e4f4
images/non-fire/train_000177_neg2.jpg,non-fire,39e0a63dc47ba0e52c96dbeb2436efeef7d9aee1698b1dcb86f8579504874e7c,b81b0cc429af796fb175964ee16a11d993676b59390d025aa4b0591122e21804
images/non-fire/train_000177_neg3.jpg,non-fire,f35e19b480ebbff38f90788bf2089e877cc71ba514bb8d41543720887be084dd,70d80a2ac4ed4fdac914c3f2afc4c8cf99279ec12e48574fe42bf2757caf6667
images/non-fire/train_000177_neg4.jpg,non-fire,08815674e557599fb9cf737df8cbe6f62c080afd0f43c1c3fba0a418bcef2e7c,5f3df893b15eccb520bda0463d3e32c8732dc736f6791081bee70d6f33313670
images/non-fire/train_000177_neg5.jpg,non-fire,518b3a3c481adb70493c7bbfdd0e9406c1a36565b1a90b3223ba857b01375408,f266732d620bd4e6ac8b2bb6834e095c8a05066b78c590c315cbdfbb74db0092
images/non-fire/train_000177_neg6.jpg,non-fire,3a6bdf78498ce6489642df569f846824cef2fbd17bb1f140bd98a63e23c1de81,268797498d9bd9ae68b7996d11cb8c49a2c5aba6f7e382dbfc787be04e9a05a6
images/non-fire/train_000185_neg4.jpg,non-fire,8d05bd03e7c20b4b51eab2177b5a02414d47c611776c9b0a2e776fb787c3c939,f070349aa1dd115cff28ecc0cca20e1d99445ccd9d5becf4091867b4850d3d2d
images/non-fire/train_000185_neg5.jpg,non-fire,eb7183f2500381d9386f7c1a0805db10895111f8c7f7a26a4d1eeb7cac642f11,e8b7a0eaebad46c666186dd8309ce62fcf2a1b38e09ea05d627a91ca55b28b41
images/non-fire/train_000185_neg6.jpg,non-fire,f1029ab407ef30f3eed2ccc79de8f6d2a6c956e0683dab4af9c5865a67b1b974,d31950c39aad739327aec23b1fb50f0f59903b11473402a3e6193154150d3abd
images/non-fire/train_000200_neg1.jpg,non-fire,6e6a07808b8b498933e911e94cc4b6c935356f74bc004155008d490665f1603c,0ed7b16e5f1a9e68b3ff3c95a53e8687122941efcdb3ac2f3ab7878b925409cc
images/non-fire/train_000200_neg10.jpg,non-fire,8ef3c822da0fdbb83dff007397b7f7ec2ef10999f6ffc28d1b9cf9d2b5cebd4e,aa1a677f4fbae16e1a6776764f36740fa8827de4d2e6dcd0808f6ca999b71880
images/non-fire/train_000200_neg11.jpg,non-fire,d5950cb79c8ea356756aaf5989c2b3e4c682a7883149446559a4dbb8807a2501,cf6eaa8a3224ae91b8b9d7d6ec6da8a73bb312ed6bc1ca83df8804bbb8a46166
images/non-fire/train_000200_neg2.jpg,non-fire,1e1fa8cad3452317c4d060902c5b69b03ee8c93f1d436547730e7578b095f0bd,ea573f586475fe784c0d606833e12b12146164da9a9ec308101cfdfcf363e6a4
images/non-fire/train_000200_neg3.jpg,non-fire,fcaecb402e9acfe2a9e0f13de322b0ec5ff5f82a02cd623b50e4c6386814563c,4a0743d22ed681de5ce3533c22cdaf49d765f2f0359761c8fe2a3033c7d4cb71
images/non-fire/train_000200_neg4.jpg,non-fire,14003abe12ccd882b97df7b30289330f8dc7ec39d903ed3b8eb89b1d4957b36f,470f83ea6d5f7f0cd5c7a962ebeae4eef4df76f3a1c7d26ed7c723b432de1e99
images/non-fire/train_000200_neg5.jpg,non-fire,74c10ba4c1e61181dc22ed915c69d036e3cf0bde43da915e32b8b8336f7c54f2,4842cecf71339a04b096ce7d70c58f544dbc53366d13e54475603f0142409c15
images/non-fire/train_000200_neg6.jpg,non-fire,b8039329836a5726d785ae32e23901e7fec74138b47511994fd944bec95c3122,2dd3fbb66ceb159d16cd01b1da2ef0163f0d1b9b28cb7ea7dfb05ec55ed83178
images/non-fire/train_000200_neg7.jpg,non-fire,31fe5fc48d8eee6a5f1a18ed1a3f323a830dad6ffd2a7d0ba0f61570895ca9c1,fe9fa5a443e990969bd377f2cdcad817a7dae27e296cb211b1f4c5160147c844
images/non-fire/train_000200_neg8.jpg,non-fire,92cc8f192bc7a058e0068cb0e247fcd5dc3d9fe543308052b4a0c1071bd605de,db293f5a426f676c002f7985c7315f2151504ae1421b65f4ba1c26ee3d2aa2ae
images/non-fire/train_000200_neg9.jpg,non-fire,48ce7f3a4fbd3271e90fc9fff29257bb4a038ac1633aefb90a204815f5aad5f5,d244a3b9703e3112e40f4417a7c65b70168dcde984e1e349c2c6090046200ae8
images/non-fire/train_000201_neg0.jpg,non-fire,b2c936c03d5ea1c4185265745637b161d05437ae580e3d406006a83fa03f0dfb,1bd1fa119acaaa650c937657dcffa261dbce58f15dc8335b9e13d344f1c1ca93
images/non-fire/train_000203_neg0.jpg,non-fire,4d34c375c95eeeed7e3628ad394605495bffac0fba071d1adcaaa6d4c91b79d4,411c2e4a1f0a7ffb591127badb5864b337911b5229aa6f839b526bed946152ef
images/non-fire/train_000203_neg1.jpg,non-fire,ae8a7c348bbbc8c7f1026398c5e0b53984f555f3690d03245091c329a4b96fe9,e8190de015a41e0d4ba6ef1631b6692c2603000e0296916654fe5de724ac8ee0
images/non-fire/train_000203_neg10.jpg,non-fire,2c43420638e6babaecff5212f1a369589ab0e754d9cfbb4f913cb159c2a0aa7c,ef4c533ac864b42546db4e182c91b5b1ba5af849fdcdbe136f3b3a54e2784921
images/non-fire/train_000203_neg11.jpg,non-fire,8a72b2774240a219863fca1f234fb0853c18c1631cd0b6c8b346dae71e53fc31,04705d7f8c2759c78532e577da8e7494647577631c416be38d3d512f54bc0203
images/non-fire/train_000203_neg2.jpg,non-fire,7a64fcfa11ffaa194f6de4ca537be1d4ed3ddeb9efc2cf0fba6567ec081e66e0,c10328ff045c310c9b0c1b78ec9469d64ac37ef1ff4e6a4030568f85cf1c650a
images/non-fire/train_000203_neg3.jpg,non-fire,7bf8bee55e59f28580d45550be05c8ff30902cad05fc1cf00e0a4644c6f20599,3761f3c52d7f184fbe69aeadf754b1b37bb1c75d20305dfa509cd99dcd8dd1c2
images/non-fire/train_000203_neg4.jpg,non-fire,3cd13856ee725cf092952c86be1cf9f74eefbce9d06d2090f8e3f5bc0db144e1,1ae3f0e81e80f9f61ab5ff596b49f629aecb17bcc27d01e7bd7b4002ab6007fb
images/non-fire/train_000203_neg5.jpg,non-fire,4642109d0a0f3719d5c970cc2778144c594f63d6f20ee0f93e1f17d08fc858a8,849bd66152bfa1586c97f294f5ee342f9f44a63371a06659ba3bd483e579a4bb
images/non-fire/train_000203_neg6.jpg,non-fire,bae61b94cc99e0a7e06b244448eb4ab85d5815741cbeb51d5842d54806e110d9,f3a06a14360202119a30ca669fe52efe3c4ef5efccefbbe83d9a3021a5aa219f
images/non-fire/train_000203_neg7.jpg,non-fire,c788dce5e5026c6729703045a12dab564c511f869086a1bdf7e4454d496c153a,7051bbd1659fa0b095a5d3a4e84a358958fbc34d8830bb5de9e344cdc80ffbad
images/non-fire/train_000203_neg8.jpg,non-fire,6de6df0c216f04e5eca694e6e19a1f24902915522853d120f7ab568fdbe94a55,00cca16130cd7f74cdb2c333e4662fdf4f381ed2d52d96a6f4563907b58ce4aa
images/non-fire/train_000203_neg9.jpg,non-fire,11c10e6f9d3bb95cbfa363d56a4d702203fc6f0f768c732ce4a91547ff3fe1b3,cbdd837362f9cc7ccee0758b0032609f0a00ccc2ada29331470f8076efd2a5ce
images/non-fire/train_000214_neg0.jpg,non-fire,b860e7bb28d39e15f778b759458cfc2713f4f8301ca30e5322ef1497b895837e,a3b5ee62586ac05f83bc8daad77e1972a263b8b607fbed16c1fe8d02b16c2cf8
images/non-fire/train_000214_neg1.jpg,non-fire,7634bdbd11832ffb12b25905f6b18e8318bc87bf4141938d5e2436ca78a6f975,633829d5b8e0ca3c3d07ec9ae119ae0d69833fd4cf6edcc150a3baa1620d563c
images/non-fire/train_000214_neg10.jpg,non-fire,f6c382b4bdc7e8e0be1c4a25817e7e8635b1abbf3d618b7055692778fad245e7,b4e7f05955d578c3f06e8d2a634fc7fcd1627e09fdc32586b27f279173268d51
images/non-fire/train_000214_neg11.jpg,non-fire,e48fc6621ba1bc11f1b28a4d2bf1b75c0b580a32ba6eb9a14a420ba6a9329165,8920cd263340edec357692d09184e7626733d41f8afa1a2ccfe9074494b0b343
images/non-fire/train_000214_neg2.jpg,non-fire,739fff314cf0b9d35cb09e35b69c3ca02925000cf3b34c17d3d3354a9bde00a7,53d54b7d5ebd41f70be1be2aa9028232aecb67f41024760f680faf481b7d765c
images/non-fire/train_000214_neg3.jpg,non-fire,810eb71e63f2cda44c0379da2171c0d4bbcbf6b0ce09f65fd29c03f8d861e58e,84452619db5f9d7232289f85230fdbdbb266fe640d3870cc460342c83a53da00
images/non-fire/train_000214_neg4.jpg,non-fire,f756a65a5ad25aa27c6311baeae14dd50403f5b5003588080541a27c1cb24b2a,45c6a8babe0a6c980a779502057f3dad08f93026e0825fb86ae9b234a18bc134
images/non-fire/train_000214_neg5.jpg,non-fire,eb870c209eb3871b4503ec0eaa4daddb857648790b9e9a629977321c24be46bb,3847a8bdeac92a34e1ca363414f90b738e3bd100a57fe5aec47247eabf8c5144
images/non-fire/train_000214_neg6.jpg,non-fire,3cc885e066e64cc68615fde368b55269d2c72767d6405c9a0ee4228cf1bcd9af,3ddbaf75140e993c072e98d736319bae0e959e0700c050949f4a7479f6b680ce
images/non-fire/train_000214_neg8.jpg,non-fire,5276d4cf2d02452f5213733e752472df2f3d4b160175e2f8a0f0fc15882b3a46,e720ffb7b2ebcf5c63bc90319f663806e846897c7182b738dd57395ae38af1d9
images/non-fire/train_000214_neg9.jpg,non-fire,b391e05139f9b276e4806143847ff09a2c7155635c193cf779399a1c0b5ed32e,837a01711977d00dd46d9875618d04e5ca4a700ed37f334326f3adc3a05cdae3
images/non-fire/train_000222_neg0.jpg,non-fire,7d119b62327e0f0c814a33b241dadeeb61698e02a3a45ade9a8f91a806e4c97d,20dc36ec6536faa35a49105f3a9825d7fc71ef2f75aa5c6160f17f913d142369
images/non-fire/train_000222_neg1.jpg,non-fire,17a006b754e7e9fc139b158cb908a921903dd1507a8226e923e70d4089d25c27,26d2ce9dc6b6ed220dc138c3eaa32db62bb6684be1bc95424324d2b0962b9f78
images/non-fire/train_000222_neg11.jpg,non-fire,12fcbfd61db4850506a114d727d2f3ce12a89793511dbc99b278db9d32d21e92,6ef786a0a29ef80ecf127536d6909559b781188d2e1f77cb048f0365bb455913
images/non-fire/train_000222_neg2.jpg,non-fire,9cd66ec6bcc463be202a26958b585cf3332b80b1a954acc43060e3c7dbd75a28,35e2401a41b680bc3c7a7ffaf6222e2ef38c6ce3fcbb6d6c356b7645b2906721
images/non-fire/train_000222_neg3.jpg,non-fire,36b75c1c918d2ec0e6e39dc3a7d9848f62da1f91076bbf52bc9f3ea5aece3648,d910b4ad7f7a79418d0277a323f3a768f4b21ce4ff1158730852d936cff5125a
images/non-fire/train_000222_neg4.jpg,non-fire,ae469169c21eac1f895812e8af1fb995240d708735acec1b21f51929b3341d77,01a837b1f4c39c967798e53b9e60775930a17539d5d54cd2c2ce55783cb715cc
images/non-fire/train_000222_neg6.jpg,non-fire,c32da60000e308cc3e5c0a66f3b9e56318451e885351d81646c872810c26678b,42443991484f12c7eef897beb0d2ad78dad79d686adfa7d433c397586eb29da7
images/non-fire/train_000224_neg0.jpg,non-fire,323f7f51d5709d0fb4a5f6c7e0a65177183e4e3219caa966b309ea67076f4df8,a8ca0ef6f41c5ab06701cb8c81723332cb693d8319d5bb107ac5cf6eecdcaebc
images/non-fire/train_000224_neg1.jpg,non-fire,f66aac876960696aec74cb3e534d30b4280fcf1c2bf030b848b4983007c7d1c0,3372687a4519df52b13a4e1f5d329e5f659ab8b70e70acfe1a402a71758c41d5
images/non-fire/train_000224_neg10.jpg,non-fire,269964b63c35c423d5de2ce41524f444eedc434bfc32a3f312779f87e25a36a4,634e92ba798c170d2902272073fa8b042d3d685c51129edebabae15219133c7e
images/non-fire/train_000224_neg11.jpg,non-fire,9fd8d8df42856fae434b1ff0fe7138ff0e6bd525b3f82865d83d9bcc5aa396b9,9d8d2d3293b005ee13890e72fb5e95a5df8c2c490037319194808f141bcf831c
images/non-fire/train_000224_neg2.jpg,non-fire,bc1e748bb4da22bb63f50618360aa030e39171b286a067f3341623b62ef679ff,f8fad32b1e0399406fb30cb2daac8d3b15dc7b882861cdf5c7dfd33a496ddfda
images/non-fire/train_000224_neg3.jpg,non-fire,db023e5558392ebf6bd16225d0be6884a28252d25b14463730032eeb71989f2c,85763984ad911696885eca114d8f2d6e268728b548a988e340968b2a5f1b6b6b
images/non-fire/train_000224_neg4.jpg,non-fire,8ee2d2567ad31d80a86e227b89af03e4b03cc03d98d1f8c04a37eb56a0d852ad,eba3136ccc59dca5bb5e1be221eb0d393cd7d0f3372f2c3cf5adfee0f07106d2
images/non-fire/train_000224_neg5.jpg,non-fire,429e47f2fde467983d29b4df1572fe8d564e360174970cdea5d17e4cfd7c6e3d,ea96e5a36de455579470a01d6a0718cbed7ac21e1d91dece1d14aa8dba0b8a00
images/non-fire/train_000224_neg6.jpg,non-fire,99d6ee104b651e75ffc177f2e1f45333ad2cf1c85361a19d4789fa02f7072d9d,0ebe7618dc40c617c09513f4b5141395254f51d08021641f7fb923904b1f69dd
images/non-fire/train_000224_neg7.jpg,non-fire,e15f43c1429935238dac29e5ba56bd4066e96981a8b1c367fe6119bc843da827,f994f10d4c015967104eaec4a1f0ba714ecf8193729c0e89ff902ab3edc6c67a
images/non-fire/train_000224_neg9.jpg,non-fire,60c218d199d646c40fa23bc33e4cef5d9d636fc62ea34242e357f2a39145a08c,0f734820031eb1b66e1eb13bb70f2228be53685d47d65fda1be6f9b23c98bd62
images/non-fire/train_000234_neg0.jpg,non-fire,d4ab4c99e8a7f8b5c9b1693acdc862ffc7030f3f7479275d13a8ddcdb3c8fe8f,b2350efe054a59b32d68ccba012e07a107e451ee132f65118c07a4d6aa830d0a
images/non-fire/train_000234_neg1.jpg,non-fire,3da1162ea2ccf8bb8bb951ce1e9197258e3af8b01c582b4105d19efcb5d2870b,c7f1da9d508f9b1cfc5e83f71d60775c31d00c5b1dd335eda9ed654f95c2ea48
images/non-fire/train_000234_neg10.jpg,non-fire,c3da487f07fabcdc8c3baeecbe2ec9e0d0aa9dfa907a884334cfe8e343cc7a19,4a3579d36a51ed11e44da381b45ec8492595e8d404d32a20c5466d207f83e52e
images/non-fire/train_000234_neg11.jpg,non-fire,b0e94193b8c201b058ad0ec811a70a8a17a314527258693298c672de77f11fab,e670790553b872662e404c78bd9e7ea433aac9ee47f1ee3c17dab8dd00113738
images/non-fire/train_000234_neg2.jpg,non-fire,cb51ef2680e2a96361d385708b92cfc72ee66140905705f83693b173e2d86700,74cd28c5c0962d79abb38812fee1a087ba620c33eacf8919b51f840b82e838b1
images/non-fire/train_000234_neg3.jpg,non-fire,9bc6bc94aca8e24601c52ea4e6903ae8b88d4974455a4376e10c4e66c087f809,26f9dd1d83cf46105e33cf83c2394659960794bd196f69539ad8b91d7ed0fdd7
images/non-fire/train_000234_neg4.jpg,non-fire,c05b7efc720a3a2f4e45259ac2991ff478028863b2eb097f15cda49cddcaa652,c92008fe2db862433e699199905846937f8569dd3fd6d35fd1f459b87e13c682
images/non-fire/train_000234_neg5.jpg,non-fire,5e8f865d788f38f2cf1e853aca6879a9c2ef96b059a01e9cbc0449c33d975c2f,2503bb0c732a3e61aef4a84706ebe0a1b34b5dde6f1b28812e84c01ea02847c6
images/non-fire/train_000234_neg6.jpg,non-fire,4dd51ffd75f21571f210056e786e68f197097dc585cd2e25379be064ac5d215d,61198eaf78d2c4ebe0b1aae8029f17cbfa349399b20772cec53e36b935e548f2
images/non-fire/train_000234_neg7.jpg,non-fire,4e145da19843ff95107d0c356be91db5d183a80e3a2da258e779a3a8b61167f0,f779afba3b2dd36877c524f0368bf47aaca898d4b22a381eec43f01b9d0c6136
images/non-fire/train_000234_neg8.jpg,non-fire,ed2767aaa18747da764bb0a924f2c4f5df81eac93377f3fca44f43f907e2d18e,767460f5ff5ae78b6a3ad5a58c0b37cc30cd288ee9a35a4c702e4583a2fb6b5c
images/non-fire/train_000234_neg9.jpg,non-fire,d558d8aea8bb679bb86b9f67ae5861ef6d7955623f2172f429857614cdc56b84,e3ccebb0e8c308da1743bc330d9bfd685eee2b796ad8922862b4bc484f180b74
images/non-fire/train_000236_neg1.jpg,non-fire,da7a43afb196f1990db1033f205d460b05ab774618736b7757e9e0d07aad4248,1281c4a8ba8a9f52182847ad0eb6ef98b78c7cf6f550aa0c5aa032be33115b4e
images/non-fire/train_000236_neg10.jpg,non-fire,ac105551e67a7055340b5baa3a8c1f50e162b59d07f35954158969957eadcc0f,0a974c6bfd918c72bbf7086b86d4130a3e63c6de585bacdc60cf3f156101a26a
images/non-fire/train_000236_neg11.jpg,non-fire,0c20066a598072ef931e4b7d0c40254651baf1843104aacbded614acc9e948d0,8857b4c4adeb4f0d56058644f9083332ba27024cf2614e4d1249a71f31e9c159
images/non-fire/train_000236_neg2.jpg,non-fire,4c3b471e3a95d81ad68075fbbd103784c46da6e68fd60c86eeeeceea89017905,6e7bb23880c8f15ef6070d2ba0b6d6c4b97a1078075138e615b90df2bb1ec195
images/non-fire/train_000236_neg3.jpg,non-fire,c63644ed8fbcf386744fa50ebbdeed0c0a99895ba9f63eb609cf003d49928a81,5bd25a4dac524b62bca838c66d2352a8b4a05fa61af11db2a9dd4a7ac29d295b
images/non-fire/train_000236_neg4.jpg,non-fire,92f545b984f1526e99f9a6d4a43eab1c0e06f5a8e0b8f6d115ca64076b8c431d,d0a69eff341f1c8139d1368c5d5369d69c93ef8261319ed51c52687b783c67e8
images/non-fire/train_000236_neg5.jpg,non-fire,8ee792f5c6db576c954020c45cec14a2e6c64aff5c00756a557f60a420373d4e,8bd82a218eb728728c62c94185f6968532a61e576015342bbd4e784533629d57
images/non-fire/train_000236_neg6.jpg,non-fire,ef1ef3180fea7952629b942e82f9d5d811c9a99b90f94885fd8842b8cee326a9,ec9eb59e8d7413091c3dc1811992dfed2dd1bc78f8f3350b17e43bc376d6fff2
images/non-fire/train_000236_neg7.jpg,non-fire,cb0b7b741b06094b6e15a94b2d0e445912d1e8d64a3129419867e74d32c012fd,72ee7f6d77da153fda30adb33eba0eb184f04a8eb12f4bff277fde8569a33447
images/non-fire/train_000236_neg8.jpg,non-fire,0bdaef26a36678593384d059b77733c0d04ee95010b5898e275d9a20b454333c,976a2df7c60b4fcee08750a55e06728178e7cb99d1a6714d0a3c44abe07605ca
images/non-fire/train_000236_neg9.jpg,non-fire,5b7ebe3c7492b3435ee8ed33122c58723f0512570ab63d7d8a783970302fd1fa,70811346d83eced4a57b8b59a0a3f3e8075c53395a4561f538c885502ba5a7b5
images/non-fire/train_000239_neg0.jpg,non-fire,e14f1b29dd980559a36ddcd3a835df5a053fa62b7a7b57a6868b24b19534cb53,8107b05145791f07e0bd2e7c9ea9338409c8c00e40b0ae21a10cc0b98cb4309a
images/non-fire/train_000239_neg1.jpg,non-fire,e02292d6279a387ad9f5a718d86f30e7aa469a0550f13be89e306755785b549a,657cf1b04296f145198596a4ed48b0a08bffe2ecabbe488d7a24c13aff3967fb
images/non-fire/train_000239_neg10.jpg,non-fire,83744fd912caec423d4e8def6a65650425dda2071cf7a20ae30262740c7e0758,be4f93232986ce8f5554b6b2a1780fdafeb00631a204195e322429157e92f43a
images/non-fire/train_000239_neg11.jpg,non-fire,e35e069e19d4af09ae0216f62bbc7414bdef31daf8a8897f298cec4b5238f2cb,f87720846de6aa800bc1938b4e3491b6732436e28fd603babcb2be6489434f8a
images/non-fire/train_000239_neg2.jpg,non-fire,b2d19b99cbf1142207789b07bba4de92a9448f553205c5049bab0f27cd6caa06,aa77c01af8aa3c97b9bd3d4d0fb2a0e3c95d065af37e4615d365dd2e3434fff4
images/non-fire/train_000239_neg3.jpg,non-fire,d3e33d47d84536336c4e181eb56629e60815af45388edeb7dca666a8b922bf5c,0cdaa80a74b62e743589341ec48c00affb2951e9e60536b67aaf80536b641d38
images/non-fire/train_000239_neg4.jpg,non-fire,d2cce5b9e933da245ee12f6d5cda94e122140cb3b8ee2d8ce8aaefa9cd1430f6,51a45e0cd25fa225736d9e9168b9061570eb7d520d3c972b420e935343f83440
images/non-fire/train_000239_neg5.jpg,non-fire,d4cde78b2cd49e73b308ab93ee3fac262206a130d42d1367394e88496317f559,d79c1e191776bbe6c0f7b9b7ae39b9df90daa8dc88ed22053ce0f85397211934
images/non-fire/train_000239_neg6.jpg,non-fire,6bf157660fd5aa4ae55cebfcdf2cb3ef63b8e687082f6da66ef0643977eb3c64,2173d80316c76b2747033782ffe6acec6552e46cad7a7701d75a5216e78fe8dd
images/non-fire/train_000239_neg7.jpg,non-fire,f2473b51b8b5e40840eeffad0458d4a8a88adcbc380a0d3dccb2c138d615b88e,63ee3aa237c8ac3b710d4c095a9e93ac96e4736b76b7c296e291c37eb8de8f72
images/non-fire/train_000239_neg9.jpg,non-fire,df959c1841eb1949e9a5e40c4a7486146044193f35e97e50c169ebc320bbc863,b6a9fd094e1783c8d64d38d609897f834e96d83c645c2f14802e2b2eb739eb11
images/non-fire/train_000242_neg0.jpg,non-fire,de55f5ff92bd73d611a17d86b1ffe37a9fbca654817a0359b62509bed48502e8,7dc2e3c24407e00775ba18f1d7272e58a8892fbfdbd0e616c1ecd213c598f916
images/non-fire/train_000242_neg1.jpg,non-fire,486c8ceb48b3524cc09c4770ad36ef5cc46d097a2f84804284edda331a200219,acfce2ccbc0d3054f4a705c470e36e3792cb27a539f3a6207b408989cb47deed
images/non-fire/train_000246_neg3.jpg,non-fire,852abb9ee491b4e34f70966d7efefb458f492973ae9248592c0ed6af251684fe,c689f25d0add9240b1a8b7db2092c42d3e7713be6e9c07a570d93143a495a622
images/non-fire/train_000246_neg4.jpg,non-fire,b153e1dc059d9e0cde1399efa4719213e581f03d5cb9334fef37d10d433ed7d7,35b1bee3edb8c64d8e94f3ef06ec3af4fe4590f2dcb8744a5b13a7de8a3b3ff2
images/non-fire/train_000246_neg5.jpg,non-fire,9fe1cd8df81b30bea72961d9dc98abcb81c14f4b7b4f77f9e786a2d28f90cfb6,c9d0c73e19bee101eb96f96e9fc742afe0087e2d362b01122713b52783cc681e
images/non-fire/train_000249_neg4.jpg,non-fire,b2f7480262870e0623bfddfc611092fec2ded7198934d7ab1c0189dd2723b4bb,617613cbfee074a247c8937cd930dc32221dc22407cb8806b8af9be4cf2ee0fe
images/non-fire/train_000249_neg5.jpg,non-fire,5351fcc033c945e2f17338b80ff31a8b5ea3f3501e0a3d38ca6d1050ba3f1060,85c4e4fd8f223b620fb8f2a3fed1d950a1199171a196ab19e80963120af0f342
images/non-fire/train_000249_neg6.jpg,non-fire,1b7d8dc509a59606aa299df3d43ac4188768ccb33651e4f5f8354507b90593a4,3dc19064541f14b16e4b7f8e3679c7545a026b98e0a7bdec872c641752c6ebb2
images/non-fire/train_000250_neg5.jpg,non-fire,0880596fe48081fd0a263773410a36a62a6d647b8baa6f5eb497c24393c14281,03d7b89f01d44399f817eb015939ad7be9d9fecc2e28f07257b8872aae1a029c
images/non-fire/train_000251_neg6.jpg,non-fire,ef319c75d0b4c8eda6c79ef1afa371c1bbaeb1bf08d374d0d7b0895a6d946a2b,481b5e383af9e164d234482148944c11cdc31669f7bc956ee4a1c1056b1e4fbf
images/non-fire/train_000253_neg0.jpg,non-fire,f20fb9f690e65855b29448ca1c3050b4200d5b7b73e6e3fe2a34e32d0b68d288,2e53ec81c26ea1239e580a8a21947f7bfc839e5318b08019f33be20b31d0c66b
images/non-fire/train_000253_neg1.jpg,non-fire,6d24f67f8d0be583d0e5d5b93d20c9b9678af1e0470f35859634c9a95bd34093,571be03faec6441ed1f644be5a4299a23b214fbd3fdda3674ce77b7635463294
images/non-fire/train_000253_neg10.jpg,non-fire,0531978f72f02a787e4dbd4a19309ece6e2d6ebdc4cb7d6fe4985599e837dbc5,08d71a10e569a0f112c5a3c869233c34cb90c13af33f437a561fe69a51a25c03
images/non-fire/train_000253_neg11.jpg,non-fire,849e7acb18b80bcfc3a2de782c4bb34b1e80592c1fb0c1384ccb1c012c3d64d2,9cce75116d464fcf18e95d4c69fc184b0c3783f9cacad3f0c44a51d23fb31a6b
images/non-fire/train_000253_neg2.jpg,non-fire,5e89dfa278cfad27952b37218af1be1b893be5b5e981b69f379b67104e22c961,3c7a47d1b3cabe569860f75464e39d757067758b93a126fa1b1dce97622ad808
images/non-fire/train_000253_neg3.jpg,non-fire,1fa26f982c47e33c77b61c70054667e6e5b8f32798a3a08b54c43a16a9d6c16d,c3f4003ff83a5fcbfe6d947ae95863886e1241f2e6caa096c01b1539f277b3df
images/non-fire/train_000253_neg4.jpg,non-fire,eae5835915f9ace2dae2f1a9de42559e50e5b5b2c72a73434cc0457c9f143327,29f148bd0f2b045ffcbe2e3f0c3e023fbae59b6e24169cebb95c0b5c2a586085
images/non-fire/train_000253_neg5.jpg,non-fire,aca4a23e7dcd22eb53d96bd967a19780688adff13290ffa53caae2b4f1323082,7013bc86312a24d9d7b9a870823212cb7fa6bab738ad97b3343930c2c20824d3
images/non-fire/train_000253_neg6.jpg,non-fire,8347ce8abceb2d278b7b1052d349652bd885af8c2913b58e8f90e4d03075f04a,2236da07fe96efbea83b2f2dfe4af3c515d9b1c7eb0618286ddb2bb5673dff3d
images/non-fire/train_000253_neg7.jpg,non-fire,46d20d7e8739ff9950ed35b54306f20f34771fb5aedecccccbc4af492d2bc5c8,5dd66414106e9f273712c92de3d0d5d6308f1ca03ced5f8c88b44d98b31b2a1a
images/non-fire/train_000253_neg8.jpg,non-fire,b3691c4bd5057fd56504fec53a9c0cd6ea6a96c8940e72ed5c2ac8b69d8b0c55,da7260b4c3f1210cf3653be16d89e2d16d28dba751f6ffed1a66c6bf680edfc8
images/non-fire/train_000253_neg9.jpg,non-fire,8e5341a68f11e0185071382757e3811baed8f7ee5247cf47df3df1f5858aa7ed,01dc954e423f4b6e6d145e61664d23a499f5ac04c23df1496939ebf730e5d3ba
images/non-fire/train_000256_neg0.jpg,non-fire,4ffd77622db843e52825a92ed32463b1b19b0dbf4444f84edce66f9296e312b0,aa73c49c1e092ead4f44559669536775095873c985a06fbbe1a6155bf2a92f8d
images/non-fire/train_000256_neg1.jpg,non-fire,190b3161d621c43e79e2a819c56972f06939a6ab8f138b6298ec6cc67f1e3b3e,6704e8936631041a0f3451cc21cfd86fa6f3374e47f083abaa19c5f5f1a5aa22
images/non-fire/train_000256_neg2.jpg,non-fire,5b6bd3e1d0979c74dd360973065a29660af748baa97390a97ad518371a81e9dc,85bd36d67422a9f2e48ceeb82e0ff658b6bee2c0967451a2ae295bc3fae08619
images/non-fire/train_000256_neg3.jpg,non-fire,8600f86b310fc9fb0132ee1e20db7d26ae4f08f384f4d09b95f42da4b163950a,144bd4f3c2465d8cf2ec916d939034145b58b5d446d534cc120ae9befafddf94
images/non-fire/train_000256_neg4.jpg,non-fire,e0f7ef8c47c4b58127b390999462a467414963510e6d2f949844bc26adb33387,a2a73d0a640f33b03e3c35e30d4748b9ae81d054a965c72c610370c74da22d67
images/non-fire/train_000256_neg5.jpg,non-fire,7084376d7b1338e779c6dbc046686b4f8c76e564abb56778bc80217d1d72032b,527de57a1fb1af036d5c765584bcc84525daf30f0bd57f1f8af3cdd106d0a8f5
images/non-fire/train_000258_neg10.jpg,non-fire,c439b4d6a684af120e5664e2ae980db50d4e535916eb9431e9e2f19bbf9a868d,ff67dcabd26d9cdb6210569dfdd8a778fc3d03cdbebb956a740f2ad563e166ee
images/non-fire/train_000258_neg11.jpg,non-fire,2840f4dfd51277b0d595c00a45f1c2276e0a6d04cf1be10a48b3f943d32a97c5,cfddb7383f400fbed7e40a43802db14495df5161589240fca51a2842b3138129
images/non-fire/train_000261_neg11.jpg,non-fire,b99fe2044c4df0cdea77b2e326645f873dfc1b687f8d329957b48ea06c310083,ddc90990f546c082e057339bab138a85fccf4c07bc94e8c41b2817cdaba2d193
images/non-fire/train_000262_neg10.jpg,non-fire,96b089a3f739e19490f6fa696bbbfbefc2551d58cdb0567e846f96b2bd0a8b20,59eefe28aefd2ed4fb4a7c44c1d94d73b98f68b496c4338e1b0815f33b794c57
images/non-fire/train_000262_neg11.jpg,non-fire,b6190ffcfc2ff817a959166ccccd82c2378d3e25f8f72a8c75a3889ba7997208,f6000bb338adf84fb628d215ba7b1397ac586fc7b1c8d705b6d747c6006f5d59
images/non-fire/train_000263_neg10.jpg,non-fire,58a9156b7033115357be7570457c4dec7d414c628fff143ee398e6b7f2f43fad,1c5004266bba2b0ef5b293eaee415c5516827c12810b5d71581c4965cd2cc1e4
images/non-fire/train_000263_neg11.jpg,non-fire,07005b15c64429a65d1865e1956ff3395b446a7d59793149ebb97e50f02911cd,4597d77457e963a378f93b31e39ab41710a0e51b851bbecbbf74da75ca105144
images/non-fire/train_000265_neg10.jpg,non-fire,0156046763d1f70573a9b7bf93e8bb449aa537b5e68152ab6c65df07b76859cb,26e462ea456f1abc38d554942217639878c64a6f86c5f6b1f1dd3491b3dae504
images/non-fire/train_000265_neg11.jpg,non-fire,846ed07821c0b63d8b8805dd0790e847aaebd8bcabc211e5de826a4934168739,ae106bf8ef7dfc4cda57f129e31474d6c0b38e5670c0c884da1139e4cda9b93c
images/non-fire/train_000265_neg8.jpg,non-fire,f46929ec044f9133a7dea818c89f372cf692068ea80a551523b9d862209035d5,339457aff067691d4470ac3572d1a04450fc31d745baa0f4e5d97243dbac061d
images/non-fire/train_000265_neg9.jpg,non-fire,5a2b863edcb336a6315068e4412c4c3d70be10f8a0d7d11d101497145f4ce4e9,da4d52571acca71862fb76b91404a2fb264fa15c173480b27000f83da5891f79
images/non-fire/train_000266_neg11.jpg,non-fire,01d4adf6d77d2a15bdc1ce3e409193c48f9277c322b114291c57c1ad2e560e63,699b5d4f37e9d626d82961d33f5d5cc9dcf8ca5eee324989c918783377d55cf9
images/non-fire/train_000266_neg6.jpg,non-fire,86bb37056c026c601c246312eadac79f1615a683628de9967895cf33c0e8566c,44e71b36cedbedbaa144eb244ee849056104ae7783d96508c37a43c63e3dc91d
images/non-fire/train_000268_neg0.jpg,non-fire,d5b9219d749cd6dfc33efe5cc583f8c01d0c647771a8b0da766b7704fe022c2e,5f6b6bb768f17c0157726eb8b9bbcd187e8cdcd770f693cf4a771cb95568c978
images/non-fire/train_000268_neg1.jpg,non-fire,cbfbcb17d341ea27d739ef8f07c9f6a9a0acf7027aac3a73af09959e82aaaf64,01bd8ae9e709654ea19e1c1e750aaddf2c5788fe66f8ef61c69a548b40da3678
images/non-fire/train_000268_neg10.jpg,non-fire,e8f3e9493e766625245a19872be040159c19376ef21236d9a1f892e6d205d5f4,5e93bb4b7137568fe2f746ed9e41c9ed2f9ee9d46779ebc5bc6802205b544558
images/non-fire/train_000268_neg11.jpg,non-fire,1eb9caed5c69dfde7fe7ee26c7e6d2b9b53fb44fb0dad9b4f13de2dd01333ee7,93b1c20aeefccad6ff2d54e7a34b48b8e52318ab1741c4a762acb6e918e7b5cf
images/non-fire/train_000268_neg2.jpg,non-fire,1486d4afdb9b7ad93d63853757a8db03b2e75dd9c640f340806657c80d5df77d,a91cccee3b4d5557b38041aa591d568116be448c7e5612de567c5150e4d49b29
images/non-fire/train_000268_neg3.jpg,non-fire,31e58cf480aa2fac354e2503270eb983ae9f36e9663de6805d82f8e348f36d08,744ff33afe2f8f3d77bdd9524f301d5b5407e870601a80e726b99c18ada00ce4
images/non-fire/train_000268_neg4.jpg,non-fire,dd97520c10a74b0fe584eb98f9425ade420ad7f3f239bc428c1e0f4f43937918,e039fa9f05fa5ef60cf1eef526c71fe977ed61b01afdd784182f271cad08e6af
images/non-fire/train_000268_neg5.jpg,non-fire,7bb010f2f7e37cc26ff6b98317be3e3b242f5c3055c695a5f737de2f410a58b9,9e30867847d7416b3b8c7a1280eb30473732196426ee0e08cf325e8424945252
images/non-fire/train_000268_neg6.jpg,non-fire,b6e2cb3829537ff612cc543fee8d55c2299cbadfa2bd9f4e86d9855d12a654a1,f42953581b8a1964b3667d16c0a8c4f7c72ee3dbdc7442a6d6b92ada904ea72e
images/non-fire/train_000268_neg7.jpg,non-fire,50dc85a033338d178e86471e5b4619216e1ee6a90fc8e651ce7392694c3f2065,c56be9cf1a7031d566338eb1cd2a0d8810f485c1cf5bc2a9b46fe27041105a3f
images/non-fire/train_000268_neg8.jpg,non-fire,53d0a0a8b693d90a03121700a75fc3ec8637a6f4383fca7b44d8db7366f2a745,12cabaff3b1dd2745c2edc941ac9fcfe3a9fd867a1652b135c935dd5a78cb89f
images/non-fire/train_000268_neg9.jpg,non-fire,fb8fecfe3a34ed6aac777e727ba1a329593f588f539a54051a0db76d94a0c2c2,1c8e812f5fda987781a4a0a53af09a9945f20cf08c93c2442108bab630dfcfaf
images/non-fire/train_000269_neg0.jpg,non-fire,02189a20d34ab3bd68b94348fbbaf1a7133115e614341776e9fa5889a3bdbe6b,d115444091ad921ad297c15c48144302240e283dbc46177651803ef0e4aa27cb
images/non-fire/train_000269_neg1.jpg,non-fire,1a0383274712a147d58ca954b2e03c8780967ccf055b6d6a757644eb57a2bb0a,6598ad6afea15ce049d2a28b3379b233f49db8464e026cdfe2ef6f8c07626af5
images/non-fire/train_000269_neg10.jpg,non-fire,3207e697fa83630f3ab7ff558c1e03ff1441427b2dd13764d2814c1cd9be6a42,70a5a7e26bbb0bd12ec3a4b8c01518ffd66939ff262c04c8440a3de412dff353
images/non-fire/train_000269_neg11.jpg,non-fire,c92221186529a45ebf42ec35375232c60be0bcdfce46c16a0210dd218fd812fe,1e79e266d00175474cebaec5f5225749f9050c1c0ce828df6cb7233cb413840c
images/non-fire/train_000269_neg2.jpg,non-fire,ed16d29e15dce68720768dc1d6768b186e4360a1dc0d4e613ee2fa4b74c625d7,549ff39c4803f9a2d93e2ef9a9fe51979ee51aa9c393eaf6853dc5c48dfd42dd
images/non-fire/train_000269_neg3.jpg,non-fire,82799a4237889f7366eaa0558d60178da5ec75b7c015f6e6e3926f4206c923e7,b32634582ae246516de08f2d5715c737e0819bb230b724a376dadeaacb31d3ba
images/non-fire/train_000269_neg4.jpg,non-fire,cf8dbf4c75c0244ee8fa45e8e810c783222c56a1f82fa9fe05351e7a7e039c3f,18d9644bf2a13db668541a4a8d650696b2f495826eb73e4c2d088ef7fd5fe6b3
images/non-fire/train_000269_neg5.jpg,non-fire,343b77bd61c592451e8c7c15095fe5d881632b67f59f90ebf116e379ca79663c,c8f1134e6ca07c1b79a5075fc532e7b5615aa59a980ce8fb579c9302367f7623
images/non-fire/train_000269_neg6.jpg,non-fire,90c17031dfd9537f5f8067908d84f5438cfbd20339d19696a5ffe8d5d17b6cce,3c1f78bad9bc08e43a774a8944c1ca0c56295b224148cc9446a0a0141fb2c913
images/non-fire/train_000269_neg7.jpg,non-fire,ee19693fcbbd13686879ddd1e03e0020a04e42a682e890159eeb8f99288bf20b,ef34e2ab0e0a38ff52ccf2f2cf584a79e402142c4bd23741a3aa514c11ded3e7
images/non-fire/train_000269_neg8.jpg,non-fire,8dde06b6213dd9df1e5354a3344331013e92f79e965db83b664936584ab29384,0e2b03daba322422b1a900f82a7ed18c6f0285734044c737fa96f16697ba2174
images/non-fire/train_000269_neg9.jpg,non-fire,10ca2e59490bb698f94edec52784a2c21e90f174af26d582d94af56cade7e7a3,b3cea127399f3bd8b6f95772d282dc3c05016e213e45e4594fab4a345550aa8d
images/non-fire/train_000272_neg0.jpg,non-fire,642fa01228db5412539b8d6eb8631d0689caab956235ffac7de883dcf509b300,4e0398e6fb3bf0c27db101d90e79ae27bac911f49c2ca2589a0e1e61c5b5f01d
images/non-fire/train_000272_neg1.jpg,non-fire,8e8b564b1abfbf5d20fcbc7dea1fcce3b95e0b498044d220a998efe8406e19a9,a08896a14e492c85a23281bb25f987249426fae2d2489351130a8106fe4d8286
images/non-fire/train_000279_neg10.jpg,non-fire,b366d3d864045be9af26088dda63036ee29f56428e64d42470906adab0949617,45ddcf39dd9c7335b41eff0998cc6246e64c45767b0dae30cee5a624071c4eae
images/non-fire/train_000279_neg11.jpg,non-fire,0a25658d5de4e61bd9e0a4f6344e6a159f004a9540d26262efa53c4eeb43905f,b66d5c1f82d0a45845e3988f64494f04fe5a0abb93aa747063f0962f3ab20e5e
images/non-fire/train_000280_neg0.jpg,non-fire,e9a339a3dacf5cc883713fe89ee27be2ccc85dab09c52857b47698f03f656c0e,54d00f360d28bc2b4f33cbeb53c15c683b93866687ffbb07733b6944d230bdcd
images/non-fire/train_000280_neg1.jpg,non-fire,39e4cd2be40499c8dc2a0beb1dfad803c746915e8c16c046382d3acbef16249a,d1c8aa98bee62dcc24357e1470dbfdd740d932ec7cc34b08a33137dfaeae5d30
images/non-fire/train_000280_neg10.jpg,non-fire,3a0fc0411079cac6a4f3e0ab84ac25ee47db756466b39e78d72c517ee653e4d1,9c94b9516799186764c1ac01f23fb7d22add93137889e7c2739b954c72692078
images/non-fire/train_000280_neg11.jpg,non-fire,33f51c9d3cd916bd84c958950bfddfe1f116236428da03e34a45c860dd2528fa,920ec6b2eb857e3546a8ce865623608aeded63c98ea16b4e89f1ea339613ea49
images/non-fire/train_000280_neg2.jpg,non-fire,425640a7729efcddcee5895f683ec2b34a5b63de5b3fae12737fab620acaee9e,5472ebbb6c913dab06d339dec1af95f194d0d14dfdd18d82743dea55cf44f919
images/non-fire/train_000280_neg3.jpg,non-fire,530e9a68e2c0e601bafdc0bf863918d4b362b8333186b19695ffabd16225f4e2,9a70e783e0466d06b39217a7dff8867b7a5b4ac5a047c546aef7325aec29587d
images/non-fire/train_000280_neg4.jpg,non-fire,430540c18d4f04b6f56b547cc9d3c7f3d7b2a3e7c01683f2ff0a03182e8551cb,09f95530649ccad401809bdc05575c9462984bbe2ca0255f84548cc36cf85c4f
images/non-fire/train_000280_neg5.jpg,non-fire,db10c2740fcf8d3090c49ced920284c436773335f0b6d40c1791e1c8d3beaefd,0df6a44bf52b15afe96fce83afd354f53d518e914914af8c9c77199af3a151b1
images/non-fire/train_000280_neg6.jpg,non-fire,8fa164e7ccab0f5df133bd4826110da3fa02cb2993c2f7e6f913fd1bdc775e98,2be52ebc7c38e87a04ca90fe23fb0ebe00795d8ecb6b0e8379418f5b08dc65d4
images/non-fire/train_000280_neg7.jpg,non-fire,5ec4df9c3c7bb1bfdeda2db183ed02980840f2746535137b1ef6c6c0e917c251,b0c378cb472e83d36b18772bbc2fc65ac8736d274f818f0ef696486ed60f3e39
images/non-fire/train_000280_neg8.jpg,non-fire,32a544b36182fd92ab3d37451c762bec6675917171073dbb19729669ea48e5bc,36191948810d7db7b628fa587bae761834eaa5476daf6923eb8c5d760152ccd6
images/non-fire/train_000280_neg9.jpg,non-fire,21503b87bec3e8cc1eb24bf173fbad024a799d3cca194265bb8d9dc12eb1baf6,9de89db76caa92ea60fcbf97711e78a6a0a7dc3179f1923a57f814de1604a851
images/non-fire/train_000281_neg0.jpg,non-fire,c2373be6e3513b93d086abd5c660707096508a74d1a0bfe494f95e86831d43fc,65585c5b1e0dd2e7e84821ab5e6c6adb58d405fb3189fc29d1124add6f594cdc
images/non-fire/train_000281_neg1.jpg,non-fire,e6b6abfeec7d3d9f3bd59ac4a1c2a1f21a547d25296db797c4603f53b8cf8b03,c2b81167c4baf5e4df9e6eaf67e0c5ad6b68f4fd75978373cfee9a3b608ca6c5
images/non-fire/train_000281_neg10.jpg,non-fire,307a2c611c40b52f459f464fb5bc64efcc3a9132447de2beee0d717806276b9e,01fd6f5b092474d5b175cd713aeefe4564baec50fb609c51c7aa093cd48cc835
images/non-fire/train_000281_neg11.jpg,non-fire,46fbb727cdc16ab6ea10660e43e6169f35221bc25607f3e6b95be324d48dce51,dab4c7f5d4b7f1cb138cc226599ee1ef94b1dbb2506fa5b78ea5d5be788eea88
images/non-fire/train_000281_neg2.jpg,non-fire,3180326df71e47b667f5b1008c774555af00fe9f92a77e02d8afa597fb479368,40c9140462cfefa5591ca6cc0df20e05ba97807df9ae520209b32d4c3c01b320
images/non-fire/train_000281_neg3.jpg,non-fire,87a32a09f7274da632a1750d9e367e4685dbf8af45523113129bb2d06f8e09ec,dcafd7c4c12358d7ecfde4ed960344a0f807cc73fa234b40b35f7d7c44eaf7ac
images/non-fire/train_000281_neg4.jpg,non-fire,0fc77c0c4b1c1175354acc985d5ec3804aa45f6687010e747def1b445850861b,365dac6a10d4899ebe85cef47dd2d7fa10b5a6c10804120c25cfb6fc766f0f0d
images/non-fire/train_000281_neg5.jpg,non-fire,2962c6af750553e2e8c8669b9fcf1df6e3f061cf948d689c491331f6b97f77a1,cd85c5c7cabc628b0c19bc3d765dae5489e1f41a4c2de4e92dcfaa8fd0f8a1df
images/non-fire/train_000281_neg6.jpg,non-fire,55ad233705336e59093e4642c7e2aedb9d9f00664276f3f7bfbcfb346b8cc884,af5a36a3e824d90128506dc77f5e2c2edb6020956d1c8602f9f8d4b95bede75c
images/non-fire/train_000281_neg7.jpg,non-fire,8347191b69d8541add9e1d60e8785ce35ecad3de967d1a092a9e3340828b34c8,9c8020346a3938f1001b402ad1c8adad03837e3167a8683e489658db626105d1
images/non-fire/train_000281_neg8.jpg,non-fire,93454eb4034c2fe96ef3862131a0f415f2a513de40c5fdbf1940f324150d2c9a,8ccfeeba5d1dd286fcf391ed73f251b8a5768313f09f6b1bb3d04bc54395b0a2
images/non-fire/train_000281_neg9.jpg,non-fire,5918d8aeea3feef580977dde4581fbf7d2dc8d771946e9e9856befaf1d0f2e47,d657c5ada7556412260dc47f1375c3ad48a91b4020db211ccc24c61fa86f7025
images/non-fire/train_000283_neg0.jpg,non-fire,c9c35405f44307961a9833aa7d60abe1c9cd0b18e9d33e132fac1bcd79100e12,03d93eacd1d2e951930a1c754c0eec5963f394c40218f87c8b19460b8bb3616d
images/non-fire/train_000283_neg1.jpg,non-fire,2b641e644ae7cf516bfe2264ac928cf802ef4370bab053b9216acd9587424b7f,3166138fa9d64ad3854a631e96ab66864a95f7b9b80d9e88237a1e209b79969a
images/non-fire/train_000283_neg10.jpg,non-fire,25f6d29a9303d36b5013db91360634a75f3864c95be6abccb2252f931cde0703,648950e50e504aac8f22e4ce11d3fd049ad4fbc92a95991f975e9164510d2ff5
images/non-fire/train_000283_neg11.jpg,non-fire,3bae107d7f030339f1b362a6d885036c938f64cd11d44f0120ffbce3d0c095b1,ca082d0954fa2fdfc2f01f06f2b2b26ac52f9962f72c99f3fabe3daf9f4b9485
images/non-fire/train_000283_neg2.jpg,non-fire,1e6847d11a239eba0c9bcb72381297088f81162f140461b3362da0926ea0ccc7,64cfb2fcd49cb7b647939da1f06103471dc112cc15eeca936fe8076d9cfa9625
images/non-fire/train_000283_neg3.jpg,non-fire,e8e47e7964d070acf220422106601f4f3e0895159d70c2c3f14a788915e0955e,d94dc5437f7b8b7425d539aec9c9d74614f4efdfbb51ffb605cc94cbdd5809ee
images/non-fire/train_000283_neg4.jpg,non-fire,1f44110dce634ac51f8ea09713800c1251a3ff77ded82b8937d7ec432897159b,c113937652afcee2f083163059ed16daef888ff83898852ea8a13b2a3ceaeeca
images/non-fire/train_000283_neg5.jpg,non-fire,f4bbbe776101e31bee92bba380417b3660c4df0c64cb77694fcd40cb6ad51630,4c502bc5b5ccacb3794bb5ae6958ee1c4964f50a770564224d6ef20f5602f37b
images/non-fire/train_000283_neg6.jpg,non-fire,00e7f227fed950edf34a7271b221edc5f652ba60c438bad567dd2a950efa46bb,e05dfea7cd03b05dca7e899eb9f5cfe952b05894db69fcfe5f5c76c525574856
images/non-fire/train_000283_neg7.jpg,non-fire,9c1dde3cbb97fcc7b90ed0be88a92377da4c81d942bbc3085ce6e9c09af0f205,590df9dc7797d4aa84a989d6bafb21fbab07901ad679a05ab547754f9827b8db
images/non-fire/train_000283_neg8.jpg,non-fire,46ad6cb4a8efdbfe2cc6741017d439c8430cad165e2af15dcbd1bc83f77a7c89,9caae0f27b2be07f1bc278feff81f0b90ad83c1d05781c4256bc205451e93e55
images/non-fire/train_000283_neg9.jpg,non-fire,dc80691bbb7d8b144f536dec5c5f6800905485f100cb05f270f116d01e791541,7edfb39b1eb21d89252dff4af74f840ad06bac0bedef6d548bdcc528da2d0494
images/non-fire/train_000285_neg0.jpg,non-fire,05e919ff1c48dd29e99e1d5c87098d0dc754020001acea235a4e6b39034724e8,77e68bf635d7922f89ea29ae1a4133299a65ffee3483ba2ca1205aa3b57e91c2
images/non-fire/train_000286_neg0.jpg,non-fire,c3bc3beeaa65d874aac393e1f20184f10d543e9325aba0b19e2ea5755243d81a,47dea07e67c8622d69bcd31271f48d96f3ecc340bdb8f470eefc3043df2d898d
images/non-fire/train_000286_neg1.jpg,non-fire,2da4b62d2952fe4ec2f65b6095bdae9eb28e709a40a5038a2575435f8171e75a,d92d2d1551e0286f557feb1c4db15993f33b3b041cf666c299eaea57f9b38060
images/non-fire/train_000299_neg0.jpg,non-fire,ba9784021ffe3e53e87f236187115faadffe4c22877e76cef79b29183f854842,bbd1227adcebe0e269fcb73365dd8b988e19b198b6a237ca8e1a9f536a6c3fc1
images/non-fire/train_000315_neg9.jpg,non-fire,6f4bf32df0e30f43290fee8467dbe5a52087fd2b678e27ab4b203d195b850641,2bb2b95f44229de9cd35c0cac76be12221aa9db4bcae955d0f2e818660b9efff
images/non-fire/train_000316_neg0.jpg,non-fire,952172ef327f339ab9d371f9f003759826f8a0f7e06057a5f6193e8ee901f759,576e843e3a921da44238a68d7d69cb598303d7bb5e4066da04fdb65de8bd9e14
images/non-fire/train_000316_neg1.jpg,non-fire,6f9b890a9e25ddeb9b554c1c311ca62f05327efe2013b2ed84a70e30353c66e8,06fd8c9fe51b11fd2bcd4f682badecf424a536983c20450e24fa768b30ec86dd
images/non-fire/train_000316_neg10.jpg,non-fire,bc84664d9b7b4eba196eca279d80820cc2795a34a37f7b1a14ba7b2ec5b5efec,e208eb25ccf5004c7fba3519e50cc477601bfce416a8dab1bbed60f94a666a7e
images/non-fire/train_000316_neg11.jpg,non-fire,fe04d93a695c03c654488238622417894035969a4c265197790b99793ff59dc1,c96c7f64a5cd28b4da0cefcb118240fbf06ae91e88d604cf9328face18012760
images/non-fire/train_000316_neg2.jpg,non-fire,9023ceabcddef4e68041f752670fbb60a12cb804d53b4f7c1690cfa706e51400,a6ba8f3b8e2bd6aac566ba4bd1210a98cff2c399d6104e0b70a0f135c6a1f459
images/non-fire/train_000316_neg5.jpg,non-fire,3906842eb18825e0e0da960a22249bf12f4b8710e05169bfd7093705f93f8713,c7b4f6f97b08b6dec6dff2bbf374891a8d74f8c9d539de473ab903eec5a2595f
images/non-fire/train_000316_neg6.jpg,non-fire,83ac66689fb783b6c116acf07314074b4b296d50874ddb6365824daf199b4190,e7110797151e067344d454d301e60bc838e5c0bf631c14afd59febc901f4c42c
images/non-fire/train_000316_neg8.jpg,non-fire,579611d9bab1b253f6090d2098c2e71d2ba15686ca7cb3ee1b09dbfdab7c5e32,c5ab90095574d8acac0ee11490135956cde284ef928d91d30a369efa4eb5b915
images/non-fire/train_000316_neg9.jpg,non-fire,12670d10edba17c803189ec1edae521c78b9616f3b535f662a364536c1428c13,2e6ee27fc9b1f62e2c57d81909af11b7e47547852a54f45a2d2e4be2c380049e
images/non-fire/train_000318_neg0.jpg,non-fire,fb61ea96610d5e619761870b2a96ca16d49fbcdb2ba062c45cacb4f55daf893c,659a642ad3d2f0e60722482114251171b83617b4adc8043915e470ccedeeef6f
images/non-fire/train_000318_neg1.jpg,non-fire,5863880f4ec1c7df80ddb2c8a5e8c3773c26f96e25992d1695245ffbe368c2ae,7e766801c64aa615410bb381f003f30b6c9c238e28fef145751024ce6a60e9be
images/non-fire/train_000318_neg7.jpg,non-fire,e0e5a66125676e423dfc202732f802c54304424de04cc2f2f8eec4c7fc8242eb,c82f9a95284ccf2525c9bcfdeb02a3f6cc817ef98d986f49eb086be66b8c39d2
images/non-fire/train_000325_neg4.jpg,non-fire,2f18108b756a19599bc1cf95a267a65256d8756c0cba7d3823d1743a4aaa14e2,5d89bb9eaec24a33ff194eb118ca17db95b26f85b3d16ab9ef40d93fbac48702
images/non-fire/train_000325_neg5.jpg,non-fire,3f8b74ff83c8b49c7a3a2a411572e4bef8eca7c53effad55c9fb6695a575ace4,55cea5b6620ae81409fb2d2aa132f3dec930687c1edb32ee542b5ee19aa27347
images/non-fire/train_000331_neg10.jpg,non-fire,674218ec59d231b543d9e962d41b5673fd9162ad727a1c21cfad98c5712fd0fa,3f14c45a4409bf3d724803ef2fe3c9d7d07feb612399231b97c4adea65342152
images/non-fire/train_000331_neg3.jpg,non-fire,669bfbb92e44e7d70394d9205259934d37f89db064e7b2b461cebcbabf01ef73,bed1cdf50acc75fea814cc771398fc58161bb7a075844c23811ff1f4c54bcd3e
images/non-fire/train_000331_neg5.jpg,non-fire,646bc0828fd6aa1eaf0fb42acfcee52f09ad9591270ed8465fb62a02079b4259,b23e6071a8ad1ff364651df5ccc1fe15933f559ce6ce68312ac7f18a903c9be2
images/non-fire/train_000331_neg7.jpg,non-fire,640a037b7293859b81c2720fdbb94795f841489ce66c755de15b86d34dbeb4ed,ce23d24abf7c3feef5f8d9590f29d3a372ed47ee8aac701bd91e956a369b4275
images/non-fire/train_000331_neg9.jpg,non-fire,364b6e0abe1217a6bf0e0d67eece13c2dce0de71a100656b9f7ded2beb6f55e5,1d4784b218fb358f11afbaeaa0fcacb1658f42b893a99bc22899003be05e1880
images/non-fire/train_000333_neg0.jpg,non-fire,dab9466d6f9ff4b2632a66eacaff44ff0125116ef21aedc6640e41b9cecfc6bd,e60b649b4ac1df9551e949cb69b93fac78cc042211d53c02a5288416881fbadb
images/non-fire/train_000333_neg1.jpg,non-fire,073f7dc0ceeef76dcfcce95dc820e35e7f080d9f2c6f62cd57185a4134c52c21,850126f04ade40304e0851e8384cba86bf9397258ea75957f74b963b05e1c819
images/non-fire/train_000333_neg10.jpg,non-fire,662af425d5ea99ffddc84be343149ed663b869266811839801d2a0269d5b5676,222d1f677a52a26a94efe9d041951e8e00ceb241641ad8ea0339e7906ddab12b
images/non-fire/train_000333_neg11.jpg,non-fire,c8a395a8a753414a48656779e5a86bfe1ab77cc50fb55da820b8e3c6bbc3f174,e796608726130fe86f5321bbfad41f225a924185ef817184e413eef403a2b20a
images/non-fire/train_000333_neg2.jpg,non-fire,51c2da1fe1c462e98a027fd745b0f00bff2885e694a1fcbd77040c6534c762cc,45f8a3b87878a70bdc01a9a5a065c3ffe68dd102aca18ba6040b8d6abb350d16
images/non-fire/train_000333_neg3.jpg,non-fire,dcf1c689f351b7372baa62aaa01e12255c3ebf6b835ca0fb34c7f122bb782dab,9e06fbb7c37d7e93ea69181124c4cfa1537a033a09d0d4be40c82a499e22e1a5
images/non-fire/train_000333_neg4.jpg,non-fire,1538ba770d77ca9f5a6298d243acfdb7e7f5814b1a69dc48bff948c6515ccf53,e26f4d5f4443d006862c796b3a47382e56f432da68aaa3e40bdc5e4ef4dfbf43
images/non-fire/train_000333_neg5.jpg,non-fire,e1f60bdcdd3afa5ddcdc4619b3cd7cdcdf8f58144725decffccc7ac739d45ded,f999781a8667bd7152470256ac889ff9a598b02e410129e7ee1bd2791afe46a6
images/non-fire/train_000333_neg6.jpg,non-fire,4d10875f28a0bd405472b3ad74640120696cd6fc1587c212ff6baf9d873ceadd,568489d81ddc87cc74585efe507e52cacceefc906cd49cd2ae25fc4b7691132d
images/non-fire/train_000333_neg7.jpg,non-fire,d8f1e973e06bbee0750177d0c9833df74dea6574fd8e6b2b2f4f1962e45427c3,23d4ee2abb9b3176e46442e9d36e12df1aa2998aa182aa69480049165dc7c6ff
images/non-fire/train_000333_neg8.jpg,non-fire,2525a91c531dbe78378e5bc3a787f14967ab0e9e44b8d51fcd5fa2201f37591f,19466d91d07135b090539352a688dcc9c14a7a7661d389eb02c2c1d95619b908
images/non-fire/train_000333_neg9.jpg,non-fire,ef391f7c79d7a48a4d5d7cd6b814e1861f3cd95ba312ace74a9c524fb2588ef4,7909e0d999447b9296238cd9897f46e25f36ba378d5c609a149d5782d51a5ece
images/non-fire/train_000334_neg0.jpg,non-fire,d60ac5dc1f4a70e2b54c02bba20634a434add3ea50f2c4138a0ec983d6c04ef2,672bb43ead1f30b122ef286693bf4f6e846604b6fb25705e2ec6eac25931764f
images/non-fire/train_000334_neg1.jpg,non-fire,3bc43a1243a48b704198ac960a20ebbd6298b96419ede9d5b5d2f93c1d9e4f41,e9d53a5f610d586a13e9d8eb518715619d29cbba35c0bfcba8a7d3eb4973c2dc
images/non-fire/train_000334_neg2.jpg,non-fire,6d1738e2e3f1857d73ef8e23cbd67b82e713bdd3398edaecdf87cad7a326fbe0,4cf59bf2d5468364f1df2891ed040a088606da49c9600d52c8bac9b62d6698b8
images/non-fire/train_000335_neg11.jpg,non-fire,462e88da068e01603c368c4e3d1304236e7e8a0482d2bda9ee4e96a317a1a44e,8f1e84f1ad50c608d0ca1ec4f97f78082798d3e64734a68072f2896ae611f1bf
images/non-fire/train_000335_neg4.jpg,non-fire,f9cafe5e53723fa7227f19b160c6e2c965678345a9d010b2b483b57230d7f6f3,673446d12ace53bf7415fb2d73e10b3f9a45d94c4e055ad1ab3c1182a8829d2e
images/non-fire/train_000335_neg5.jpg,non-fire,a4a20e3bba8d881088c0a79efed42ee844e6f78c034bb6229fb18674692a65f6,b6ea03e49e9c325ac203d83162b1fbad47f68e86e0a6ce887c318085862fb5d3
images/non-fire/train_000335_neg6.jpg,non-fire,1e8bb39055e9a2bd3d9a6a0351a5ff5289f13c00a400a0c654b1a871fdf3762a,c043eaca43d54fcea94b3f39154600e408af2ca201cf21b2bc693c8cee37e2bd
images/non-fire/train_000337_neg0.jpg,non-fire,1d1d208dffd341a715cdf792b74fb3b96f203f2fdea068e88fb0260919c48407,27100dd52fed5cbfb96150ebf5693b18addee99ce6a40f91a5ca111551689c95
images/non-fire/train_000337_neg1.jpg,non-fire,6271296bfa86b6124e23b223ec5a5d61b94284f4099f52c44fe08cc0600ea37f,6f11a530380a7bde3d01496c13a43a7921acd59f4a92a103f627b92cf1e2aeba
images/non-fire/train_000337_neg10.jpg,non-fire,abeb3658d8c2cefe19316071eecc14f1440838dbb2bea236b441c415658cb4f1,a4be83c633194f96dd3e82144b8bf23f50f3f753429e248e9e374637a83c1d3b
images/non-fire/train_000337_neg11.jpg,non-fire,08a2398838d6d343b8680dd1e416127397c92598d51d784489b960c482ae6030,5de585f718ebfc79b6bf33c56e66e701821c3192f2216def0801ca0c4ff4a299
images/non-fire/train_000337_neg2.jpg,non-fire,a0dfc7e672f6740bf8239d51dcca0775fa5c4c12b3481757c7d97c6e8482d974,451b2e5ff6520fa1a67541fcda5f05bb2f247ea98797e6da7fa1789db1ec24ee
images/non-fire/train_000337_neg3.jpg,non-fire,b93a526b3a84a1ec2177bdb0a8e1f19b8abc470b293247bc792eca115496c849,eaf0122e180bceedbfaa9b0101c4088f765289167bf32b42f3ba215c5020500c
images/non-fire/train_000337_neg4.jpg,non-fire,ec7a58fb25a42e33a3a0594da7e14c69a1bd8a45e5ed157bd3b621d802742fa8,124e7f86cd3dc9cc84ab7245d4a3c46e86b45c139e8153d57c1826de25785344
images/non-fire/train_000337_neg5.jpg,non-fire,354577bb2e82b2f0537d0cc9b3749425f080e1129becb4a1bbabdac1173ffe07,7fdda1075e5e7ac9a35e071784425412e5ab41ecc813e155407f6843fac859bf
images/non-fire/train_000337_neg6.jpg,non-fire,1cce880cba34fab94a0850d0c3fb26a7b8ea0a9ab72a2c09800b4d178cca36f1,2b42fdeaada88ee9cbd06dd906f3a2c695412d9d2aafeabdac5e72e6fb396000
images/non-fire/train_000337_neg7.jpg,non-fire,2f849d33b22f7ffe4ed9155d43b4f8535f7796589cb259b955a78d5b8b4f5fc4,1b4800963cefae35d1f73fb749f0846e899de32bfc4320caeada6fc2b33e2713
images/non-fire/train_000337_neg8.jpg,non-fire,248bd665ae44245d2c24d62fdc90a48c6a908e35c5ca4df03976c77d13bd7673,6b382fda795ad70a38d6b6ea9d35cdb8dd495362586bc62323846342c1112f46
images/non-fire/train_000337_neg9.jpg,non-fire,de29c86d7542e807e649e4d67ae165131c4c79008d0e477d0a91b37a842e8d9e,b8097c36d64eeace54a983d10ccd8213c5b079b4fefc39da4d154d709cc09816
images/non-fire/train_000338_neg0.jpg,non-fire,66c173fb67c1ed11ec56b9f4a2cdc89e5c8c249a7a76c0900bdae6535a472c79,8a597ee3d96785b0018884169b532603098da048023424761e0123e837e1894c
images/non-fire/train_000338_neg1.jpg,non-fire,157cb37979109fa8de43225baa904fb32f962ac3818db25239a693a4e9f08abd,cb9c6850de4d5bf746f37e439890e7b106ee86c2724f0a5111c4f5f0c17b481f
images/non-fire/train_000338_neg10.jpg,non-fire,068efbf4f642aa18681936d9da3e65089c5d4867ee739307e3cddc9e1b278d14,dd4a8895045db8406f858e0bb40df360c569950bcf58ab423662699292f09fa8
images/non-fire/train_000338_neg11.jpg,non-fire,f99e7684f3b48d8b3a834da0b2091db720e9454220e6d77f98414b7884504530,dabf6c7b5ade160c01e6d3595296aa798c79e8b508121778a2929e2920ea4a75
images/non-fire/train_000338_neg2.jpg,non-fire,8f56a75692cb06c5f7d2a87c087ef47b72ee67b92e3863d6b504ac7ac562d558,adb8ea2eaade823867b5b0733ba573c0146dd7d49676d6458cbd11bf92078f3d
images/non-fire/train_000338_neg3.jpg,non-fire,d3ba9d892a4e712f5dcc94e06c201c03ebf05b351fc976d0f56249d3f84abcba,04d86d44dc985a0aa7941e14fc6dfa64b497e24e3c4094e932987a7015485d10
images/non-fire/train_000338_neg4.jpg,non-fire,4ada819b0da64d270328c8ce387cf2ba2006b611d87c43bc96e560e182be26b4,d8604da24e593c9022eb909711c8888283ba624ab6de18a77461cbeeb6ca3705
images/non-fire/train_000338_neg5.jpg,non-fire,1fd13ee31fac297de4b04846aa1a2a76052ea56d0afc4fabc94bab890593c050,6a6ba1682c70ea56c6c9d9effe63eab108de82afd92b40892c838b656a8c8e13
images/non-fire/train_000338_neg6.jpg,non-fire,a143ca5ce508b72853d8c375283684e5911b49946f0811e5bcd7b3c0e842e659,4f8423b6baa67805df0daa365e94e1f1cf08835cdf7180143ca39d2de4fce948
images/non-fire/train_000338_neg7.jpg,non-fire,9f8f46e645d70a38cdd606fb0259d1fd132ce343c77bf36900e0d439d18b0ae9,6ae21f73b5aa7efdc4565630fb9cc050c68fb562ac3c902ef44dde5ab38c8569
images/non-fire/train_000338_neg8.jpg,non-fire,eac751f7244787c4c44c1c3ac7af811da7572b393ed9eef3b3ed7cb616ef8301,31c99af1b59aae15ea4180109b8980f3ea999fa48e272cca639f94944309778a
images/non-fire/train_000338_neg9.jpg,non-fire,283bd0a99f0bdb50776f3ab9ede4781c6c5fde073475a94f6c5777f8eea2b577,39f5d4192b73d7a2ac9e75cc05be7af85785f014faca9d7c6878dda36a48aca5
images/non-fire/train_000344_neg0.jpg,non-fire,4cad40ceec20989f181487afb1227282f622cbe25cb5d065e0196f1682ef5b13,6c7b69959de68c0361ae31edb191e2299ad69c1ee2640d2bb3fd2949f53c8551
images/non-fire/train_000344_neg1.jpg,non-fire,c367723a7d13cd2f821d4345842f5c9d91ccf92645ca7095ff3655b3e235cbeb,b466eb211ea389dc85809567ad0a7a62f56c2f8229d4df8ec44095e5ae1f0d9a
images/non-fire/train_000344_neg10.jpg,non-fire,b42dc7f274325be8d0e96a17c59bed86cadbeebb1f628c0db9b58a3e47ffa1bc,d62f6672c84265af4f27232e07d91bfeacc3bdcc442909e6d3fe304a83d2f5e2
images/non-fire/train_000344_neg11.jpg,non-fire,4e7692e8f78b388f54508b83391d2e058a15d0b931ae3f82eb798b9576c19dca,4e0ed918a917aad5778f652c169389f1e2593de840fa5258604fac70c203c346
images/non-fire/train_000344_neg2.jpg,non-fire,de14fc21d77a5917edca2639d5b3c13461a11bff055d6a4bae6d721f56f289f2,fcd2ce96847e5c743a482c0d4a0099e686db3bfa1aa9bb46bb701db691f1acb0
images/non-fire/train_000344_neg3.jpg,non-fire,135a7f1c8977491f691b1acb902471dd8e4cb188a601bb67f86b0f6b2169c9d8,8e703aac31cde06e1011c386c298c657a9fd7afef2248606535fcb5b4a1a31e7
images/non-fire/train_000344_neg4.jpg,non-fire,36788a6c33f052a0a26ba006e8f423300406a685e7a4e39a993ddcf14f1b9d80,4416d5c116de9dce6380b78f3f96fb67608e67ab282813013a494d4df911a446
images/non-fire/train_000344_neg5.jpg,non-fire,a9bac88a0eace8ce49378eee1498da4566db7b1f0fff3d7d9155bd3fac7ba920,11d25841c81029ad8b6cd000a528767326005803b33bf1839fc21947c2040ae8
images/non-fire/train_000344_neg6.jpg,non-fire,311441d7300a66cc0a6dd732db28b2e89d0105ba281fcaddb11f6608691604e0,74e374ef3e33a1e3d09e4d293387d8936cf72516f6f368b7309763531eb5e0b1
images/non-fire/train_000344_neg7.jpg,non-fire,6c096fd4968b590f1c0ebe6195169795e754b94b1ce16c4a4b0ba5086e210e38,4c69a68c0456d23417e907fb8c49066276e5e20b0e692fd5af2a81f5a1449052
images/non-fire/train_000344_neg8.jpg,non-fire,ab6e5525886a8b8813c97cfe70ee9774e31a900611a050c65115270a86269ca2,ebc5feeef228e4daba78ad821ea4a40652eda60cf6340d994d4104407e592421
images/non-fire/train_000344_neg9.jpg,non-fire,c2b2b9f77143bca3ec18292eb2c00b7d288ca562feb7c1e7b5545c942445d398,a276e998916cd5f37612b36116786562fd5eaceaa1a1d7b409f0af709ec03bcb
images/non-fire/train_000345_neg0.jpg,non-fire,f311fd89da1bce4173e920886c70e1f9b503ae39434aedca538b74067c9a0671,0d661e0d78bf52935817c20c4090b6b629780b80f3cdf920f23e3fff35ad4733
images/non-fire/train_000345_neg1.jpg,non-fire,375ce889501c802bd4d8915e56941233278eb4e1aa85f8b455f46da354a0264d,95866b4cc5438c896a7179ad1a97166c283cdb8b053641d991c509e4b2b7d759
images/non-fire/train_000345_neg10.jpg,non-fire,26e978594d06881bfeb086775a0db45d9e1c2aabe952cd80056957aef7d1128c,5082ff2dfd499adfbea285943ffbe23e032dde7159733238e5030ca4b1cc150c
images/non-fire/train_000345_neg2.jpg,non-fire,5efcf5d3b8e29d9641e88d41fb50b9fa4e01fd94e11ff548b48766d827b3ea6b,bfe758dc11467307127689dd4694a02fbeaa3487d70efaeaecbf0d43684aab15
images/non-fire/train_000345_neg3.jpg,non-fire,9805743c04cefb743c3faa5fcc001631fcd56b5359cb7882051e9e9ea104965b,93ee0e61d2863725838928cc45aae371b4000c9d36489a228659e10b262cf235
images/non-fire/train_000345_neg4.jpg,non-fire,1d158814262f1904241dbfce402b7681748f436a8498c5f81cde9c17de9566d3,f42d716b962b414e39b62003009e7fb2f3cd6416e6e1fec7378a24fa51b3baa3
images/non-fire/train_000345_neg5.jpg,non-fire,d81fe252d49519dc9be42c10a173687d778d45d0d007138c4a2ac9645d9f1936,ec5e7ad795e562d15ca555fdf28dad5b61c77a38cb48b28129fa10eb3fa920ec
images/non-fire/train_000345_neg6.jpg,non-fire,f830c6699119102489fa59ab55f5952104ecc980b4fe9afbb6039354bafe72b9,cc57cd49196185ec4d078f4dfc84c6becf1645b0caca1d229f77293db5a2fbde
images/non-fire/train_000345_neg7.jpg,non-fire,4e8f6b3c862c70db70ccd7b4975e515384e02650dfa0441b555d9734be70a40c,c9b0168d7198b13fbe6351c9aa4f7db736bc6c9ac27aba2c03812bddb77fcf25
images/non-fire/train_000345_neg8.jpg,non-fire,31be3f9fff650e0396193c919f30904fb266e3174b0b9f722445d490b43c6670,a5315f47762fb2363e98ad62d27e4cbc3521e5974eb9469e251290f78e58c970
images/non-fire/train_000349_neg10.jpg,non-fire,58318d3131ddf79f7e20ee84792df7cff28bb1e96fa76e934d97a0218a216c9d,d4957966e7111877eb1c6cad1469851d2c6b94d075b4a0f4452befde5917b815
images/non-fire/train_000349_neg11.jpg,non-fire,c1e05b3c388b5a713910f52625d090bbf4eeafb10668e959fcf8f9e51cdc024e,852d3b596c1c297ecda9f0967115edae8c17f8d4a14a00a1b2e9fed1e9e1a241
images/non-fire/train_000349_neg4.jpg,non-fire,7b1cd3a6460c91ca76e49a0a4f6382a498fd4d9d161ca79fc0bbd76dde4fb9ad,127394ab90cd4332578d52e45e0fa1ec1d8f380fb9db62087a4313b99e729c02
images/non-fire/train_000349_neg5.jpg,non-fire,0ee4030dc351882f6bf90033d1e6c6609ee7670c634992f6aa5a6c8679f8e2e5,d07472f0933812382b6245cc1e14e5466be960c88bbdc5cd4cd9340a458775f5
images/non-fire/train_000349_neg6.jpg,non-fire,4da7113ea478178ab43da890a133bf439fa0b32dbc522be73de3e3070c5773de,fc093a9b8534da684b982860ab99e48810701f3f70954bcc45b59d997cc52094
images/non-fire/train_000349_neg7.jpg,non-fire,79e8ae813b3c52dea80906f3a2d3b140e79d513f359b1d759484e749eb2aa793,ec5a720b1454897aaaf8b42eb9d9af75d9d887a6cba1b3a5ed203ce984e95692
images/non-fire/train_000349_neg8.jpg,non-fire,11ecc453e89a41cd3341615ca625f9d6b3adeede611de0f1da84ff56b01edc3f,857650cd40224d192e78b8694822b54be7e5aa3dcd4587fd037017894893ed3d
images/non-fire/train_000349_neg9.jpg,non-fire,eaaf0e7a85ce6ef93496f633b789cffa2c4269df294660585431ea7e652b95c8,c29a36ee5d6b1046d9940d5b2882eb5d97be97efc7cab684d341d5f8458383ca
images/non-fire/train_000350_neg0.jpg,non-fire,868e35246b42e6d731a796856df0e8583cc7dc2e233f59d19f4c2414632aa645,89f4cad585a0fbe5b6954fbb4d8a326f41574b56e6f4e21c77f203d41728ee43
images/non-fire/train_000350_neg1.jpg,non-fire,b8e06569d68ed480a18cc9ddd4b014de5cadd944b3a987b8bc1e9f93b7c671c8,6b1eaaf45aff911b2aa1871f9d95934a2d44aff57e4ec11c9b9e4e59d6a4f0e3
images/non-fire/train_000350_neg10.jpg,non-fire,4623f5f45485b43d923eaa42475c01229701a155d64cf717d0b5589a6e8119a0,7f7d80f7d4772e94d2f78b3f5797415c9127d48cc80fc94f9c752562e6731791
images/non-fire/train_000350_neg2.jpg,non-fire,a38a84f41c4c192fcf64510eda67686ba11615b7d764213d99592ed61e4d04de,6757d8496cf8ab38beabf9ca7d09f5194a4f9f8f7aeed997ab5bbf959aa8665b
images/non-fire/train_000350_neg3.jpg,non-fire,50fad193c4fe8993a3d50cc7eb670c5344390564cd007484229392e988407434,c156c76e74bf32d12efe5e1ede279a5ac87ed5eef6c243c0a8d74dbb66659ca8
images/non-fire/train_000350_neg5.jpg,non-fire,13f0c3a75b2f1314c0c073c4bd45fb1ce67e17316cd1e434a970252b88aa2f60,33f82e17c3dcd8108c018094c75a409ac5eb8fc34c115378c78cc637a5c66659
images/non-fire/train_000350_neg6.jpg,non-fire,979579f1c19cfe50a26d0383a3319f700a613e8f50357bdbbf645e16f0ebfe30,9589409b3212258d7be90c3879684e198135239a0a2832676abcba72cc211ba5
images/non-fire/train_000350_neg7.jpg,non-fire,1b3a14c66fb2e694f32104fd11527a0fce307576e42516d665c9e3c4f176a6b3,dfa2fd31c78c0c5648f1af12bdab8c27184f9ff2ff003e83bc9b3b4a6d784c58
images/non-fire/train_000350_neg8.jpg,non-fire,8b5e644280d5513d26ecb8a0b74d020f897a5a70c334970a2216dc7cc6122a53,d98dddd7ce9846b749c06e0ec0039f554d2253c0b987c220ecbde1bd8ee28de9
images/non-fire/train_000350_neg9.jpg,non-fire,d7f4d01cede0c3523cebdab79d1542771d1b68619e8217a1f7c171fbd34144be,cd1db7a6e9152fcb0a42e602ce2867d5f0b09b39d072e17197107b815bbc5e6f
images/non-fire/train_000354_neg0.jpg,non-fire,737660f048e0d87ffc98ebfa6c984f911742fcd1fdc11493e565bfe8e77b90b7,c324be75b1d956ef93d409e65c1b2db96dde0254c86f77e28b52434c9370a0e9
images/non-fire/train_000354_neg1.jpg,non-fire,646dbffa66843b6017354b03f4d95ac0626c4d7c41f031f3f6fe81dd89bc1e1b,0d72c6c645acae7bf634809f992cbfc80f344f3ec42e846c09e4ced968948d53
images/non-fire/train_000354_neg10.jpg,non-fire,5ff2d92c6497bb9ae01463d3ce71c18de90765e73cef1ae28ea5beb34014c348,b7b8413a0d688610f763e107bee5e87300020d5a750c3869881d16feeb923bc7
images/non-fire/train_000354_neg11.jpg,non-fire,cc8e5047dcec176931c2b7b8f6c7c4d0577bc15507eeda697e29f67625d58aa7,7442f219100988234b0a323f64c249f392bcefdb7f1924d0965e71a9085b1793
images/non-fire/train_000354_neg2.jpg,non-fire,6b3b59dca1f556b7c476e4e0e14ca10fc8daabba044038ade926f3278b428c8b,baab8f79c80fbd004b8431a74208ddfbc05108432949ef9d984ebd29086b37eb
images/non-fire/train_000354_neg3.jpg,non-fire,bc2c7c6eb854feaea9d8169723f03ff2dc4c2a27ba6453af65b6f86cee3e4a9d,32214e6ccbd1cb1d5127137f1bb4d684f8016fd35115798e1a4f1af32b3b284b
images/non-fire/train_000354_neg4.jpg,non-fire,f1486812c76db699b3255cbd67b68cfea71ae846a819924c198b4980c95d9fd5,61f760dcd4f5fb9f1535620600133219bf8e53cf831c9e1fa5ec03b5f2746296
images/non-fire/train_000354_neg5.jpg,non-fire,2619acb85bab6e15a000d6d5fe6c2387e4480c6c9406bcd2ce822018c0eb5ea1,1b8d9422c8e30d57ebb77c78f81f40b8347342c0da97809e8f86dfe960ef408b
images/non-fire/train_000354_neg6.jpg,non-fire,075dee944b32bdf51acab5cd1f9481785d6b04712f4f868ac8a9fd9550ec6f25,80376039b570a71b819c9949ba2c30701fc3d78da2bd1667690ddaa48be6d9f3
images/non-fire/train_000354_neg7.jpg,non-fire,a4b880c03175b6b80045b220cfa5e649a9e4e62d7432b84fba402d1299a2d07e,97955e0542950818dd00d5d9d1902160d516d6e3c9dffde424a8d539182bb795
images/non-fire/train_000354_neg8.jpg,non-fire,1e229f3c55bd9608100ce45775512c3b172bc4b7b941f1bba04519a08643a282,e7affba7263fd60d76db011cafae67270af23a353a56a45ec50a938d722f1c8c
images/non-fire/train_000354_neg9.jpg,non-fire,54d26cfabea391dcbc4a64f3e93d34be1dbf753b7395b9bca0adc24361fa978c,ca0857896ecd9b230188d921951be02cfb56de35b895930d74d998227518d74a
images/non-fire/train_000359_neg1.jpg,non-fire,349c1793b169c2c21844db8027d92396934d3b2353d44ff3e1caf79675d2fbf5,76d797fe7ad20b63da192aa8b7361d1cb1ab80d66f991674595f7d05b59fd6c8
images/non-fire/train_000359_neg10.jpg,non-fire,b791444d7e0f6a6cb1e45db03334c4bfbcb1c7f486f213f5558be9ad13d1788e,5dc30812fffb4c1edbac7189b7fcc885a835ea6ffee437b98715d1cc58df9596
images/non-fire/train_000359_neg11.jpg,non-fire,cfb82c0661fc293fc26f5c5368976efdb556fb8d0f69f8696ccc525d5fb032e2,9c0487f670a8ae42a4f1cc0b4d3342ea4393d15ca1d4e273916ae48313e1d69c
images/non-fire/train_000359_neg2.jpg,non-fire,bbf0f753576dd4a32f8ddb78195800d93146039a4b0cf2833f87ddf229a0f533,cb17c464850d658f8fbb9eadef1b154fc7972ccbf8af3c2b07894cd9100bc58e
images/non-fire/train_000359_neg6.jpg,non-fire,4576fcf5b904b13cb66ab1c7b840005a616cde6f97b3eac35346d1f164105832,20a226a9895c5db042410a2edba3480aa0d8279ebda6cf78a2b31cdd72a7111d
images/non-fire/train_000359_neg7.jpg,non-fire,4954b25a4937a8d2614e9f66db84198d0263cb90eaffb37412c4ffe558c76bb4,00e6c41b62582e6989b41179e5879dd0f09605d970ed9f3195e7b67aec5ebfcb
images/non-fire/train_000359_neg8.jpg,non-fire,068839fe1a7ee21a6141f738f030f67f010d9c258f298ce4d13c9dda6e009b6a,fce24f4a342949101594dfe4d2889ac3424739f0f0bd8501bbdb3ded667c0096
images/non-fire/train_000359_neg9.jpg,non-fire,15f603cbbf2090303cbdafdadcb08469737700bac1e79e505583a1e726dbe905,a70b89ca22c070a6f35c8f8730856698c7c3bbddace456aaa5246d5cae234718
images/non-fire/train_000360_neg0.jpg,non-fire,dc6b1d333a33154228da657bc1a50af0ba5eb20c392fe0dbda27b6b5b09abb7d,6122802337ffdd9eb2a503e4f08620104dd2b21484e38c9941f1c75123888e86
images/non-fire/train_000360_neg1.jpg,non-fire,c112df6ae0b6bceb25bcbce5bcaf6c19c77568f76f3f7d371e1641816d57947a,4dc4782d6c3b2cff1513d10f67976df3008bd4c98ce6dc878ab8a18b6d3d4d6d
images/non-fire/train_000360_neg10.jpg,non-fire,ed8da79aa6088dd35feee8ef520fc29a1c27e50d42178f19e4e184ffa6b32b66,996254efd9a9fb3557f1b7ca38cdb1231de8bd63cf07efbad6a3c6ca39d037a1
images/non-fire/train_000360_neg11.jpg,non-fire,7afe44e64c216ef4c6a429a48202bd90cbcdbad9b2f219b8d094d99bbe9fc2a5,22af4be30f4ef246c245b6659e7baca8fa08affe9949fdbaec51b59b527e0603
images/non-fire/train_000360_neg2.jpg,non-fire,20a749545fa994e965f5385930b31d1b0d056d4642929718d785e4ab3d2278ba,9a2f47fc8e42d9deb8729c7558463b3c8d38088f32758716ca0a997c383b4763
images/non-fire/train_000360_neg3.jpg,non-fire,dc5a260ca7888b1d9e26b221b85a51e5e7aa8900267c79d7ce88c99ebc62e388,ff252773f44fe294f9d2ef3d3d518d4b5b5adbd9193e6a8a1715105495dc459f
images/non-fire/train_000360_neg4.jpg,non-fire,8f5d7831d12dc395f7608cc36ef38a0a7b40072cb35eec30e15ee76855f81294,a11342838bf5666cd498cb60d40b1eadb6a0b9c6fd24501c4524632b22d2ce08
images/non-fire/train_000360_neg5.jpg,non-fire,c91529732473e816588160ef47ca7ddda7bee30e72adfabf97d8db9f3ef0400a,6466cf0d364f0bb20245b32c453a64c7c812feea72cd1b4b0f21451e2247dcfd
images/non-fire/train_000360_neg6.jpg,non-fire,ea863c2bb865ac0ca3ffc4a7333d97f5d62e0fcaf939f6ee6fceb37fbd467be8,d2416c359d33150883d4763cd5f86e59f2c3c418c39e2e1234939bc1abdc7445
images/non-fire/train_000360_neg7.jpg,non-fire,0c023b19d44728e7e847a32816097e564030e5bb45cc6f05a5638887fce4cc3b,3061a360e067cea9b674950506cd5d849466b9238d63a2a7c5b941eb2bb44454
images/non-fire/train_000360_neg8.jpg,non-fire,45a9837dbe07cb36badf0cdb346ae3f28364551f0f65ca738f6f28cf5161000c,38d486f0d1af45b0b1d6aba843f4a928dca5a89a149d3d7d9f00068f842ffee5
images/non-fire/train_000360_neg9.jpg,non-fire,eeb065651ee67ddb8fba7f469da2e4e98c120a982dd27e67d10adaa9b4a7afb5,5855d040d9d095fb33f12c53f153bb788bc8060462e223562fe0a85bae89d49e
images/non-fire/train_000361_neg0.jpg,non-fire,223b88e37ab7c67e77161c766e0f1879a8f8b9574b0d96398fdfa5235b615385,96f7a3ddf4c22d2b94fc17e14803fdc7c4a86498b2db3703238b58c42e080324
images/non-fire/train_000361_neg1.jpg,non-fire,6766b396c784e396409ad3b3eda0156123906c8048c9132e3b6a1128a0b2d55f,6cb9b9ba5c7df36cd9dcc55687c172e566575bb463cf2373f788559747c1119c
images/non-fire/train_000361_neg10.jpg,non-fire,9caa54fa86c1ca9d67f473f53bb1120da8669fb914d4f9ff305ba810281bf8b5,d0d2323043e926b8198c73e09320cc810c41c00e692394adb315468685665b39
images/non-fire/train_000361_neg11.jpg,non-fire,1aa367ca36f9153789899ef7a0e23b4773e5ae4e5b3245a592d1cff7cc848531,84f6a1de0907a5ae5ad3926c126aa924eed3cc292ec566796d8f7a7866508706
images/non-fire/train_000361_neg2.jpg,non-fire,a730432874b9ad8a4c7f4b48187f0301207f0217a1d72538cf3d5e86baeb8bd9,64ae8201e0803c223f392fa49cb0e0e842f08ba61b1155b52554d4b07cc6412b
images/non-fire/train_000361_neg3.jpg,non-fire,31ccaddbe285fcad0e402b981eba2ca659a5170334ecf183832de9f61aae978d,0bf4962c0f5d3c3f330d1359c1204a5b702d38647ffa16abd534901633dd3574
images/non-fire/train_000361_neg4.jpg,non-fire,2413527d47b6c1932845df4fee7b771c61a9198e7bb5bc87750ebe22ea629fb5,07b26618527d39ce8c7c3d0e60f2645fe16676df769d1091bd869dc2408daeb4
images/non-fire/train_000361_neg5.jpg,non-fire,761cc223410ae9dc5591cbe03f6643c9b5e7a247896d3226362f876c4cf400f0,342b25cca1d5c44244b9882887896600aaa0ecd31203e928d9ebfcf278d83c31
images/non-fire/train_000361_neg6.jpg,non-fire,1b39cf722a2fd1669b85c37548cb0a095ae4d94eff9b2225a45850c3d58222bb,62745cc9d53bf49b5369cd103ae3b802e9e44343a75e518a1e9f63413b23ee7d
images/non-fire/train_000361_neg7.jpg,non-fire,e704cf7c9136c9e4c0a090a5932acf3a0d1558d60d3fffd81fb9b2f7ffd017a8,0e2970106db278ae990f045e47c93485cd15ad5e237c5cb95d668d5a6a0fc589
images/non-fire/train_000361_neg8.jpg,non-fire,584a8c7570cf019cf3f3605b342e258b73a95c47e3dd6e09b7d2ec7d24cb8e4c,f9ca302777f5feb2312f9c55cb98ce87bf3d094c9fccf4d2670ca508ee679193
images/non-fire/train_000361_neg9.jpg,non-fire,2e5d325ee0f59a549daf46ea03d01fe17f945c79416e1d0ab4eac25085eb8f9a,fdf2a544e170532a03ea0d5176cf998014fdf2334af09e71d0bab79c7866a006
images/non-fire/train_000362_neg0.jpg,non-fire,308ff05d1e70248a0b2b32e5b08bfdcf46b59855326c988ae5778b4220f32dbc,9903556ba2dc419cddcb43bfd4dd1b47bc04c66e2a1a06b61863834db36e7a05
images/non-fire/train_000362_neg1.jpg,non-fire,79912ee9444914e861dd640acdb2808afc8f940c1644e9a163348a0f925b48ca,e3ccc7c42fff32a32cd3e74f3dc0a4e4d7d19a2b8e5f526566886cd12ab9f28a
images/non-fire/train_000362_neg10.jpg,non-fire,20dcaf8cdfe6e8f63cd03d10656e932f7a008277917bb4c36cb4303bce1ead3c,a1f9f633585760ae4c859f34fa161d91b2c747aaad28ef964c4378863b896db8
images/non-fire/train_000362_neg11.jpg,non-fire,d40983ed9a79b8b547bf5ac3a314ea65381a7bea63a52e97d28e9d2746b86cd1,20296e5e8d083630f53ed36a114fac8c3735e06a717398755816dd9fa8e8bd1b
images/non-fire/train_000362_neg2.jpg,non-fire,1c0026342cb6346bd3518c2ffe5a4f2a1ad7151cf05fc709d7fcefdba130fec7,058f1601f066302570fd1dddabd9ca6886b925bbe7be000a491939da21e997f6
images/non-fire/train_000362_neg3.jpg,non-fire,2b443aae6f878d756919ec366d73cb5643a8aca9532f598116b836368b3494bf,81516b28ee49c59a1cc64377dabbde20d8028b1e1214a54b435a96eaf027f68c
images/non-fire/train_000362_neg4.jpg,non-fire,3b263ec039774bfc9cde2a4824c2794c92356e0ded992580d79a9d2fa7fc5e40,c022f4b63bd67dc0fce1e4e437ac374a90388233d20e43bbd021580f5cab61a8
images/non-fire/train_000362_neg5.jpg,non-fire,feb82d3293a755613a774861dcea574a6731e9ea417106358f5d71bafa4cc143,2e9770f7558fa23bb5bdd08173c6eb759e342820ec415f5749787a0dd99a8844
images/non-fire/train_000362_neg6.jpg,non-fire,8a6e1ffac778997d97827fbce3cb55a173df3d13b2da721cd2a9899b3c7c880d,a9c2950f16bf10200d30014a6c61ef3d6bab192b28a38dcdbb914e2578ea4aee
images/non-fire/train_000362_neg7.jpg,non-fire,28eab355e4084d2190f3c9a45c3c0b679a2cc75593bd7dd7da9081ea647cf489,d1110296d163ded2dc645587b6e308b3c346afea812e6b7659b1dbf4f3b108cb
images/non-fire/train_000362_neg8.jpg,non-fire,62daec67aab4afebc15ca9e6d61c6c0d471a2b0eb662d93497443a8e9bf78fdc,54e46264f4228479b169418486b5ba175adcefd5ffd7a8b3e530a572558ba107
images/non-fire/train_000362_neg9.jpg,non-fire,01cce28e9a601250e337c8b64e576164b5efbd34cde5cc7e909d550972f21730,1c39eb6377fa726441abb7a04024f67fc9b6585618ac70bb379ffee4f3f4f4cb
images/non-fire/train_000363_neg0.jpg,non-fire,85f52437846bead0261b427b95b0b903e06b4c9e1da0754f46455f62a2b0cab0,e9cf2149ff15f987b350b55014880549af0b9f0d2aec36663fdda00084848d68
images/non-fire/train_000363_neg1.jpg,non-fire,3732da5530301b2264d04d94ed05f46664b5ac17618a1c3bee2f0ad98c56b4b8,f268241c4edf1a79bdc8c16a360e7d3b660bb2379c0f0fc280ecf94f669d280c
images/non-fire/train_000363_neg10.jpg,non-fire,a5cdfd1cb98d3927077880a41ae667ef5a8cef245b82161deccf6c8d3ea4fde8,7017dc0cef86e4b782e2031ea78e92fc9387db2f182ccde06f776da78a706ca9
images/non-fire/train_000363_neg11.jpg,non-fire,bb19bc2c98f22a12040c131b703faf31ce1cdf323c4ba69419baa06b386a5cce,deed251d23a8a168b07212a6a229263d4f583c13246f3e12e4a520511094d38b
images/non-fire/train_000363_neg2.jpg,non-fire,c016bcf02eae63accae3c15588a120b68ed65e8cc613485d786850edefee445f,423dc8a8271f8d352e1bb3ebc7e96ffc4255fea089983d5017f142755d83f98a
images/non-fire/train_000363_neg3.jpg,non-fire,99c33683ea4f366a68b9927d36dba92dcca94ba0aa49096d9d039d4d8a6f0573,77660db9343802d021069caeec307a336ae5cbf6a6561327ec020d196256de51
images/non-fire/train_000363_neg4.jpg,non-fire,66d9a17da43d77a0f32628601add58bd51b585bb9cf4ad0533b3b919bfb48427,20cb68ec7a2d8a79e3548155b1d9d900d11770434177a69d5012387f57f1883a
images/non-fire/train_000363_neg5.jpg,non-fire,559594823a787b6f471281dcae628d910ac86d3c0b8013a12edf95281d687a68,d7cf2c84622ae5831ba2425c2747b148a6ae0b38370ffa9dff04c0749a7462bd
images/non-fire/train_000363_neg6.jpg,non-fire,39715b575b9c136c120102bba79111c9be84e3385cfe4a86d6d1f9b547bb7d1c,b9d333074bfd54e32e84cc937f8f719afe25eb6844c894926da62c82c9c15c8c
images/non-fire/train_000363_neg7.jpg,non-fire,ec31d13061a72304d88843b318814a95018c84cf7d385d7f1518cac45bd9bb91,c50d49eec38586c307024366e56da3b0f4045a203567f38e8001c836c3747617
images/non-fire/train_000363_neg8.jpg,non-fire,7e2cf225323935e728e7f37586cedb950bbb6f5dbcea3b3659d658c1894a7da8,d163ec43a34995d434908b70579d66c095d6a2dd1411329ce45d0df1df4e4a68
images/non-fire/train_000363_neg9.jpg,non-fire,a3493f5176777e1816ff66a7029ec9ea0d3e3c392d7479c9e68339ab4bb6b665,6f416ffed4852f0a9884ba3aac302d35a3aae9f124437aacb1b8ea687845933c
images/non-fire/train_000366_neg0.jpg,non-fire,a27aeff0873ade6fd25baa70805b4b4444084705c9de186d50c55a29cfe0906e,4892c4b8228bfac6ee632efda92f8b5b566aa3c15fb504e58218a3bf931f2bd5
images/non-fire/train_000366_neg1.jpg,non-fire,9f81174bbf62325fe06a5dced37292b4c1f6746e5ae292bd591e2336ad953154,641d33b8c693f8ac5f9a75f91943f4be568cc070b46f2c14811c8ad27e04fbfa
images/non-fire/train_000366_neg2.jpg,non-fire,f50cd15e3dc198a53454859cf67000a95644175c853eee30a2763e9c18f1fa31,6197bcee7131d2bd567ffb9452e6375a879736bc4e77d144d8d98e183dea40e7
images/non-fire/train_000366_neg3.jpg,non-fire,049131b2a29733070e67436da3c171fd5f2a0a39eaef0ad18cd9aa31374f99a9,58de857ec01eb58be135dccfd3665676decde8b22f972527d36553936a2b9ab1
images/non-fire/train_000366_neg4.jpg,non-fire,ccbb879488502d013fc0ca3f6cbf1c9e274ebcd0ebb7180ef4fb48ec5ba10936,bde4655decbd79be98cfc07409a63280fdb7347ba33f4a2bbb2c6a522db4c2d5
images/non-fire/train_000366_neg5.jpg,non-fire,f540188281842dad392886abe46d16841abd11c69acbc33e9e979f6b59967db7,06aa9a7c7863176b3a4a5e405a87b926dc3bea6a8d77075db23cf99bc96df1df
images/non-fire/train_000366_neg6.jpg,non-fire,7bc5650ec5f042e27ce4d4aac6935c0f09cbfacaf1ae10747c1373e82fa6d645,60d9f127174a895fa6ea305938942be2ac8e332c17504647da45cd3868dee571
images/non-fire/train_000373_neg0.jpg,non-fire,781ae7263b2895bebf1735d01c634950806ca3222a0da8457ee8ed2714f89226,7e3fe6423de7ee56d450948d9cb331dfccc576a5f406c1ea50eb9fff8a0874b6
images/non-fire/train_000373_neg1.jpg,non-fire,61ce80d97d0538c0b52c24df3f7aa98029a4411ee2386e1c3d7b661673aecaf5,ea3e763ac04f658e18b008035abce0075802c5fb1ab7f126d98644a1244a3bf4
images/non-fire/train_000373_neg10.jpg,non-fire,bac211e47dab449bd2363b919fe84106d6cfcba2c039ebf186cc92c6f870e6cb,13ca51dff139252af81bd41d9d69ddd3dd092a9a0f17448f539b7e386ee6297e
images/non-fire/train_000373_neg11.jpg,non-fire,0d6a524c2ba09c44277588ede0624d7d00fa877eb5131833f82ff1518b6c23e2,eefdbd3721153f06aa97b68214b4cd93516495a62b7090ee05db2ba859cf09ba
images/non-fire/train_000373_neg2.jpg,non-fire,adab7f575ba202909414b9bcc9113cb201b4ef40bfad3ea9d7ed8a48b9a33431,18d14dd31b8a24b30a05d4eb9514ac2ae699797331cdefcea277503e3a998ca3
images/non-fire/train_000373_neg3.jpg,non-fire,c3b70b6329a9c5a9d12c4dfea2b30613b56a39ab9f0e39d943320a4715de895a,62e6f6031326a50d3c247a7c8ed88d4be76f443beac5300d3382d3a62e9470c4
images/non-fire/train_000373_neg4.jpg,non-fire,378c7c2a0b805144e643750147d8ab6bc2816c439767824bf92788f45f95b1d3,030f06d1c2d7c4459bcf2cdd15c5701e0c39b9f780f2cc4a86359a3dffb686b6
images/non-fire/train_000373_neg5.jpg,non-fire,4622f3e8d97c1e79793a9fc3efa43e53046198100a68fed713495b02855873c9,fb22cb197a385c6ac8e8b80305fe43150385f0eb36bad415cb08ae6ffc15dda0
images/non-fire/train_000373_neg6.jpg,non-fire,460954f8777bc2d0ffa0fdb7d86a1c8f8086cc55f051f7d87e370b33e7bfd603,282db9ffe434262c069d548618bf2b3242024dc1463ac033ea462f24f9066369
images/non-fire/train_000373_neg7.jpg,non-fire,897cfa8e5c531172231a9e04029a53002aeac35f7f7a0e2a60e70dae7c57bd33,51b86e39799c09f2ec8ffeeb6d826750fd969ab0b42f153aa21e483b819df08a
images/non-fire/train_000373_neg8.jpg,non-fire,c67de7b384168f04af7655c3d890592c000eca190f1067b8cd19d1f66a05a63c,618a3401e2fc098d17e21086f48997c4989d746ffb45ca590ae9f605482b5e03
images/non-fire/train_000373_neg9.jpg,non-fire,d88416019dad5d53f91fc32fb508300d5a9e41d547a930c9ecd05ea0f66142f5,293d81a309eae8beb00fa4ce9a743480f416fb5a6b058ffd9f0028cfb8184761
images/non-fire/train_000374_neg0.jpg,non-fire,4e9010ceafc65f03ead7d99dd906dcaf9ebed41ceb7f48ce39a5782cbe3c59b2,8303ee31c0af8f68e88acf90a998fba470cd5ca8ab7b246f469f289cae3bea51
images/non-fire/train_000374_neg1.jpg,non-fire,bde756bd88526cacbd62dab17d8c223b110a4079973c6400a15e0b9e4c41020e,c9a079764fbc39dcd8e9f920a4b6ba90d5f4b1f082862a7cee0eb9ef3032c03e
images/non-fire/train_000374_neg10.jpg,non-fire,862224d1bd3130c7cd08f2ee0bad544046e5b0dc584d58c43f7f78b36142d885,78adeed19d084bcb996d818d34590a5187f6765d5fd13f6231c308edd4a771ae
images/non-fire/train_000374_neg11.jpg,non-fire,fd5801740612f9cd2cd1f641e85b62ab731fc2448fc9807bec3fe02c03686cf8,5f78f46327fdcf0cdaddfb0555f89a885de8290124e1daa3ef33f9a0b397a40a
images/non-fire/train_000374_neg2.jpg,non-fire,baf6fe3b561c390bba92ba34a6fbdc040b3dc6b2f292e67668dfaccc52450e0b,acdcf790a4cd972eef5191edcf5d75796b4cfc34ac919d66626369ebdec36d6b
images/non-fire/train_000374_neg3.jpg,non-fire,87344ae695d90c5f5bc5f59168c325032a06f49db47411e861b4f5920d4e157b,0552fade04da875e3269ef0fb52b9f4a13089b325bdfc5a42fa25ea82e1f7b12
images/non-fire/train_000374_neg4.jpg,non-fire,995f78ecba1f36014eef7c3a66b64a01508d7837556263e09801b123c1539034,43b6c897462837d509e9db9d315d038f7d94fd611ac750c0c20657a1c8d033c8
images/non-fire/train_000374_neg5.jpg,non-fire,d78e2bbbb0c4116fc325ad2277731a60d33bb68af6219d2b87d4b07991f9a677,df6c46b330301c762f732602459058a7dbc5d325adbf3b53d61e0b1d04a61ba9
images/non-fire/train_000374_neg6.jpg,non-fire,3f75e2bf37a5fec3d3a9558ab744e4939a058203550941249eb1f6088b0762a5,289e1ff0ebd56d862670544c8e5e1d2f272a2169b3ecc991fbde49255fd5946e
images/non-fire/train_000374_neg7.jpg,non-fire,7d3d09832b53f4d479e03d474efc7cce9ea7ca9004a0bd742b7e1e7360e4d612,7af46adee952ea25524122e7f856ac221994e4c9462b832f66b5169007349a0f
images/non-fire/train_000374_neg8.jpg,non-fire,4bbc6e44aac981eb84cbf17d3d99e95fed7596604f8aafbde22101f2c07dda90,b783dc759466cb35827712e8edae9b10b6b49eee23eeaf11fe867d26d776bae5
images/non-fire/train_000374_neg9.jpg,non-fire,27250a23d1465c44757c57b278a28d9188d3dd6f7255b2ae0325ad644a1ba8d0,5f7a88e731cec6040efcc68e60af76754ab51794c0a6a0446ada8c59472dc198
images/non-fire/train_000375_neg0.jpg,non-fire,90f3ff01f0c0bc15dd0208f5d6c094d4793fa1a08ff51be8aac73c21cd911ec4,238c60b9f70c9d044af0051360e58cb66c4f649a62763cf28021504007caf172
images/non-fire/train_000375_neg1.jpg,non-fire,67a67180037cf44132cd18081dd60ac5addeb23f0dbc7f7ce5ce4b97eee5043c,77f7044e08338590475c2d7a8dae8754c2e778d432c3decd84aaf4167741a9fb
images/non-fire/train_000375_neg10.jpg,non-fire,7c566e167e1e40391664178dccbd7c808c91d628b037e00826d2379956236176,8d83e4587ef7f98148d87443bec1ee22b04e214defdccb3948ef1f9e6bfb027d
images/non-fire/train_000375_neg11.jpg,non-fire,f997045c02cb1618979fbff3c7b9692a91dcfe69cdaa4390413b7bfd0469f48a,70075cdfbc58bc4e1cf626ba7932ad5d502a0fea1bbccf5a985d619ade78a93a
images/non-fire/train_000375_neg2.jpg,non-fire,c13d3a16cbfb863245bcebac275d5506255fcf0999a30adb843116685261b11e,ed1aa43633fd9dc3d6467b81e4cb70859f6c25b25b1302ae7dc3cd1283786937
images/non-fire/train_000375_neg3.jpg,non-fire,0a57a1c93e071d83b400b1852c0feede7e11f17f602fe1e03320b94a070781ce,59815fd068ad0c5ed3105a3d0715410d0e623535fbd8da48ffe4f23966162387
images/non-fire/train_000375_neg4.jpg,non-fire,33e98a61b4b7071518b7d5a23e71da045c8f3ac78f93f17a5b92da166c15718b,d36f73d6b75004bfed38d7bda27d2ab0da284facf21efd0e3a6afff73befcde3
images/non-fire/train_000375_neg5.jpg,non-fire,2481b2a403ba6cb7e97cf23a699605f05fa6589fb9b024cce24d3698472876d4,ab8ff18fd4946da9ee9b617e37bd754b0ef8cc5ae9d96f3b03c4c17ab09b45e3
images/non-fire/train_000375_neg6.jpg,non-fire,86aeab30dc0c3f882d9677b2f87335ff7d6d50111a155b448db4748d7b787612,22942679047e170e8647340e07ce1c0b23ae6266c1fd7915c9134007cafa8498
images/non-fire/train_000375_neg7.jpg,non-fire,0b015836abb55a8430ce6070d824e4a3f565a1a5f8852d0c1072d5b47a47747b,99c960f73d5b8a2a3cf1cf2ed87ddaca591315b6d9a3476660f5bde7b76c771e
images/non-fire/train_000375_neg8.jpg,non-fire,1021f6e5730b665b7b01b3f180b0cd903d33f5ce62903fae2ce899e9e0c821eb,ebe3f4fc3d835382a0f461fd061d8d90dc6de4466a25a99e16ee7fb961335777
images/non-fire/train_000375_neg9.jpg,non-fire,4fd2b0ac0c116bfce3b4a9ef27bac123a37463dbf7f79f306660b51abd1423fe,de31327ea86cea7c5d2215adfa73018b56e106a06d49d9e4bf4d060c1a5812af
images/non-fire/train_000377_neg10.jpg,non-fire,19f51a97ad52619a1e10e130179564bda5ebdc53bf0bc6aa49a51ef19f10d66e,7d6b2c1bf136d3776185f768b0d84c5d4cfe45d250c072b08a8e528229accfd0
images/non-fire/train_000377_neg11.jpg,non-fire,2dd96393340b8b1516d7a04c2e0f024005bf775ba6ffca397dce400d56ba25ee,0eeb8d66436d7641aba07381ac12b7fa17831bde52fe4cdfc8f29bc7cd1a5061
images/non-fire/train_000378_neg0.jpg,non-fire,371662ca5cb2d1f14d530b7e9bd7547ea53ab994c2c17431f556fd54628b0f9e,989acb7d7b9103231d760e5d30fcc9f42b871d5b4463b30ee476d0b09b154489
images/non-fire/train_000378_neg1.jpg,non-fire,71db891bbfe75f396ef5e015ad81da692669d68beeaae78b374bc3180f2d5553,4ac6deab2138ec2efc6affa916a7a4ae80f35e13e6bc4e5d70e9d0e3f79f23cc
images/non-fire/train_000378_neg10.jpg,non-fire,b57786817dc1d1d4df7305e8fabaa9e553f427651c28ffd3d29330a86eb2c6b1,b2ff2b53d550196907ad269ad75a7aff63bc0eac72d0d7531b7d0bd0c4caea47
images/non-fire/train_000378_neg11.jpg,non-fire,6c69bc6a252b8520606c666dda343c550f30f0270d96facbd3881e89a16e0c6d,e80eb3a808c22c0afeeb7847b6eabea7dbade4b10bfe8310af541b5907a4769e
images/non-fire/train_000378_neg2.jpg,non-fire,b02ba6ac317ccc335af28cadc2c662d8d45bc0d24865e2fddf8fcfbc5738ab2a,bec537a4e840752aa6ff7e5b9b0365eef479477aeea0560b5d668c8ab1b67bdf
images/non-fire/train_000378_neg3.jpg,non-fire,a828d5eb923ae0982c5135ea2e9e9f5b65215d61607c2a35d6e407daf1d33cac,a6a056bd3d1b0122b1a1246c87edc38c236ec4b0d4859b5cb650d54197d77685
images/non-fire/train_000378_neg4.jpg,non-fire,9b6451c603d32e65fd477fe4f139a256ac7bed0701393005bdc53966ac45e3df,e3b15b41ce39ce2d7dff644e65e46639b9021658fbbfe20e6779a690560f9119
images/non-fire/train_000378_neg5.jpg,non-fire,33d71160f2b4dc46642fabd6da11432852f51d97603e6eb2ebbc490cf95e8217,818b9eb4fc3f3cb9c467aad7154a31c55fa761d280509360673a9fbc05792fa7
images/non-fire/train_000378_neg6.jpg,non-fire,ab19512a8d2e663aaa95118c36c9cbd10a243eab6f239b616a1a349bbd83c53d,b1e5170b5d8b5853247dd130f59b9048f9b25bcbbe44c7e3c7c14eec233b1450
images/non-fire/train_000378_neg7.jpg,non-fire,fadb7378ee87a5b696e31a6250e0faecd2694c8bf20992a3e7c6b70eaccac90c,d4e404a7ece570cf66e86bf6f1762b34e3102101ce5087e14bf3ecfffceae02b
images/non-fire/train_000378_neg8.jpg,non-fire,2663161af0237f33446b672030f1f4210d4c04c510dfa0898a40cf0cdf2e1003,47d353852236eb90d14031ba125f1c061c75ae4d1c64bd0c4d043c841f41da38
images/non-fire/train_000378_neg9.jpg,non-fire,38eedc036311e095bdb5d90c17d0406ccd9fcdbd3d1baa80c519bb49db6621b6,41ef71e0fc2beb6860f90b2726bd47f077ce4d881cd029ce4260c9ec55f0b806
images/non-fire/train_000379_neg0.jpg,non-fire,d7129a68a6c5979a5ee3fd5c1ce8a7e3d88d555f485908496aac528d38ec90eb,689a1c287af0cbe12ad98f0c964180dea7748ad94ec662a97ead18dc0c5c09c8
images/non-fire/train_000379_neg1.jpg,non-fire,6d95697f83e51b3641533939c3cf1a21c189319b1de2435d833b174a2d24b1f3,7cc852f98d10e10ec84d39a866ee84ad478e26726862cd55ff78cfe8d692a10b
images/non-fire/train_000379_neg10.jpg,non-fire,712eeb92f6f4a68df6755c57de6ad30ad4a28b9cbb9d512e2a32cc429e41fe31,32ad1af4e87c99f64ff4b43341d61ad9c564b9636ac1d345047c79056a8a0b7a
images/non-fire/train_000379_neg11.jpg,non-fire,8dd7c7d8af7ac3662a20c176db61e4538db768c71e1cb086a84e23b6604afe3e,9086a3b61400d1f380e6cd0fd2a88375bdbbb8466d97a1ea7adbb93c6a921db7
images/non-fire/train_000379_neg2.jpg,non-fire,f0124503739a6145e6aa98902bfc84222757e94b6dca7b491760f489eb3736f5,c636634d81b5657b34f7e1d3fd94302715043c068f8fb06457e00c58bd987e49
images/non-fire/train_000379_neg3.jpg,non-fire,2f89967ee09b3fdf18f4b40a706b9b61af1e1080e0f0edbda11e0ad22f6b8409,88ed925ce2142f6fbc38264b356f896a39271ac1748f58624856998e4ae67e9f
images/non-fire/train_000379_neg4.jpg,non-fire,5f34c7dcea9ee0adf15a780a59694362fcd3ff2ac0f6cfb472ea35b4d845a13d,364cdf777670734d29ab1197d04b7a6c6401ea687e9930f31813821c7df739e9
images/non-fire/train_000379_neg5.jpg,non-fire,b7e57f81425335e5e986106dcef5d28eb348d1ec3f1975b0d0598568b5d93455,202cb6263602f193fef350c0e1fdb37e46c8aaa3326df6815f53496a743a3f65
images/non-fire/train_000379_neg6.jpg,non-fire,655386518f45a8486cc6515382128f0bc4d4503e619a739cbbc440e398a01baa,3674a0e1d150d0df08b1dfc6ef5ace0ec2ebce08ebca3f1906342b7742bfb73d
images/non-fire/train_000379_neg7.jpg,non-fire,26d9cbdf5108feb82ac4bb7f92c970caf40446572939502e3c093ea32f87297d,a2661055129508e07efa03dd536ed72c9145c368ad4ba1c178b821d2becd12cf
images/non-fire/train_000379_neg8.jpg,non-fire,3917e1a45a136d18901e87c5abccdaf58a79fa50b24089126980a430b45ed7ea,484028a3bfacc92768dc37d7752495218bcf26ecd06ae76aaa0ea87fc130b422
images/non-fire/train_000379_neg9.jpg,non-fire,c4694205f3bf6a03118b9645e6def96680b9088696765a95f30106ea4565d39a,2db08ebe5766bb238967f6f4c950e3dc22ceddfdd920bbeec1a78d270c2eb6c8
images/non-fire/train_000381_neg0.jpg,non-fire,aca6b8963b312adee818702e33399d2e60971cc811f51ee6b3db86e3eff4ed62,913f77f5e00ada2bbec0b50a3515d30fc00b77e4af778342b11dd73afff3b92e
images/non-fire/train_000381_neg1.jpg,non-fire,e7a7da45f6199bef10df9cae278ff967bde495ff8d7ac80ecbd23b9a159d07db,21f2bc50494cb6aed8575f03d01edc6d1b1c057ac4a259045077f58ae52d2dd4
images/non-fire/train_000381_neg10.jpg,non-fire,e0f461612444a158858ba9983f6603fe6709bf000f12b35b458ed3f16d54ebc5,96d36fda84f3e2d18c0a3589421d213716041b20b38eaa2e7cfc354582932870
images/non-fire/train_000381_neg11.jpg,non-fire,72d09d4aa21d6f0e3ccc75ea25c27996eb4332195f36f8d756a453114aa811cd,ac1b4a568502d5afb8d46484d39d463f42c4a8f9dddbb1a1fa8a859889661713
images/non-fire/train_000381_neg2.jpg,non-fire,df8a7e415fd3b0216eb4fbc1d006876149d20a2ac3d09fccd0aa943c076a0d01,582aba716b644ff96b3269d492233531e024876f9cd3f14025c7b9a5678e7ffa
images/non-fire/train_000381_neg3.jpg,non-fire,a82a885282031c1a22caa571b8301f3560ac3b6d024a738fbab66fbc7f43a346,0cccfb85bca21cc8ae04f1cb507da97019d89e94d44189af396bc71c69121971
images/non-fire/train_000381_neg4.jpg,non-fire,881a3aabfe491897d0a7f3350e0d1ace5eacd38962c808c2bd6af0e482a596dd,1c89df0ff9302b17a57d3a168123ac8f47f63ed29023f366e1e2ad96657baff2
images/non-fire/train_000381_neg5.jpg,non-fire,694b36915de5a187b4e544c5eba225051a12489af9ee1d7b921a15d7f4dc5504,e6485f1cbaa2914437a3780dc6ae2975289349f65131620ade56cd11ee1c4b09
images/non-fire/train_000381_neg6.jpg,non-fire,5644a778217ff9b433f8af0c2d5b28b2f2c101e45e540178abe92f062df1b38e,6920f7864c7592e2c8bb500f127e942292f0bc7ba78d9b48b13002ee9066290e
images/non-fire/train_000381_neg7.jpg,non-fire,1cd13a3e315bca914dba7e340930cbccd5a617569f46a4adba8481fc6926745f,528a234c330d120792ce56ac075e9dbff3069e098b016762e717a956ae5edf16
images/non-fire/train_000381_neg8.jpg,non-fire,025ea941ccd5b490f3683527ea2f797cdc85f4c198219202008fe242f2315d69,43cd901d40225ddf669731866d1064526ff5e81555a72decbaa92ead3effa658
images/non-fire/train_000381_neg9.jpg,non-fire,d557b452af138f06f3d0470c81bdae45cd7dbd7d7dc8f5dab48fd735809d39c6,dee7ed5c2ce9402e93a9da94c8df8e5d603ec62a85864b47f992a1663d24c9f1
images/non-fire/train_000382_neg0.jpg,non-fire,21dd39b47d301353ad2d08987fe767da0e1c88b81d93cfec471d017543d7d8b6,ec6ed5ce67d5c390b46256fc68c4c54c47bbd44a18c12ac5a52475041a426976
images/non-fire/train_000383_neg0.jpg,non-fire,d1747d67155eed9c55a3bc8d7bf1fe79bb58525772219039dd72363b86a748ba,199998855ef6b82b01346314b830ba5628c5220cc3b29a25b2281ab9e153f0f3
images/non-fire/train_000383_neg1.jpg,non-fire,85e34d741b2d3b5e1959e1fc00afd776fb7de58c55226fb359a2a3d1a5804ec1,50c07f33b7c5f12fbcec28107335e71ba24c630dfd4f329b2082e7ce20026551
images/non-fire/train_000385_neg0.jpg,non-fire,1ad1081b50422514b3cc69e150e8fdcbed95c1b7e37107850c50fc6bfdb7ef97,6da6d39675c9cc33bbb2e9178e46c24cda1da3c1392f86ddc1f555921bab5bf7
images/non-fire/train_000385_neg1.jpg,non-fire,d4f89b0916528d6d792633025405aa1a4be1c33d3c578de880133ecf87c8dcf9,f3c40f52087d72b6624db90548edbdc69a6fa9167bcf82f8e51bea2c2ceed27a
images/non-fire/train_000385_neg10.jpg,non-fire,21fba689bc9dc02f0256b970b4115d6aacbf576eacd9600bde22e033ac66806f,9acbee552fccb40d99e4e3228499903d70e7eaa1d527a9930173fc1eae722a18
images/non-fire/train_000385_neg11.jpg,non-fire,f287d14138cedca3e578f33cc8580f475143e36ac202863707d16d54c02cb934,9a6a7fd4d8c5459752911c4876e83c56f2ee402d8105fd9316ef545374b028db
images/non-fire/train_000385_neg2.jpg,non-fire,33af24cb9b4e513cfa6bf9aa8830f552d7f1b949329d7dccb0cc26d81599976d,2389e115e107fb2a9c21fccb698a7f427f66b825e8b7b41531a7dc7f323e47d5
images/non-fire/train_000385_neg3.jpg,non-fire,a73eb24377ef3c38300a0dde3acd7f86d250892651350302db2dfbe38e392d1a,372d1716d55c4aedd5ad6d4947c190a433ae1fe7bc84bd8c2cfe9950a01ebe72
images/non-fire/train_000385_neg4.jpg,non-fire,68334304406f825c322987e926841699ab5f88fa1187b6a347f52fce599ca95c,26762fbb73c56cacb40a8dd22a8f0ef00afea3dfd21877ad9f34129f59f04e61
images/non-fire/train_000385_neg5.jpg,non-fire,c81f2aa5d167943fe0253ca97f8089324f8aa1532c290517cd379a469ac1c544,5b9e9eaf9f846c88ec4352c11a15f041502c9e033036f2ffcbb129a5bd48c6a0
images/non-fire/train_000385_neg6.jpg,non-fire,d1e9e30dc707fd4c0b41128817f1c1bac63f38abb3bd79bfa75dd7aeaa7fe970,4de4ab997a051d76c07ddaacfb6c92d6a3ab1378ff5797ead7d0a41b0f274a39
images/non-fire/train_000385_neg7.jpg,non-fire,225db3d929332c98c856a971b75940e7fcc7b76c97860ec24dbb63f263a3a8a0,dc3e6b6a26aa01739816fc4250584abc571422230c21686622fb609dffed8f30
images/non-fire/train_000385_neg9.jpg,non-fire,0e5a5c2c4e37a034442a9a20fd0451466b478e3be22ba8493d1420780719ec1b,0e8168392e4f40a84e48b21e1333d37f3942e370172053b9e478c7455157e33d
images/non-fire/train_000386_neg0.jpg,non-fire,b791ac2742362ab63583bb7389852589ba1d5380aec1c06f0b46e6f7d21bd118,b0dba1ed05bea319ae1f0198c7e53ced109e1f677daa442160ad0334658a657f
images/non-fire/train_000386_neg10.jpg,non-fire,0cc8ff555931021acc2179a23e2b54cc93de333b0d6c85acbcbe49bf078e5ac7,19a517aceac7cc34c62b6f897b336863b94c8e2441c4777553b18c023a5364a5
images/non-fire/train_000386_neg11.jpg,non-fire,aa6093bac9a2f58bb04b8f5017d855598929bc69d108445e77e354f43b148e44,f7503eb6ea39ccd9020ec2324351e5f348e5749a7ac0ab7bc51c7dd44305417e
images/non-fire/train_000386_neg8.jpg,non-fire,b6af980fa36564f8960b5ab0723ecbed6dda183724981ce29c49b8ff8d6bd0b4,607c680d33c731186930a2714f2a7472d3a5ad9e706e0d6d95fd60ebb78bbb74
images/non-fire/train_000386_neg9.jpg,non-fire,4973a597f29ea8d127956af8a79b10292780ca62b98020e9acca6f75a091cba5,4d29ee7766bf7379b9b3e66127ee170d8060d3d622d77cf414afd14ab704fb0e
images/non-fire/train_000388_neg11.jpg,non-fire,59dfce4103e87d6a5386502a696a023a35e07b7875d6315f69366d4770095eac,4bc6694f42d2699fb5bba32f7383e66e54ce0a91711b6bbb59f122e48b765cfb
images/non-fire/train_000391_neg0.jpg,non-fire,76c07081b9d4f5d2c948f79f406261df72548151e233857ba31967b347106459,71a0f9149c46000ca71c570a557961c96eb4c24b569918191a282b91274a7732
images/non-fire/train_000394_neg1.jpg,non-fire,a95742fb822a44f0d7fe9317a393bc166aaf69aefadc0873b7020578ca08443e,b3d0ef53959b5d21dac7b1c071f1b7b51e2f80f96a2a23595287203291873126
images/non-fire/train_000397_neg0.jpg,non-fire,2c766ea7f3521527bba88c2ddafc639ca619e50d4a7ccc89cdfa68f43f28e442,1385bb1c22f3f365a58c9c195d4a5295864a15c3ed2a65145d1615d9c0347930
images/non-fire/train_000397_neg1.jpg,non-fire,43c08b58b7364bfc364fbec5198b09fb5d436bb8947b4ae3ce06d78465db23f7,bc714691494050a75d36e5f8c4d8f77d6739f8fee9f191458f877d0bb9e09883
images/non-fire/train_000397_neg11.jpg,non-fire,b2db81f6d52691ac8eb32b9407f10329caa27d47059f42dde08de688cbe028df,62ac833137153c3b464c5dc2856996867fa527b13f6273b015448d29a2a7e3b4
images/non-fire/train_000397_neg2.jpg,non-fire,a86da0793dd9d1460f4678691a6c5ea0b06ade25bf10215330cf0b3559621a01,66f26d87bcbb7de32a56cb477a4813ed5530134a759c93d8a053a0a8d7b29e7f
images/non-fire/train_000397_neg3.jpg,non-fire,b78a8c6d8c12dd2405db40ed851ab837f1cde45fa5ea46e3540e6ab20b4003df,50998bd901947d9355324fa3c656a2940b0ec1f0802d7e94359f58812bea6996
images/non-fire/train_000397_neg4.jpg,non-fire,f2a3c53c958e34b0672d34bccd30418e084a99bd56f0d5e7f84757e16e350327,325cd1c8e2c06afcc079dbe9cd3388bb6c6e53e75058a8bf282bd3f74087f7a3
images/non-fire/train_000403_neg11.jpg,non-fire,a25444a8bf62c9af9dca665c11ce98a2dff869532a954e311f59e32b96eafd32,e463d262277cd477490b4bb63d204baf9c5d8df37158dd693934ab6e3a2ec5e7
images/non-fire/train_000406_neg0.jpg,non-fire,e688f12dc870fc09810d3130b61687d7e8f0bd69d5a2f7c5445cc09cd77471fc,6d68b48e3e4ebffc386c8154dab9acea959bfba0b52932d314d2aa9863a40198
images/non-fire/train_000406_neg1.jpg,non-fire,872d6471e112cb7c9b8ca9c1b259b9a978f01ae7986246c5a2cbc1419bdfe80a,4685aaacfb2466441f47c1543c6f5a03a9856f5452f0ff3cb76f774896c1e3cd
images/non-fire/train_000406_neg10.jpg,non-fire,f7896fca9e252008a5e3267c06342dea02465b535c63d682c5ece9edcec54de7,9372c5666af96463dc452a8b647c011ce2e3394b1815c1d00682118fadadc9ee
images/non-fire/train_000406_neg11.jpg,non-fire,6dc80472fc989ae4c07208d532b0d1cd5533cf793e77ba573a373e935d5de920,b6b8a612807ca7d6b96915965f3dc5ae332714e0b8ee4d2ef1763dbae89ce502
images/non-fire/train_000406_neg2.jpg,non-fire,f9cb784b101055c78524a820f768b283489bf91342f7d5182a328c0f4e3cf77f,f91611b1e512358b8fd9a69410e094f9c8991ac5fb6eb77d98d578046850a8e2
images/non-fire/train_000406_neg3.jpg,non-fire,a41991402019d045a3d1a9178f237adf67fc7b59c972e94d063fba0af1769fa2,33d76d9f9bd00fa58c62d92b3fff40a3b0d330b82e50432ab5fec17868b25905
images/non-fire/train_000406_neg4.jpg,non-fire,6e78664c4edcd97946ff976438dbf15f46049aee3af653a8d5d6bda8242e6476,0dfca1d2e1d158eacd539d03d8c9b81e252d8f3943d66f1f7421988dee14286b
images/non-fire/train_000406_neg5.jpg,non-fire,76aa1f3b75136bd8ad0cb6402104c56d35af8400452cf3233add880e2ad6e23d,d7a4d727adde6e3fe6083ddd973f6f51cb2feedaa01d807402941a3af6588d2c
images/non-fire/train_000406_neg6.jpg,non-fire,dc4b00215200c91ff50ffe365666ffeef416ad879422556037828b69bfec59a2,5da52ad3d0163721ad7a4f96a29fa6da013b0eebc7cba7929619d981e488fa10
images/non-fire/train_000406_neg7.jpg,non-fire,7cea13730787ca5da965b7b5abc86a204cc38843b22dec7fbb5c6578116d5c61,9830dd99695cba62f3983e16ad19330c346afbcdc4f307241b7d8b9b509c2866
images/non-fire/train_000406_neg8.jpg,non-fire,6fd4f6c20733585ebdc3f48ac5426fd9eef4e0be4943ce09e3043bdb2903409b,e2f3cfa2244892ba642eb5d8c70c54ddba640ba578a24981f5a6c2b90fdef463
images/non-fire/train_000406_neg9.jpg,non-fire,ecfdef143a3bfc6d0c6e52856a10b50beae69335eabdc98b9b175288f2b5d643,110f6b870b828576686c832ff7087a1ed110a64e133308fe45cb7183a6b0f28d
images/non-fire/train_000408_neg0.jpg,non-fire,f38cb955a8b3ccd657e031d2fb63bcc400e73f6c84c85dd079dd5a7bfec6048a,7745fb012ee9638a25a04bc689b46416df1f1d286d5ba142aeeccf262270559f
images/non-fire/train_000408_neg1.jpg,non-fire,4ce7e3a6a4d2b958d759f3f70f63591b9a099f4043f7d45feb73bc1fd74c2cfb,c8c43a5ad332e4b76e0d07c1daf47b3e65e2df7d816ea05ed54292de6891f611
images/non-fire/train_000408_neg2.jpg,non-fire,3f9a08d48ac67aa4570c80d3d1f3e75182ad259475a6e1bb382bc057bb336573,49e781418db9d806aab4553496daf1cab23bc98580bf89447d2658c1812f1c93
images/non-fire/train_000408_neg3.jpg,non-fire,95619e8858ec6a829355ad63c702aad52dff8123d4b64106b522ce7880ecbc58,8bf793230cf8e4968219e4f51b94d57d10ee29e85660c48f8acf28aaf7b55820
images/non-fire/train_000408_neg4.jpg,non-fire,4db955d8ecdf1379900d9ed9c354970e97a21d9bf7c3fa4701568514e1aa9b90,eaa2f4c09710a9057f71be2bae032742831628ceed88d0c8e9e0aafbe9a5e6ef
images/non-fire/train_000408_neg5.jpg,non-fire,33c27c9cf078aa61f1990fa122fa56adbfc3c5687642f79f71ff4bb08b29604e,d8a55d1e8546b2027726069aa0d3ff7f7b9ae6101e4d2e2046df51b314007d23
images/non-fire/train_000408_neg6.jpg,non-fire,5fe951dbcd11389614e017bf72db4c7440ea9282108ccd211bf16ff8e6d2c6f6,c1b86913dc17f30de33521c406be2a4275093eae8f7b56856ab1913ea3b21230
images/non-fire/train_000408_neg7.jpg,non-fire,7ded0c6b9b5f710e9c432324fe6d2081013e985d31573ee72fb1f01a1dcf40ab,90ae12f37090040301e0926e7b3720cd6c16f652c9165ce90d5eb6071aef02a3
images/non-fire/train_000408_neg8.jpg,non-fire,b8210c5f188bd5948e107ae7819037d86b7e6838d5bbbd159237f666159f0953,2c40a2f7ad97002815c7a6222e3afbd7b94cc001c8a3288bda559b62e3023af0
images/non-fire/train_000408_neg9.jpg,non-fire,7e67c8f56757a5bcc4a83d15a4bfdb37ff613abd26cfda89a9ce89c07f9cb97d,9893772e77bf9349cf735577b3b61b378a78abf717131b5da4b320c36701b706
images/non-fire/train_000419_neg0.jpg,non-fire,ed28f7aa322306fa20005c95dacf13cef0d9a9db82ddb6b7d777ead5e99f07c0,9a9d4aee808e060db2a770820f4f2d5914c9a07e2e69360398908ba68a772b3f
images/non-fire/train_000419_neg1.jpg,non-fire,d272c7fe69d1513ac02ae6a2a7c5d8472cc160f9c348781a6c9e223065da075c,7d8285d7347737239adf20a3140daae449c9f4e120def8799110689ff008ed4f
images/non-fire/train_000419_neg10.jpg,non-fire,df9985b76ff4a59c1a48496ab0a7a17ef5f6735ddc75ae91dee17981c0562c59,c4c82d1cea3245206bcd299e09c0cff8b94492fe7a49f9ee0ed4d044985acbd8
images/non-fire/train_000419_neg11.jpg,non-fire,92a006b110d37943c5ae15b3711b96ba315613e0b381e9879624f18e2033526e,4a997b30f64450173a97b762c8874a0d8cbc6afcddd4c3fb020af20b4b556895
images/non-fire/train_000419_neg2.jpg,non-fire,cf6157c52dc8a79144de81fef361e0e8c8ab40d1769082288665dac513a940f7,f10d0cb9d0336642cfb71b8bb60bc68edfa3a2f501dd688c38baec086b72980a
images/non-fire/train_000419_neg3.jpg,non-fire,065f6a8558cbfb1fc7c7914497e6edd932886006f0cf55ebc14e5f34938b59c2,5a677fca66f919c882912cd9381a35317360d9717a840c718040ef58ceb21b54
images/non-fire/train_000419_neg4.jpg,non-fire,582dd2f32c63054ab47d759c192688d69cc60c9d947d519e213e13ee554fc869,c74c1e57b8dca4f0a94e50027425294fe8f7065219b3b2210294bb428081f454
images/non-fire/train_000419_neg5.jpg,non-fire,d345d002e59fcd462ee705f1a5dee69b094e80b861cae0cbe53c09b4fc9f7ce0,91ea3c01d85912842d2f8b9f2d1ba853cec57ec7fc92af59a645166df2768c11
images/non-fire/train_000419_neg6.jpg,non-fire,361145b31bf78c8106a05dd742b65b6dbb7425d1310a3799c9a0db7a3348d5ac,4f9f9cd6d73c10438b07280e097dea6fab0fd8855a5284f46208fc1c39ed4961
images/non-fire/train_000419_neg7.jpg,non-fire,2e1b83fe99387b1c972bff8d5d29c29e5980c4b4bc7c27e18a774c5026f19fad,8ae29f1c090458576acafc7b34bd814c213024c7ce245225b20fb42e9c3e59af
images/non-fire/train_000419_neg8.jpg,non-fire,0dd1eb7f56550fa8df9fcf60ca952fcdfce3eef97c3e15a55035d531a9274b32,6b3234e0515fe9071c39e57aee21042583de294691b9a53452fe1800391aabd4
images/non-fire/train_000419_neg9.jpg,non-fire,6ecbc0d2c636c86b1e16f6bfb0230096878ced7d3971857fcdb4eecaf549be29,a645bae7d58280e4b52c35b53c1ffc92be897ea6b5f88e00fa5593e1c4850366
images/non-fire/train_000420_neg0.jpg,non-fire,c0225489c970ec175b46acd68de7433f03ff8c63a16575df349a7d82a813349f,c3770dd65b40520b8c71fe8f4f7b4e26a4bb216df74dded361b370f5489c2bba
images/non-fire/train_000420_neg1.jpg,non-fire,a7178876fad6e3f58ed45dcc70facd7305928c1426708be4396769abbb0e2133,cbea4eefbcc9858cb00a995792881d7c4a40ae81b9b471c48a70e1d68642436f
images/non-fire/train_000420_neg2.jpg,non-fire,22500665979d1f5e0f4bd6b4b65b9804c2e10ba9f51d4568e3d283a37bccdf0c,1fe092532fe003f99fb5873bbb832093bbe748082687c2ac09ca8884e56ec06d
images/non-fire/train_000420_neg3.jpg,non-fire,56200c18e5f46bc328a35d99deecc4fac8e58fb3221cb11290ef334cb30aceab,68e42a8a08a250007308a498412d6af14f7b32fd930a39551e2abb01a29e1f60
images/non-fire/train_000424_neg10.jpg,non-fire,f16981aea64f97ef2a63aff829261ad4c1ddd24929e31a06acdab7a696f1b496,b326bf091d642fc4dadb31194dca78993a4f34df0452eb1dedb156a723f7ce3e
images/non-fire/train_000424_neg11.jpg,non-fire,d52bfe03e2850014dd400086fea1af848112071d8e5aea6cc4374735e842d50a,537140b4dfce25e6eaaa61babba7096d2dbca5565e469507ae869d42f816e86f
images/non-fire/train_000424_neg7.jpg,non-fire,e0855ca4b951662e8c49e6349beacea031bd8a3fb3270d559fd6704a451672e0,d0f9fc52c244e578d212acbd04f3c79bcca7ba4f7c85dfb807d0fe828b51ceee
images/non-fire/train_000424_neg8.jpg,non-fire,9ac2327dd6cee571f87dbc5983bdbe236b173cdc4f748545a71e7e843caf29e1,8779a25b6a45af21767df8ac1acd2bdd0aad208350952150f9f1c5ec3a43fa26
images/non-fire/train_000424_neg9.jpg,non-fire,bfac7c7e94057b499647d4643c9dc05309de9ebdb69ae26f7ed6e281cace6e4b,c7a390f23934e79106129db2a2c84dbd6f82ec4ad4bb30a71eb54c26f78b38be
images/non-fire/train_000430_neg10.jpg,non-fire,63f6a80824c7b5bccacbe523e95236006007fe2d3fa35fd36c1cdaa4e4a3f794,922c7c7818c34409f02d514c43d6cf8c8e7b3dbf3e2733f8ecf4f6427d2c2ab2
images/non-fire/train_000430_neg11.jpg,non-fire,6854a657494c54e3e52ec428c72e5853e6257c25cd2fa4792cd10525bdf26e88,ea98d44108769bda57fb18d4ab4106b4e34b44571551d73191b6d8a47bee7025
images/non-fire/train_000430_neg4.jpg,non-fire,4ba025d0c21ccfef47b06b2352f8fddc9f9b39ed66132e42e54804216c2fa7f2,9dd50d79c4f56e814111abc531120db07ce0d1e2c80f17a687fda2dbd48e8a08
images/non-fire/train_000430_neg5.jpg,non-fire,c45c2a66f7016c20ff3875b79b512230d063c669c48b943cc50f4c09244479f3,eda10af8e5c10a071c4c6498478d558de08406639c8ae4be45191aa766d1bf79
images/non-fire/train_000430_neg6.jpg,non-fire,29afcb2f738aa99e2945f6cd66b48f1200a299fc06992e542c9af6fe4bc0bd80,d287ee8807eac453b83e9124fc0e8e36b1bfc3a51171c283d3b09c88109a19e4
images/non-fire/train_000430_neg7.jpg,non-fire,0fdeee6961554a6a55c198d890f0c09e2a00e58ca0a011e147f770d07a4762c7,8553ccfdfd0016ca4132e63bb2ba43c8107ee0ebac21a63e3b81dd8a9e1a0e49
images/non-fire/train_000430_neg8.jpg,non-fire,2f42608a60ef14f1390da8901d37045fa028be45149bc8d51ac4bb1f0db601b8,dd34d02976f2fab762f36a431b9f46b4a2285d7557a14b43a6d8e124ffa84a33
images/non-fire/train_000430_neg9.jpg,non-fire,517c8df67a36a225be0f8ce40c1aea741e9c932edf04ec6a32722345a5e52a62,54c0c89d21bdc2709f3eddf88d06c2d889c513b6367bac2b721ce51a4d061e75
images/non-fire/train_000431_neg0.jpg,non-fire,975856c56d1d3a9c7c09d3c7a7189fbb0b38a675979b2e9f9009d5964ec21aaf,839d8d112c7fbb8ca157746d8a7297d58100d3883289bdfcb7ff74448ec02f95
images/non-fire/train_000431_neg1.jpg,non-fire,12d7a2fb85dee3b703834ef29287778970aec61bb362ccb7d61fd9c6df35d7a9,a326b3dca7d8d96327d7facca902ec30173d688fdfdb0da8add5ad48c99dcdbb
images/non-fire/train_000431_neg10.jpg,non-fire,22e53f8751f87aa7b740dce2a10436ee7245c76bc4ed305304b3420ff63dfd5c,c3549ee8f93f6be2601d5073df436474e160aabd90c96a71dc8cc427096d41e5
images/non-fire/train_000431_neg11.jpg,non-fire,13cf1296cea4c4e285467b96ec85c843f9b7e38860a536e994c6150c57102456,4d61b98b9ecf2e3535b436abcd10f550ab7819db86c4926dfa8cf269aa8fe101
images/non-fire/train_000431_neg2.jpg,non-fire,5ea81a3b9f93a24976f602da9fe83fd90ea70ce62581c1bbabfe982477b6a08d,e830deefa2ec91c9ff06326dfe766e463fb89ed905ffb2448602cd8c451d9413
images/non-fire/train_000431_neg3.jpg,non-fire,6ac53fb42322f1bf257f49cee872a5d62ca17340636cc18ad55d06b7ae997f35,eb0ec1dec6ee9167e0c15f62208c118a31a89215666d77f6d5c7321ca87fa57b
images/non-fire/train_000431_neg4.jpg,non-fire,ee169b13ce21a11a5cc3d57758c1888f3f918962c0b41f4d3a76f496e8722b1c,6a21ce24e638cdb8657af366e397d2e34895a77812643dbfd449b6abcce04d7c
images/non-fire/train_000431_neg5.jpg,non-fire,77f4d2971af283e358e3d2a5a985475027481af981ebbf06a0fcea865d529e59,3dc21c361ada5352121a47b2cf64417f34d2f5c13ac52ad841deafd7bd89bf1d
images/non-fire/train_000431_neg6.jpg,non-fire,3bb8f4fd4981fa83d15ab03bdc66c822c3c60e8e021b850d7f866f692bd51c9e,449f6aa1a151e2ec9011b00d72116e587dc9e44071443c0913728b8f24ef173b
images/non-fire/train_000431_neg7.jpg,non-fire,3cf727d68d02b16e8621dc41e7c4da1f9114d3d350a18f1e47c8c306a91bb58b,ac7fbb7c59a5babebee8aab806290473ef9a8a893eba055312284fec04183178
images/non-fire/train_000431_neg8.jpg,non-fire,276595da3be3a355898ee8fcdeb1770941fa140c1c125361831baaa0dc31b1fe,d316dc0e4377dbda5590a79246887cf5aa095e5c62b59ee33ab5f16c6d555892
images/non-fire/train_000431_neg9.jpg,non-fire,e6e69088a55a628fa1aeb2b045c3aa31e89081e520ed3173d495efc5df550e37,ecc0ab516dafee04f8779b39378c2a28d08d0488e895e96690c50126b94debda
images/non-fire/train_000433_neg0.jpg,non-fire,92eb7e5729ad8fb27c89c658c3e0c952b875b725bfe437900a9d18ab138c7b00,d61432bf14e479a82464bdc135082b7694559ff5e8356d09bf29b857a0cf47f9
images/non-fire/train_000433_neg1.jpg,non-fire,ef5e7e01c2f1b71f7033617fc57b1a31bb02ba9010becf89a6f182965f46fca8,0a401d43676f2cb42b8cc69dfe8a0836738a5a6f6610e4d94a58677f110b2cf3
images/non-fire/train_000433_neg2.jpg,non-fire,7cb14dd8fcf4cb05d7bb208649517bcf91404fdffe3accdb193d029b90f2914c,d5aaec793071d10df22b1e89f5fe76991af0331cf87a0d46d38e121db9f5408f
images/non-fire/train_000433_neg3.jpg,non-fire,e28bdfd8c3a643ce3195671452bf2f35f93c3c0ed93d6ffdab5d8f1a15777839,04a642cddb0051e4e9570d2236748fe091a4915c5cbf37c8120baa3617b41c16
images/non-fire/train_000433_neg4.jpg,non-fire,8cdf65e6ff714d85e4de77161c42c6f535939e48392a61c68b93fdaba960bec0,28e3d6064271fc40f05fe97ed065e587eefeb8e4f87048d98f4d076dc81b1432
images/non-fire/train_000433_neg5.jpg,non-fire,27cff53f3bd1463ec51e1c1e24b1ca808fa3303e7c787cf9f66e7591a7201ded,0b18cea6d12edac96eb1e4951a0329e3e83ce9fd75bf6e404f05fbd8fe10af0a
images/non-fire/train_000433_neg6.jpg,non-fire,acc1c1076959e3a2a3e125ad51e17b71a206f5f3133bee2bf992853cc0b8e69d,2f1378e28fb5e7213e36513d55f11ba21cb89134e3c1054d1881ef6d8e0df06c
images/non-fire/train_000435_neg2.jpg,non-fire,d18598a90ef0a4dd8685b1ffa97dde1892b88e8283d679c58c1d9755e9ccd186,00d559ce4ec773bba5879d1de5bb65da706e063d695a1f6b71394d9d622fa474
images/non-fire/train_000435_neg3.jpg,non-fire,abc41d8a5f2be9ec4c795f25c8441d3066df5dba4a6c0972ce9655f6a88279a1,5207f8ed6d0b268a867a819d29fbf5ae7699ab9659642cbd553e1b206b754875
images/non-fire/train_000435_neg4.jpg,non-fire,43429a2d7a106444bb15f8e74d1bf737088750614d6803c5463e24b9f281624b,dea74c7a43e21631e89e3aec04ac7272cd736a25945686fcc6c7d0eea53fe3ab
images/non-fire/train_000435_neg5.jpg,non-fire,4ebf93968a0d562695dd8bd03c604986b76477fbfe8746454d5f607cfee2766d,fb46ba3407fa62c9ee2bea1db92f07e7acf6a6926a18809a8bbd171e19d8e5cf
images/non-fire/train_000435_neg6.jpg,non-fire,1de9375a9218bd72e2108e0019f61024ef620c845bbabfc5157dbe99b3f375d5,014c3ff0ebe81c2013e73522faee7582859b3f8a47f5aa366f7dab6f96adccf2
images/non-fire/train_000435_neg7.jpg,non-fire,2b93bf26e48ce7c549bcd19377db873b6f8c6e0b1fcc3812172ea46715d26f53,794c450cdacd73faa5d9470cf8a555f6c686eea9e1f253c1e55df2472056fde3
images/non-fire/train_000435_neg8.jpg,non-fire,94ddf6d470d115a510cbe797ca0b3d5b0dc39074e07404f9a10819f3230d4699,fefbd85238fea5b924d9a938438404fb1a8a652f03f65acaf6360117e19dd1d2
images/non-fire/train_000441_neg11.jpg,non-fire,9c160402608f4354a9488beda6673aa9ed64eb56cf5c147635bdd8614fc1367b,7ad7315ce82216e12f40c81858fed3143ebe44c73bbed14cd1c4ee975e3f5c7d
images/non-fire/train_000442_neg10.jpg,non-fire,ded69cde9440d0879c4c66be5338367230690b955b0e479188849804b6bf7c81,29574f787dd8171b28b2601fa54ecaf2b6efbdae56e2a2a09584a7669ded113a
images/non-fire/train_000442_neg11.jpg,non-fire,96c0bbc62db1db5424086b18fb3b625c78d864b6709b66c2741ec1ff0ee5d79e,90e0f45de3caf075b60afd2c6154f724b40fa58dcf7cbdd2d1f13e991b1b493e
images/non-fire/train_000446_neg0.jpg,non-fire,dd87d5251f9f008dd35d8960962c1b7f1a3d36403a4d110c4d7315606204d983,af8f177db1a00c17db7ce76812eeee898e8043b46e3a7d51d25eaa2e271db5bc
images/non-fire/train_000446_neg1.jpg,non-fire,9963808a553f6e11929f79fc51e3215a0808e807c55f20a872866ce005a6cb74,d74f9063722abbcb1631ff20d14199c088dcef56979c50da6065643451267c6c
images/non-fire/train_000446_neg10.jpg,non-fire,c093ed1f621ce60f040e926f3230264ac9dc8a00b19f5b3d402d4460e8097c35,01e68850372d8df62ab099347a20e341a097da1b50f1380b3bc29e60d4927af4
images/non-fire/train_000446_neg11.jpg,non-fire,b7c2314f233a1d86e05dbb302c104f8bf5fd2ec70d586e745b9614e3e61189b8,759912709e387445e6eec5c8d75f1657d11b56bf85fced6803d3e8535e2e96be
images/non-fire/train_000446_neg2.jpg,non-fire,fcf5d40e6043f3b48990e2a735682a4ebccc22b26e2ee81ce094f1c0c45b3977,fa18fc44f27580f3878dfacd6124ea92932016a0fe054afec42a5fd683736afa
images/non-fire/train_000446_neg3.jpg,non-fire,37cc474065703c1d68667c48eda3928ff23cafe58bf74f21726a58caa0050791,12a6599d50cc29b58ef04edb60287ffa86d63d2a6c5d3fc59a783b84eb321225
images/non-fire/train_000446_neg4.jpg,non-fire,0939a595a7708bc9048fc116da8ac793c36af79558abf3e54c126ace57693c13,2418243f11d522fd4e83104eeccb3e586cef52b0a7712e37212186d8018ba849
images/non-fire/train_000446_neg5.jpg,non-fire,16080e733389b3c3fac7d0fea9418eb103053a48a5d409a877d44e7552e36e77,a120ad7ec2b2b9ffda30990c6a06fcb7832d0654acb37f636be8af1b2c5aabd5
images/non-fire/train_000446_neg6.jpg,non-fire,eec515d989fed4f774d94228b6700dbd51c204286074a1b0149b68f95360d291,e430deb37c8c3e92d9c60a0b1bbfcbe8959a8d5981d4fc62480eb1fedad15e8b
images/non-fire/train_000446_neg7.jpg,non-fire,c2429384d08e25fa7f9adc31529ba5b5631475f5f3ae157d046fc3c4c3bc29df,96da2b5fab4a6d15e85bc1093d3d3122a0822e33ef669777fe614540af983141
images/non-fire/train_000446_neg8.jpg,non-fire,b7a49634a41f1f994149bc868c1bab9144c17f60d8e1f25d66f1e939707ed73c,d63fd334d2534f5a8c4490b018681baf4f6cac51e8b7702594db313cac185140
images/non-fire/train_000446_neg9.jpg,non-fire,36c85d889aa27398a97256949b918524a8a9709f349b05fe07341485ff12f6a2,0c9f0dca40bb32c9f38cc760c29656e52418be5c57679f3455d1e6f69f9de8bd
images/non-fire/train_000447_neg0.jpg,non-fire,d782a0b07a82fad729be7665028d79c657655ba6c3931c38e4212f6464a92618,b64a4a4089884869d0c453f593460b269f00948ef891b0dad6a323bd5a2a5cec
images/non-fire/train_000447_neg1.jpg,non-fire,7e693960eb19fb84b7658a32441e924af2dedba6e753f7d9dac697643382eeef,f4624dcf6e71a0a73ff76df94a97712de6a4eac46a0e748953b06b1028123926
images/non-fire/train_000447_neg2.jpg,non-fire,82bcf8332f78f21480e4adaf8249962c3643e17355f4181b78682d671497c3c1,a6da8f5cd889a39dabadc8ab007bb3da9689a5fa6960cfda1c59a7c268c00d14
images/non-fire/train_000447_neg3.jpg,non-fire,38ac42555c0b5c015cbad41e77090b52f9833d68e3bdadabbfc4d006a2642d5d,5cd0a582a500323a871340c796317876570feb111d6435a2c3c80b1c37e19c48
images/non-fire/train_000447_neg4.jpg,non-fire,c0554e6fabea82ccf270db993455de77365459875687172ce32081d7ac1f9a37,99d6db8523e55712bc58d37b334185f037b40f6b30ec6788187500cd30ca1ed5
images/non-fire/train_000448_neg0.jpg,non-fire,05b3681e9d0d7fce43c9d01353ce69167acbfec181036297ea5741bb411f1c14,f444cfe520b1ce7ab45f8bb1106a0b7ebccce2bfeb6dfa23612ecf33b451a9fb
images/non-fire/train_000448_neg1.jpg,non-fire,83b0996cb683cc247bfdc6c1ce12f5fc952cf35a453fedf216e9cd01b8a892a9,103aa8effcc7c4f09275a616996b0dbaa2974f3d5c36ada9a5551d27b571e757
images/non-fire/train_000448_neg10.jpg,non-fire,194048963bbe01ebfb7baeccdcd24ff64257688c637bd3620e341308ddcd3ffd,b9eb0624e12329908e0608e4ebd19e682bce610a2651a23d6a6ee8a21b825842
images/non-fire/train_000448_neg11.jpg,non-fire,943c2b9a405e28114f3245534c34fdc39d0b8b573efc8afc3e6c75e15d480e68,e29d05b4368e7c6c8ec44e612cd5ac5cb371965aa06f1bedd4f746ae12ce6b64
images/non-fire/train_000448_neg2.jpg,non-fire,856043a4507b6c40b3e38a5f02571bec22e5e78893b2d3e5403e7bd8bacfc868,3237142a6709d8eaa9c121c48a9e1e695083645dc54517fb7b5a4190b68cea1c
images/non-fire/train_000448_neg3.jpg,non-fire,e5acf2d251dafe93b9539cd176b97c6b0e5147057f96932288e196581381eff5,602facbd9b0e924da5a10e86e5b548fbf967b932c7f345cfdc776772cae4f689
images/non-fire/train_000448_neg4.jpg,non-fire,79dc58bae4fa9dfa83d931912519516e66efd1babc85409760ba8e59eafeadc7,c0fa93370dcb60fac96b822f26f895911b84ca5db1ace806bf10e60b2641a26c
images/non-fire/train_000448_neg5.jpg,non-fire,cf6d219bfcb0a4cd742d89dbe70d89b6f28348c8069d42c166db7ca576344d95,b200caabb4ab6e0f9a1ee49838ecbe0ced80b194a2dc6f781b5b430d14308e41
images/non-fire/train_000448_neg6.jpg,non-fire,87e7d36a2d558f267228a8502354a5ef18587c3973e0b48487d8ebed4046c294,6e3dc092003df96185a29168efb95ef8d7b5f514678689fef19805887ca23334
images/non-fire/train_000448_neg7.jpg,non-fire,8aec77b3e5eab7ec4a4786dbd45176c7c4476b754ddaa0f167b90d4d9c12beba,c85bdc2c333eba9a3301ef502a2715054d0cbb2bc762d728ca8a0e71562146f3
images/non-fire/train_000448_neg8.jpg,non-fire,9c4c8721db3fd31cbf8e4da07f84b9c00d905f65b9e7ea82e91964fd290756ac,621ed7a44ae6b2293e12b1bf26dab7ef96e21f30deda10c80c6bff222285f83e
images/non-fire/train_000448_neg9.jpg,non-fire,f88e76fb577cd1f1d28fdf88cf25fa6d1c8e0bad215f322d3dd93375ea79def2,d25a35696205e3372a9cb04d60a9d0700567ee27dc454b0ec07f75ba9f44386d
images/non-fire/train_000449_neg0.jpg,non-fire,5791f8f5072eb4823eb543c5fc61a32cf8def2c48f17fb192975e0938563b794,9c7446bee34cb11968afe2dd0823497c5d99d481dbf7db49ddf639151c2eb621
images/non-fire/train_000449_neg2.jpg,non-fire,79ead9655625041ad7b37f680de3699eb627eef3e2d612bf9ab83a1d7d6aed76,1d820b78d87de62544cea234805e18be5b061a4c2e1363ecafd47120ffba95fc
images/non-fire/train_000449_neg3.jpg,non-fire,12b894b1da20e616591676ae73e59ab82ef067e4f7d5765b84e3a358284c9de0,678d72626d696a7e432e6a126dd08e29c6c0a1813c1cf5100205170f710f38a4
images/non-fire/train_000450_neg0.jpg,non-fire,3aebb0a6a6576c55563f55f3c450ae9832427f44182791f607eab71121404e1f,29acb33fac1fe0875ad901a869988bb11b80cfa73475c7c1a192434ddbcaff69
images/non-fire/train_000450_neg1.jpg,non-fire,b76b589caf2c4971d846988e08c8657aa34d81fdd485e4242ca9a175cac5d95b,a67608d46a2e03f51b0afdb64aadcf7ac8f47817c145a8b78b7452ad975f6353
images/non-fire/train_000450_neg10.jpg,non-fire,9b30a4b434c1106076858ee96535d7328a40b7663753a569da91a5184c576f68,749c8efa606890fc68e9b4b76a70e4027c2dc0c510b694e1c4802b583fe39f9f
images/non-fire/train_000450_neg11.jpg,non-fire,a137aba82519d7787326151802964b08238cf5b62c3db0f847999794e0eb3737,3de6393c5872e0e4f420cd4f85c52f6beb81f66d19bb35de34f4f6e001744d88
images/non-fire/train_000450_neg2.jpg,non-fire,ea03b78466dcb91ba325d5c1a3eab267805ea74d44aeed8e5e0739587b7daf8f,cd867ae9471a80a7b4b1f16bf528ffc2aa98dc1904747a131fc2fce08c5a4715
images/non-fire/train_000450_neg3.jpg,non-fire,d8561e33da5682c5a5e1a0d80c4b95fed177567ff71b19706654ce1d5258dab5,1460dc7a1205b44e14cde6d33cfdd06bdb7d0429a9589a7cf5fcb82a89801c25
images/non-fire/train_000450_neg4.jpg,non-fire,8e4ae1751a1d6eadf388a0b9f5b19e60f174a080237f3576a67291cb0bec6222,e3bc862b7c9b2be7c5a0527fb4a74e5158de0dbd30e8a1ea6dabb1078de7ea69
images/non-fire/train_000450_neg5.jpg,non-fire,1ad2c6237288a2cc5d7ac7f6645067e48307e16c6e51e9b9b27d18c96f06c746,b573a459c06632e72296614d09f6e2ac9d7d116c0305d8eff74ac38ed707998b
images/non-fire/train_000450_neg6.jpg,non-fire,94afce58e754f3ce19301757fed8b2228a0fffe76f3075d743a98f7a7e8e939a,92b48f9f83cb7f1591e341e1b90c28d93b9f62e919b73fecd25e56bf58ca975a
images/non-fire/train_000450_neg7.jpg,non-fire,f62676737ee12b75db84ea3c866fce9d90a5d99635a4c347d9d5bba36e16d613,338b5a7edc2890ea21f3a29516c3e9f6b8ec183ecab865f4ff21b76a2b379529
images/non-fire/train_000450_neg8.jpg,non-fire,e60b82d3f1b68b0e9837d9acc46664c254bb049300552961da52357bf47fa323,78421cbc5c8b403f30b3a5859e4cbbf21ca798711da55dfba83fef8ff6971150
images/non-fire/train_000450_neg9.jpg,non-fire,e98fb05d77d04f71779d71b1176f756eaf85549c50e3d58061d9f0bb3ea70dd8,fa72629ac403dbf06a419b8ebc771b807286dc72b560a42d508ddb42f3c091e3
images/non-fire/train_000451_neg0.jpg,non-fire,75a3cfdc59feba298baf20aab8dcf3cbdfff34c258277291ec146509fba83888,d3cb1e21a95d467b57139d9fec59a2b611bc11fb0e4210d57230be081fb4e6da
images/non-fire/train_000451_neg1.jpg,non-fire,cb7c32aa2ca597959ae4161ad820774700f34cfb54209d6f0d5c1a84c794bc98,289d1e7f1e6887a7e6c548c29c2e5f94ebf3440e93f9b98ffac11adf4e5f6bf9
images/non-fire/train_000451_neg10.jpg,non-fire,044c0b3494b97c3ed7f482f37bb7694a047e262825e9af504ed71f049e0f2f64,17d7c5b02b354273ce24f998a16506d2a3b318599703d38db30851996aa8a0b2
images/non-fire/train_000451_neg11.jpg,non-fire,aa91e61410ddef47be484e470bc747ef65575385e109f67c913cbb32bb0b8b1a,873f8abf2d4eaea5a8090a29262b629e2cd7d89e1e23717b31fc4f644902f482
images/non-fire/train_000451_neg2.jpg,non-fire,fa18313179f51fc9cbad08c961572d56432feb84d1b915f83c87c6effdbc52d2,cb0f370141cb6ffa25358df40d60cb1c7d35d68d22139f69d9e60250bbcf217e
images/non-fire/train_000451_neg3.jpg,non-fire,ec76347996e61ac10ae8b5803ea2ebd37472f39d0ca133b47a8565db19b75393,ec3dbaf0aa1bfce56542a9319e2682dcdfb0a7ec585406d00a8fc2433d31507b
images/non-fire/train_000451_neg4.jpg,non-fire,2d1df485e578218ab859285a1dc46d181905c9d1d03fffdfd124deaa7a743ec1,6a21e17939dcf771f4a8620545696e49d74f84a52700b5b4fc64cbcda3450137
images/non-fire/train_000451_neg5.jpg,non-fire,e0e55aa8e82d2f45db904d7e63cea2bbbad94903ce7c38651b63b8e2f41188c2,871939a35a07a4eb4ba284d4d1e110f5a28872edb73feee792456851295c15d3
images/non-fire/train_000451_neg6.jpg,non-fire,650d4420a46239edfcd805e6fc31708ef05d6f9eec98ea680608a3bcdc7d3b50,98093966dbe580bc079008e6cf7677fb567c77af8ab10a2ec23988bcb781df07
images/non-fire/train_000451_neg7.jpg,non-fire,5155325076dc50c23c1f363125f84005b339daa61d28993617ba32e7c1f8f587,499941e19c86be1c33ce48994bfc7a55725aadf1617aa5b7f52dd0fdf1d1a20b
images/non-fire/train_000451_neg8.jpg,non-fire,9b821b420282e5d103e6423a9c73c7e9a3ff90d088cab83081a4e3558229bc1d,83a9ce36d9f3f567266ae307d9df771380bfc87ab77853540b04fc3de5ceb48e
images/non-fire/train_000451_neg9.jpg,non-fire,ae57665c2118c06113e36bd56f37fb2d43ace845db309d1e0b79a02026f00a8b,3386c95a940d11b5317e054dc41cf310652fbd4df60a057d2e7811eac1a80701
images/non-fire/train_000452_neg0.jpg,non-fire,e81da6815f0b1d6c7260f6bad8a8f07b9a3af83d49139ac4e39b0f731cfb4ba4,57c526aa033ce66d787765216702589b7f147f8feecaacaecfa38516cf23fd8e
images/non-fire/train_000452_neg1.jpg,non-fire,977f8372a58c1dfab223201865cfcb72350dfc660e59bdb32d26d07b411e1b96,6fc371fc047299292f628154d53cc5de83319dba05af48affc0c3ed78051640a
images/non-fire/train_000452_neg10.jpg,non-fire,c0b87dbbf982cdc6a8314827d3fd113ea92323e337c480d78e8ed8ed65918f13,9bf35ba858e305891221ef367c47793cfe9f3f05e42f102698dc07a8c42eb06a
images/non-fire/train_000452_neg11.jpg,non-fire,25afc499f54c6913a6daed9f6cb0877559c7392cda1b1d7502ec41e121c37e24,569bccb9251f1bc6a1966493598d98891ceeb2e3303af4bddca7306a6a46590a
images/non-fire/train_000452_neg2.jpg,non-fire,78523d7089ef95c72492e4bda702b31ad775a789f4016ccb6aa3b292ae9cef8e,04de9a0ed058203d8b600320b839ce4832889f5d0af9324ff2ea75b77636856a
images/non-fire/train_000452_neg3.jpg,non-fire,6a0ab94a22fa64b84a48c488a1948694e68dd3bae13294d3df6517f7bba1439b,81973c1777b947be853db138f01c39bde2d9d954bbfc542e96c9b4a3dee14cec
images/non-fire/train_000452_neg4.jpg,non-fire,c201a3534f70e10419a8d4aa8b4b6e8ee3462e3fb01c7c6bbb3c72bc7387c3ef,f1325cbe07be816b34cc3b4616d19f637d9e30facf3da919c4715795f91b1c8a
images/non-fire/train_000452_neg5.jpg,non-fire,871d735b5cef5e4dc94e44c1089b8f6df3b8499608264c421014d96a1fb04907,9f59360a1b42525c44ef043ab1a9cbce9836fd74a20dc00e417e565162c18193
images/non-fire/train_000452_neg6.jpg,non-fire,716ad92bf6da2a6e30e69679cb2f2ada38fa20507551a9d5195f58f76f994d5c,b661109c8fdb43ee40162fed0220fa5e7d902b6b7f9949e074b4155e97389b21
images/non-fire/train_000452_neg7.jpg,non-fire,3c843d04e0a3e9ac28e363d90ab177ab681adf680f9599c9b57e5b1297475977,a2602734f4fe09f4c01785e824ebbfbaeebb6a5bbda28e6c20a4c2a39c1b8df8
images/non-fire/train_000452_neg8.jpg,non-fire,59b478db2084870a52efda5fbfe970867b29cab4c311ae8b810c29849f811939,9cbb744cf2c059e514696090f40c6ceed1389f708ad3988e100bf9570e02eeda
images/non-fire/train_000452_neg9.jpg,non-fire,47c15563e36c9e04904d76bbd00a4a732e984678acfee91c62f1874ee598490a,953ed863fb48aad49c8cdd4e323822190fa95cd3ccfcec6d1270e1a1d319225a
images/non-fire/train_000453_neg0.jpg,non-fire,f1aabbf63d8f3e7a84cad3f9f225a452c23e98529e8397278d1bbfc267e99940,81be9dd317e20a52fb0d43b61dc7732f63c0c78a0b33441794e54ce34bff29c3
images/non-fire/train_000453_neg1.jpg,non-fire,9592a4431e6f3950e042d92e24819e6d63c8f71192340c9886a04e510ee0fc05,a628fc3c141cf104e1f9d2d16e449e12b6344cc4c6208f3b4fab8a0927813f05
images/non-fire/train_000453_neg10.jpg,non-fire,a8bcc2c70f0f4424dd1b3a1679ad8b74afcf1236768161e062db7223503b2d23,a972124d21ed9bab839f79805c9baa9c32b3ed1a2b74b2ec1a943dd5352c7b9f
images/non-fire/train_000453_neg11.jpg,non-fire,f0a82b2f3e08ff0e6d0fe77842d94bb4d607db04b04c9884e06c5d2883bbbd67,92084b245e6ac14a2edff3ed48e3c5a0cd93033164e0fe0c16b2e4b515217950
images/non-fire/train_000453_neg2.jpg,non-fire,143666b290a23a70f975dcc3dd4fef75ed97b74c70df238234323f2a4926dec8,d21a020f16c5a550b845a48db207f2d694aca3dc999dc7de9dc0197cbd623412
images/non-fire/train_000453_neg3.jpg,non-fire,d77136f1031a77246a6aea73ede874db59fafddada0827e21996752040d6a779,30e0b4b3e1a5661642c69e37b463e931c6f9512d86741c94915be7a662e66505
images/non-fire/train_000453_neg4.jpg,non-fire,7714f6c174272e6808642254ff54a243cc3949049a14051d28e56842dddf5cd3,1ddcd155b49e2966a02d345b41901a6159c630b4734bc13cb27731e3648e51b9
images/non-fire/train_000453_neg5.jpg,non-fire,dba62c2c8398f5c06f5037f40835f715859000e523509b114110baf1007898c5,cb2aaa3c521f8007db11a732b269feced2a8197f79b50304c3a1bf7ad56c1a8b
images/non-fire/train_000453_neg6.jpg,non-fire,238bcd46bed8b59b496a5645f087473d6895b01d6cc05496eea32b26028259d9,e0f6593b5b5004c67cb68791d399086c475645da788bf7e4749490e1ad6bbdd4
images/non-fire/train_000453_neg7.jpg,non-fire,fb275430544d4a2bf58c73d2794cd40e1e880639086a1a8e97327d886bdf2a4a,bcecf6db6b2d585659ee514c8fae2c7cb783a4f5517ee471bfaaa7537d120427
images/non-fire/train_000453_neg8.jpg,non-fire,84396e90798c152e19762cefa850c40228d065999f33cc420eed223e801b755b,9dd5476136775b822bcac2772c2376430ed93cce3fc2c92cead0722237d4fec6
images/non-fire/train_000453_neg9.jpg,non-fire,0aa11f5e1697b3df18ab9fbe061e34d74f3a136570da032219e99474aa5400ff,204be812b925d84cb1b3089e2966918100e112d599bd270b270d5fc2c3a74824
images/non-fire/train_000454_neg0.jpg,non-fire,e91941e2166411d126b1227b5bfc1488aa98139ac54b037af937d8a99c278f09,a2ccdc18950eb6909478a5755839ed601b120f9a2d614597dfd4710794ed7a54
images/non-fire/train_000454_neg1.jpg,non-fire,e36dbc79e0c45b701bf3a12d1c9553527075a1412dae5b3cc8e77ba58cec0641,25e390c3cd24d6e4ad173512a53664af8d164e2c96bded9c64c8a76c049eb64d
images/non-fire/train_000454_neg10.jpg,non-fire,fa3f8667c424e1898047a100b1244bb15c88fcfdea194805f7ba1ce3e3f0eca2,85392faac356fe7cc4a5fb1e0e212df332cc333ed465fec47344c2214edc8d3a
images/non-fire/train_000454_neg11.jpg,non-fire,71b8d013d1e0e0ba6253b4b008043c374ac2934ec0274cbe05e577d88e8eeb9f,d7dc77f67ac78b3d6d5f8e17c165177acd859234f04fa13a4137f7b6b4d138d2
images/non-fire/train_000454_neg2.jpg,non-fire,328992456b8ceec70ab88664d9c5910f0ad479333c701754ae1177a010be8237,08fe0e01a614302efbee3d0c7ecacd3aa9c1af8b97cc70899fa4ff6a8e329d78
images/non-fire/train_000454_neg3.jpg,non-fire,9770b57efd5cdbe25fbdcacc5e4da5944febe1b90ad849d6ccb2043bae2b6b17,7cb4dd5857ef11877bc06e28670ad88bc5226c7db4439892a1e235d668ecb808
images/non-fire/train_000454_neg4.jpg,non-fire,2b999d56ca3cf993b48877f8cc4262f495efda81b3496f37fe4a2dd6922c3bf5,5dc1f30c94631356e825bea496848f4524b404832eee3e702ceb35189b1aa8a5
images/non-fire/train_000454_neg5.jpg,non-fire,34ba3f9f432224970d2c64598d635b8a1258802403bf6bd44d700135417e07b5,875b02f13bf5b28863d1206b1f0b9ae5eafad8f955d6ff34a4ad53b7da46c8b2
images/non-fire/train_000454_neg6.jpg,non-fire,18f2b9ac29f8334d8e5a0abd3940a8e674156ee2fd4f78825b9a89946d0912d7,a406443ec63b43375701bffa9ce0979280f9c6eb34eb4984a4b602b9c0fe5193
images/non-fire/train_000454_neg7.jpg,non-fire,66ce9bfe9d77f62388cc863bcf8d79acffc7f87d44aaea32512179e0ba8d41aa,0e98df4f452a44ff81229e151096762862b60a54e5696b3378156bb6b89463a6
images/non-fire/train_000454_neg8.jpg,non-fire,9ae990fa53eca0c8e3f456da57a1617b970cf6dd731ac793c79d6dd0cd99ea85,825ef32146f44d1cacbbaef8c70de7c380dd5ec5a48ee6adec9670bdde569f3a
images/non-fire/train_000454_neg9.jpg,non-fire,bdb774855db0fd109ae2584d6e691d83b328bf2df9f1d7b00e4dd2b2e87ebbba,7f366a2f8ca0c686070dd2548fd3df73504c72b1276a7c4d0d7447adece5bdd3
images/non-fire/train_000458_neg10.jpg,non-fire,b0013daf8048261fde7ca986f32a13924001d2b1b67d501531eb787ee48ccee4,d491ffaafb7111be9ddcc8e03735710f94a83ac2ac62fa2feb15d568822b502e
images/non-fire/train_000458_neg11.jpg,non-fire,e1367a1a83c4217c81787a9ce9f743cb3db89abe5811be864b8790bfc8ff6448,d537f86bfd41995ef5d499de38c581aadd3b1b857b16678b8f4bd763b1d81c34
images/non-fire/train_000460_neg0.jpg,non-fire,6a20c8dd0444403dec445f01c11795b5a7a8c2d62ab906a2deac254965b219e9,9606eef3050ab4adb29311065e3dbce763b342ebb284932467dcdbc8af70d020
images/non-fire/train_000460_neg1.jpg,non-fire,4c9c488bca33499e68f7f6a37c646ed8db124232ae1384132acdcadd37c10158,b30a35461444fcc818db04fec1f28039b9031e4fc00ba7a77421b578f93c1a68
images/non-fire/train_000460_neg2.jpg,non-fire,7d28878a6d5dd77b1c95092097482e0a28d72fad2d80dbe5cd2da8e9f5efaf2a,626b3d41d87d97a6d6a723521c2536f817d5f42fb5750fa6d74c7b530b80734c
images/non-fire/train_000460_neg3.jpg,non-fire,02d3738eea2ca171805fe7a4bf53e788078e362eb4a533761be9bd48094fadb7,78ec085664d5fa890e9ee00a456214efed7596c055e37a4dd6a3e4e9d83f7f12
images/non-fire/train_000460_neg4.jpg,non-fire,5ccf6494226d352e715c411da091058cf82016b254c0f8cd50d8698fa6917a1b,e5e8124aec874ac9a0de4cc599dd28be9129f2e706da29740717d64a735c86fa
images/non-fire/train_000460_neg5.jpg,non-fire,d591fd2277c50cc594f568cace0cbcf45800d8cb0db5a4b678b91d7db7bb125a,88f038a880bc0a57e8aba727e1013f7eaf732e6b0ad1ad6cb7f2ca58c992b92e
images/non-fire/train_000460_neg6.jpg,non-fire,0b37576cc68548e278bbceeaa528aab68ffb28cfb0649c6ef19da7c2722c7080,eb8ad704d0378915a838e4be5ebf23ca2b096fd8d4a5b8064585e5b6f7b76338
images/non-fire/train_000460_neg7.jpg,non-fire,efbd0904ac6bf560623ad1304e599afe98c15279f2b288233dba7e15dec8bd5e,7b2828afe2efae271a77027e07702603f30a3ca597b7f392068461c7b631abdc
images/non-fire/train_000462_neg10.jpg,non-fire,fc7da240d3ef2f35c07171cd200be8fee0b81acb833eb1cdc7ada228b10a8cad,51a1afb202480bb540b1dc1091b19951a0d29817859357c910ac7dcd93c88ee1
images/non-fire/train_000462_neg11.jpg,non-fire,6c28bf83306b0f1499f8e34d3572b2d4eefd1e13b8ae9803234fa660ef5bbcd0,6b5a394b252fe61aaf891939d1be750fe337e5a673db2b20b663f96c67dc42c6
images/non-fire/train_000463_neg0.jpg,non-fire,55850ac1b678d0f1f701b5801f43778b9cb35341637c0815c4007a1939253c30,7822db26e6e383dc8eba577c14894fe1f51ebdce117ca9bd6c8824c77166c99b
images/non-fire/train_000463_neg1.jpg,non-fire,fe77399ea9c19c572693426ebf7053f5288ba1baf91428fbc57ea1c65b41b13b,88a3960c15e7e0d712d59ac6c7d62a91313e2fe9cd9d50868a2ebc92ae51b66f
images/non-fire/train_000463_neg10.jpg,non-fire,1ad5f27964e4a939ed847a33bbdc1eaa9ace573b371eccc66f9df606401284a0,0744a31039fbf2872301d35ddfd046d807cb6d9fe872d4e1e1a75a71c930e23b
images/non-fire/train_000463_neg2.jpg,non-fire,406bf55162496d85e0438e9628384b4d5f844b373b16f3b934e3178479b3e107,f132d4f2d2d0d34a9746e2884f6ec0c1260f60b8971e900354c07cf0ad3bc390
images/non-fire/train_000463_neg3.jpg,non-fire,81db5361ae77797279a9cf058c363dfb42779c0fe77c090b9a8122a3e562ce76,a30d4bdfee99885417bf46e0403b3ff3962c1829673d689af208f5f4015f232b
images/non-fire/train_000463_neg4.jpg,non-fire,a498a49596e77546a46fd1102d8e49c476d01696619a8aad60f1ce25b6a692d9,9e12998c44ba79a9d709f853c86608724a011f1dd87644f24dcdfb238a1683fe
images/non-fire/train_000463_neg5.jpg,non-fire,50e43ee584597f6cc65e80907e49d89246c7f6c35bbeda2b2ad103f164ad7027,b2369eb5f9b25424e9ad3b43eabebd623c13e5ff0529295d7c2a8650453604fa
images/non-fire/train_000463_neg6.jpg,non-fire,5bf7f3d811b3e8d6ff1fd9ff57d4908921ad59bcff4ca314b8cf1d686f1a3cbc,4b8304b33c11b500b13f760b35738edd0a5fb86b14ba971605dfe54dbbc481f1
images/non-fire/train_000463_neg7.jpg,non-fire,1a0076ae4da4bc79e3a3a802e927df9433d4d167cc6721e58fcdb5e5763dbc3b,07816c1a23db993ac8fe01dc2decd567e9eb01dd6817d2ff29b2945ce445c764
images/non-fire/train_000463_neg8.jpg,non-fire,bcfdf812c55c7330c1e273a9f04cfd30fd441c462eeaaf6973e42859217623b9,385da86cc6f79a1973279d0d542760cda660f37f4dd9503d6860394f5a67aa97
images/non-fire/train_000463_neg9.jpg,non-fire,7b7b7a36bee2dce065f57ef797c31cd69536d965109b1be73845ac21c1f9c465,3964c418aa502d33c5d233a0979542c56ccf782a76a0fba1964a482ca753cbd5
images/non-fire/train_000472_neg10.jpg,non-fire,874d097580b72c7fb827b69b36ba0cd349d6b623f0490b3c897a64e1bd68b0c4,1caf03963f26bac0ca63fac4dbf85872fbcd1bc72edae24d95f2f119b7b979e4
images/non-fire/train_000472_neg11.jpg,non-fire,e0bc2247d29ab1333081c76e694cbcc56d469b64841d352e4be335e537b99cae,6a2c577a454027a9b1958dc27c5e3520632b70d61ee1bea7d9164d23e886f930
images/non-fire/train_000472_neg9.jpg,non-fire,fd217a5c510c274fc15dfa0755eb9a3692a4e27120b421cc3fcfc137a90c804d,4b9b565abbbaf6b52477b6688c7e1a94e4432012edbfdd486cf432267d684e3f
images/non-fire/train_000475_neg0.jpg,non-fire,0224cd598cea6756c7d5b2179e326118dc8c3b1674f6bc49d126a4fc6cece7b4,bb7ed28f0a48d5bd71d962c14ba29134000a9ee480a28dd70f345e5ce89ebbe0
images/non-fire/train_000503_neg10.jpg,non-fire,7267dc96e8b031ff2a437f06fab0dec111b66cf215ae9776c0f357c4407b6305,90ac1aeeed8e96912a0595696a7180512dd6a4074fb88fed6f3031fa9c570d96
images/non-fire/train_000503_neg11.jpg,non-fire,794124ec9f12d45578910374b8516c4ab13787008469bc2e9a38c3d33a335c70,7759d6e7daa4bc6977dac7ff9c107b3d790277e0c1c698959dc61c6c83536a1c
images/non-fire/train_000503_neg9.jpg,non-fire,9dc9c83ad8d27c30fb6408e4a2d91318d63f59ee1331e1dc120e2142a6c331c9,24c53ce9f04aa67fe67f9ba8abe14bf9c64982fe1e53d2cf86fbbfd2fb019bf5
images/non-fire/train_000505_neg0.jpg,non-fire,b9986af8c245502fbc61d290bfb060d64af5fc9b5836d086347ed01007f33874,7f049a31ab51c4bed7ff32c2b0caf0efeee0ea584b8795581584e2c721b8c33d
images/non-fire/train_000505_neg1.jpg,non-fire,7694c113a61cdc2b539fbe8aadf544a6fbfda6c0a4440b65204564e079b9687f,97e6f05aefb364f689b93b30f2401aed72a13dc6097b62ddc038e31dc52cf8dd
images/non-fire/train_000505_neg10.jpg,non-fire,c5dfd5fba73f4c11f003776f622685793d5dbc5b5ad1ff12b38c36cfe90f9b09,58a3b0c4db5b72a68dea8f8fabfe55c4443fb624e31cb21caf753dee0ca2f340
images/non-fire/train_000505_neg11.jpg,non-fire,6ff29a68c869454673ea3ffa8fd463e83c3fb3607b9fe4bba6553e3bf5e8910d,b39712bf9ffb7de21dbb4f2ac8d682e7573f8c6560cc9409e396005e118fb14c
images/non-fire/train_000505_neg2.jpg,non-fire,86e98b5aa2f4a73d8ef876f5fa3bf6890805b404b1bc747403e8f7dce248cff1,4ca9586c7d3bff77bfc54bec2750144a4930e3867e098edb6761027441cc8a9c
images/non-fire/train_000505_neg3.jpg,non-fire,1708aad461a820f5a3d6463254f5676608ca827defad34a2113fd6dea1176850,10ab156592c94305362518ebb5e97c5e2162034bb938f09ab4c3d68dd6523bb5
images/non-fire/train_000505_neg4.jpg,non-fire,8975a76d7da6d58c07fe7ed8e0114480b261af622aefe5cb8e2eac35a08dbe88,b1b6d76a41cc30138869fdeaf6acc002052a6f22f5e4745434befad1d43bbae7
images/non-fire/train_000505_neg5.jpg,non-fire,9887ef63d7a7ce47622de3ee572dc5b817a941e46b38e85b8e3ee234d94a3cd4,780e7b6d8fc2d07d9257f70a621424a51f5047e19e890c950252afb8b88e0c43
images/non-fire/train_000505_neg6.jpg,non-fire,cb5991ddf625a503e909171b8f20e994db3c9b36e82c35d19c942aafe48ba9b1,8b72549228755af381258e19b58437da9019e442c9c0922ab59ffe2e4165cbe1
images/non-fire/train_000505_neg7.jpg,non-fire,1006db32857710f70f5de3cb479f70921dde6e3f254682591fac5d0a54fcfa53,3c671123d2a519727cef7a3fd0ae7cbec65b8d3b881e1696cb16a4ce07cba6aa
images/non-fire/train_000505_neg8.jpg,non-fire,f2db428c58dc6ba6c5af1a8ded97b90493092962b0ac4f1bbe9f5683dd407599,316ea7f32333dfef0a1cd81fc3a841b0ff513909970fd9d0544cf0d6010961c2
images/non-fire/train_000505_neg9.jpg,non-fire,fd20e3d73c2ce33469df375b244447ce7a8a3f351e7581ed3156612eb235ee7d,87f9ea0ec62c4db95d62ea56c4e3ddc5711be285a7ad2c92cb8fdde1ef6072c2
images/non-fire/train_000507_neg0.jpg,non-fire,34af2a4080ec6872cbeb5b97b1186c147db7336ba696299b19ec7b9768be6b38,8054d0698ec10131c26370798815e9ca6165ac71f839fa2b9c326fbc5a3206cb
images/non-fire/train_000507_neg1.jpg,non-fire,65df842663680319ce1d1627e3454a31869769953283a206ee20dc28026a73ba,be76a47cfabd176c79d9bf9fa83b7d2975b58938e23fa468430d42cbb9c46d7a
images/non-fire/train_000507_neg2.jpg,non-fire,e1d2f62c980e3f0f6ce7cea41cb156e84299958f875de65471d3a8245796d0a4,8e3f87b89de65e76eca80a7a3df4b42c7a24eec11e774f74b08044b94b39e1df
images/non-fire/train_000507_neg3.jpg,non-fire,ac68fc7661026ad74d5c996fd9ec8c4c0e333b419903e0765275b236e98db499,61752fce4901ff3e634caad0b57ac5a21c3aadcf6243c611951db98afa5e9e47
images/non-fire/train_000507_neg4.jpg,non-fire,75b8f99c013bd5b22f03ffe07c5bd88bfcdd7eb71cfb69542c1127617efb1fbc,4ed835b7b50f649fcd0940109a706d2033047284f614f7dbbc67df68127106ec
images/non-fire/train_000507_neg5.jpg,non-fire,283371693b54faaaed15269a34aa08ac175171cd96a04e5d6ce952f39003768c,83693c27a04e8007b2c0e29315574837bdc08d9c0d1976f638c5302d51587880
images/non-fire/train_000509_neg1.jpg,non-fire,93b60b2efbceda4b5e25e7d1c8c8a6c8f33821bb799d53a7661755d682e870a8,fc7ab724582f3b25fd32f318c63d73a54c5aef492b909d46c14c4af4aad44d39
images/non-fire/train_000509_neg10.jpg,non-fire,3a0795bf976ae7587904e9648533d8cb4c2d749037d1402632ac2af9d2163ac5,8084e3168be09c1f99d6e647c96c8e6b04e01bb3555ec0ba78c7e2cd8e70108a
images/non-fire/train_000509_neg11.jpg,non-fire,956868be4d21ad3809de8266d50067f4dd658e726d559ad93e7b14db600609ee,68255cf94df6972383c0ff6d3d735af6277fda71793b7f6f9cd6c7507119b5c9
images/non-fire/train_000509_neg2.jpg,non-fire,d182be40aba5466f7656dfff8f86072592f39ce95660009776761fc747373f66,ffe25d8e8d0512e6c3333519c5260183a24660429025ae2b0e35af03e7010877
images/non-fire/train_000509_neg3.jpg,non-fire,2518e2fb7350857946f2a93883fdd7ca4a8af657c28cc79095fc20c929c2efb3,bc24c1bc170b04d1357b8cd21a3ca9eebfc633d1bdc30ca573390e77e584fc4c
images/non-fire/train_000509_neg4.jpg,non-fire,12f75d421fadde6e0bb8a573fb7316b7f8c30926059943e783eb5ddda536cf1a,ed9f1073a1d8cab305c8bd5e43c2aee03d06a18f1bb9dac25603fed74555e49f
images/non-fire/train_000509_neg5.jpg,non-fire,7ec5e429209869277995ccb5b64b5e018bf9ab504ef0574418b2aa551a8f85b5,71cd69b87028ba9ac09ba682abac09e9565c5516b020c3738f1bfea658f36ed9
images/non-fire/train_000509_neg6.jpg,non-fire,3d36d6bfc084838c271b9d403ddc37c4d0e4c517efcf2cd00aeb6da9d736696c,d707f1995e6d66004d44c3a58b476976daecd6026cb6432f36291eab8d690d2b
images/non-fire/train_000509_neg7.jpg,non-fire,6f2e4a594b4e4b3a9704707a772d8271c0c43f8a4d105855a92d318d7f261dc7,d781807051faf393a9c41d52d67fc04dd6be84daef32ee455c7d2427d1478c69
images/non-fire/train_000509_neg8.jpg,non-fire,8142748bccbe35afb5d652e3db89b03f47156397a66aaf14f457954fc5d8294f,4e5af37813b47e1442d2b527ecd68daef0c13f69d6dbc63870a74a247fcd0fb5
images/non-fire/train_000509_neg9.jpg,non-fire,3f603463066d7f0caf8ff6653fed6438192772e70ad7ad14b4d2e3d2ccd3cd4f,e38512ce3aac74ee6b9e9ba4503b2f410c276df55c33d3d8059e0829169560bd
images/non-fire/train_000516_neg11.jpg,non-fire,92e70fa6702e37e34d995d83a6ef1cbdb749cc17ff55f07047fd9e626e020bba,512142581a445318fb7029b4be657fd20f8328851a78aacf571e024ddbb51c41
images/non-fire/train_000517_neg0.jpg,non-fire,79f31530f72b05a091fbe500de349c3480de2ead115c4fadece7a05e926129cf,f7e4a2b417b1d751aef39aa24a5b3d1abbf1461156a0f88c29f88e7192d89df7
images/non-fire/train_000517_neg1.jpg,non-fire,77f3f04b955c22cba29ac0a30a80e2aa5f0d2684de9ac11fe3030e3aff8d0dde,a9dbb577d675fe4d7e75c3b8b0a8d9a4441ecb402d55193207712f5ff2667848
images/non-fire/train_000517_neg10.jpg,non-fire,f4d619f9b61f4d561ed64ab5748d01b1e3fd1cb7b0976f0e34cb34d5ef1b8b5d,42c633c2cd200b17c3cc18d90e5a926abacd785d3fdcf44f0d57b37bf407767a
images/non-fire/train_000517_neg11.jpg,non-fire,43c20661ab282f5228e138876c33fb82db6699eecfff43b766174392263fad46,50013eda1373a38b6e84b1df41f2c4e4033fe974a9e6701986064a68e03c5d87
images/non-fire/train_000517_neg2.jpg,non-fire,fd79105f2c58a4c0d57458633a4a62baff71a74ef169a5204521c57012b7cbaa,1d82025275758bb67875a6c138622ea5bd60bfd55677d27eace1a5f64166042f
images/non-fire/train_000517_neg3.jpg,non-fire,6583a8be2762800752cea078044447e3e1e090ab794891a6549a1e46fa266a3e,1b8f2448ab100ef9d4612dc4934671ff4568f3c8a635c3fd1e59eed4d757371f
images/non-fire/train_000517_neg4.jpg,non-fire,5377d5c04e7a0bf5bd42b2a2fc8ce2da2cdf288b8d48c1e6a977d1a64f9c2ab4,6d2e2241bd55fe3572f17e482b1362167a9b3a45c9cdcd4eedd0bdea1ce6c71d
images/non-fire/train_000517_neg5.jpg,non-fire,1bd3ff04fec3da6ed810f714dc9c8cab097f670725e0310f78b05df0a42c43cb,57e29f5e86b4f96ba724ea85f5c30f6fe86287a94f1c17b5657d8d73288ebefb
images/non-fire/train_000517_neg6.jpg,non-fire,c6ad41354e404c8d95f5ec47a687aef9cd2a68543f23c1c9fb692b14e497e4fc,68b9ba1b1cfe5c8837afae7b1e5d8d60ddfe349bf3bef9d680d3a22ff5f0c5b1
images/non-fire/train_000517_neg7.jpg,non-fire,df1b455c01f78aa91445e98539c398f72be0241bf6bae1bc756391229331f704,4aea8db94584f44318afa48eac1607a67ef76cca9f26dd438ab16acbf7c16c11
images/non-fire/train_000517_neg8.jpg,non-fire,6db556b670d4fc578b2dbb037985b3d314510cbac387636eb9da48a7ada4869f,f38b07b268c2b4281c8d581bd9017c25f79a297010cc95f696281b3582d818d8
images/non-fire/train_000517_neg9.jpg,non-fire,27501d8b684f116fbfe7506b076b2960dd73fe1df93c3814bcb67dae85b1ff26,2127b9f02d897ded11ef77e80fd8ad85ca65a9cd34bf4b3c8e9e1f5f0312599d
images/non-fire/train_000518_neg0.jpg,non-fire,dd4dee81a28d31345f5969deeef2ef7850a422626c19d3d194f55b4f2514cbe4,1de76dd20748c1b831493cbf4384b790eca91ab1b5ef944095dbb02b01edf29a
images/non-fire/train_000518_neg1.jpg,non-fire,d13d1500faf31d1c6973fffe6a976ead07d4a88ef2edf08e229af1b01d8a2ea0,a836181065dff62346562d48b4b620724f940c0f04eb3cba9ffbe2f43fe429f8
images/non-fire/train_000524_neg0.jpg,non-fire,e65d7309250a45e7814daed304356c0acbe170a8edc1c89f0934bfcfa0e6adb3,d780e70790a67570adaaedef76d46907e292c235e5f74b1f15c969c39a97b1d3
images/non-fire/train_000524_neg1.jpg,non-fire,5702781be5ca6ecd4727e4ad45cd42f4a01a6b97306eb82fe6713992e29922e9,ad7efa6c0d0490011bbabd5105d7387dc08343afb5e94947b0c2fa883928b294
images/non-fire/train_000524_neg10.jpg,non-fire,cb83dc60205c6d0562a219ca3e0db33e86648da91e027328b5c21a1def68a036,8c549003fc49b7d9e6f4876d9ead94a782cc1daf0936f488520886a85f7c2e74
images/non-fire/train_000524_neg11.jpg,non-fire,f2e33a5cc4f1453cd499fa65a49b377d9579ed4a87104c59882e4ed8cbbb640a,d4f72dddcbfda9a73f08bec20e48d75b368f6659a38d40dee80ad96967929a85
images/non-fire/train_000524_neg2.jpg,non-fire,ca01078a0d468ce820ddd38cd2741dd3c1123307c2149963e33e398b846d174f,689e5e983bf16c35b1ca93217322302e29685f8896f01b78f07f8daed988b61c
images/non-fire/train_000524_neg3.jpg,non-fire,c28fe0df37d89a919847ebe5b741eec281cbaca482980bddb5cb76c819d9a340,75588f8f1e637f272c019ce69ef56e35b2d8a27652188a489a7b65e28fe5ef68
images/non-fire/train_000524_neg4.jpg,non-fire,d547a4f4255c615caa1530ba4a50b0efb3e4fa3451b824ae3cb15ca4e2cea7a3,45066c94a2f77fd79c678ec71d95e252f39ae20e8a7c3dc37a409d35fa68eff4
images/non-fire/train_000524_neg5.jpg,non-fire,9016bdb0126aaf3008a04824ed19878e17728be5d11630f44cf8ecb376701dce,aba6a0f802739682ed397396ac29538b045d401f84fc0a63b1938cadcb2164fe
images/non-fire/train_000524_neg6.jpg,non-fire,d83281ea552e7058be9bb2625ffe02ef0723acacda073b610c91f56a705bc5b9,1a3132331fddf409946f7490e7925752edd5b5cf93784e0e031542574566c6f3
images/non-fire/train_000524_neg7.jpg,non-fire,f3e700a2006a71c2b6467b02d30a71efab97fe6e27dafc670b0b25cc797bfb40,c4db090e63994178d8c158877d9f7cc7bcc3b58fbede682a808e6997eab66366
images/non-fire/train_000524_neg8.jpg,non-fire,98d18a80c0ef4ce5dabb445826316177359d7f5a8a96929d6a8ca938d917301a,06392d2835e17021136a5e92eb4147eb6373ee4e171d2cf513f59573ddd8d931
images/non-fire/train_000524_neg9.jpg,non-fire,d2d11343044c8958df670cbc77cbed195cc14976dbc5e410ce25e611917f7aad,cc4326019a9c2fc15bb1a7b5d91a5d5b9d4e75938bc3401df13ba752603f9b43
images/non-fire/train_000525_neg0.jpg,non-fire,6dd966bdfb5b654ca44e1c918344620c2144552c61393b7936d795ae5c9c5a27,59a0b390f3345ceb2caa8ed9bd71c7ec2920d65c63dd324973bf8f3f6028ee42
images/non-fire/train_000534_neg10.jpg,non-fire,060a749caf0bbca285c4de9227a22bca5fbc261db512b5e478ce21b39972a63e,5ec5181c7dad23c2edfce107ef5bfbfccedf2c5399c39b33975aa8d9bc86d1f1
images/non-fire/train_000534_neg11.jpg,non-fire,59a16c933a286a75b066c8f7db9394ef6ff3dae8f1fa873495a24cf461057585,bc09ad062ceb34b34527a0fd14296225d1bc4ac5f13281660750fd2b74260757
images/non-fire/train_000534_neg5.jpg,non-fire,f22477bb33c59014768dcf980ad6b9dea2f069103407fd539f4fb3724862f2de,f8fb1deca17ebf67f1f76a8707b213d5f23099536c20d6df9de96e8c139aa631
images/non-fire/train_000534_neg6.jpg,non-fire,06d3cb60af919047e2cc2f715899592068eac80ad8f0b07527b612ebb514bbf9,c5f036fbba1d793631e482acf1cf9f07de528251deaa0d92f94dfc77f6131d70
images/non-fire/train_000534_neg7.jpg,non-fire,34249a7b710d5246fc768238399f45bc8b68c040a07e8dd5ec7e0ace239ba462,5e7b1e98bef24e9d4cfaf79f482bb958bb0fb693341dcac8ff2bc8d1d6d37ef2
images/non-fire/train_000534_neg8.jpg,non-fire,5eac8bd818507c498646b6e212924311358668d5a4179f9b686231a2062fb39f,fe74140c931e3385716ca173c90eaa666afce1c71911bd2aa223a2b641618d44
images/non-fire/train_000534_neg9.jpg,non-fire,d7cecd5294d1025222ce7f8e1876e8c6521bc927ff783f6557831c6e8f3ddfac,3db067bd61da9868999d45a1060182f6dec67e384b56b31ff02d13521b756763
images/non-fire/train_000535_neg0.jpg,non-fire,7fdb51e9da4b8aeabb80ab54c8f24b7ede28f8066de89d983562d9d8c6ba8a29,6c6bc76054086264a4be8377e994ca8041fbfb26e9c4f9b305a22d96bebef2e0
images/non-fire/train_000535_neg1.jpg,non-fire,be3fc35338cab75c2ff265fc69e867d54e6385dbde1b2316aa2fa7c3112b055c,ff4e899b8c9625c2db91ae84d801c5aed5b83f5dd1b1a4495f9c871cbc42b079
images/non-fire/train_000535_neg10.jpg,non-fire,abd837f446be5f5a62a594bca333a0996c52fe7a4857e5041797bd857cc7ec36,f1bb712eb5e889a089893b0c619cdc7675a949abac62d278c6e027e765c81b0c
images/non-fire/train_000535_neg11.jpg,non-fire,9f0e376938c0c22aabf3bac4a3b907d64560be729f30b2c448987fd2b10bfe62,b7cca70dfef85e1e53d9997225030eb75f50ccc252e981d85f1e7d2c6dd849ca
images/non-fire/train_000535_neg2.jpg,non-fire,cbe384dd6358c266856045512b11a404a1b2434a8594e0664843999517f104b7,0fcba1adada9282b12d34e2363af1f79a5006b2e65be520e04d7357826a23fcf
images/non-fire/train_000535_neg3.jpg,non-fire,1ba91ca32a6e164db24e4bb767cfdae1143a0b240151eb08bf91433ef75aaa8e,2a1a1f81232ba93fefe535c8c0406ded7af90fd6864ad9e562444b1492566277
images/non-fire/train_000535_neg4.jpg,non-fire,2e3b82fd92e1889a809641f13313861836513afa8677b6532ad4e07b33390757,074b009cf2961e87cf987d3f2df6d4a1ab2a7c74299678e2255611dd8a89112c
images/non-fire/train_000535_neg5.jpg,non-fire,43f171edac12c7822c6a433d3d4e909433e465213bc7bdabd8117465b5845c2d,f3df611e464655a6799c8bf371ad335cb9de3002ff29d0a02541538c8317010b
images/non-fire/train_000535_neg6.jpg,non-fire,1794067e19b12d5a3a24db3a1d8feb4809ebdedc280952332187fa98399ca8f3,4adfa804b3b30936bba18e82b8528b30101532b737898b10a39d123cdf325973
images/non-fire/train_000535_neg7.jpg,non-fire,385bf700bdb4fe4a3419534468787c015fa8c5b728534d6122df3d92050c55fb,2f87b4cf4b70b19fbe6e67a259d13239d25590c77168426d1b33935fbf6f0716
images/non-fire/train_000535_neg8.jpg,non-fire,f1a62171c10d285d42f0f857f1719c4a0ef243b40db6e4e612dbe6897c952e37,c204c046dd11fddb522dc206292c31e88e3f068c82ddf82605c0e7ba5aeafcbb
images/non-fire/train_000535_neg9.jpg,non-fire,46239bce9dbcbad11130a8be98160bbadf98ddc29ceed3d7136af257341978b4,e7e982a7debff9e59d0b5b01fde0a4a3acda90f29d0e464b5e11f88366c9c0dd
images/non-fire/train_000537_neg0.jpg,non-fire,326764f8114b9d2e99f67a468983206dff1796107f9d9e757614c7f8233094b1,014a180bcfce7c2f9601d73429e4bdfd958780f70eae7155a7838555c58f84e8
images/non-fire/train_000537_neg1.jpg,non-fire,8a5ee64059320b8056bc7a1a19a6ef88cf79abf4936760a2d04d97a48c4b0cf7,c20274f7ea4913359f042670e12af9a9b65aef6ff8b060172a0df1877df80519
images/non-fire/train_000537_neg2.jpg,non-fire,a6ccb83ca9b97f95c6c05bd0f4ea78f911f1d01a63163a15a5ba09770aa73862,a05052780f8866b5f8fad202d9b47207ffe970e29f8468cbe2b1b860064263e3
images/non-fire/train_000537_neg3.jpg,non-fire,cb2e1ef5ac9e268056afe15f02af44e65dc4bbe82f9b884ff7f339d9de882694,f673a4160cb5d2b53b29d703a1e150c8bb72902bac2334eb160b6a203a7f86ab
images/non-fire/train_000537_neg4.jpg,non-fire,a4a5626d5cbb7193a6091f2e43253e02648892efaaa2b300d6e66e5811b83e1b,d289f2c2ea54c6a28f99676f25b574659ee6a17265c395de4ea0237379122de8
images/non-fire/train_000537_neg5.jpg,non-fire,6936a7d842d782fad8aeb952c6e9c9ec300a718ab7766612051cba531b49df93,4ef518fcddf2cac32ffd9a1e8303c72448f1d3d6f14d9dbc87e67702546a396d
images/non-fire/train_000537_neg6.jpg,non-fire,ee95ca6c253ee3841e44ae53f678a42cb666911b1d58e6e1c8d432696df6ca9b,9ca7b53b6357e5cd715c4b3726221b10dbf0e3111b550a53bbd4ec6217beda71
images/non-fire/train_000544_neg0.jpg,non-fire,80b7f16154d733998f201ff36b8d5d0f893576b3ad81c64c85c10a2a9b37883c,4986d9a50f7849472f40cbfea5c9cf46384b0954208d6fcf072890d477d98cf8
images/non-fire/train_000544_neg1.jpg,non-fire,c0d86ea4981c5ac2d5c8873d6fc3b73c447c7cc003eeaa4fd7a3fc10808571b5,703688c3f4d5e41aec657512bb7e779d936602943f4fddcf99eee305cf67d7e5
images/non-fire/train_000544_neg10.jpg,non-fire,458b6ca17677c7cb27a9fc0c0fba2185cab7c3a3661477b8d9bbb25f07c43c53,7608cec1d545c1089df044a7f164d35479009fbcaf3856412dbfb4b3ad97c427
images/non-fire/train_000544_neg11.jpg,non-fire,614bcdb1e6c9b2301093248313abed2620aed838f32f64e307240b833e6e6544,606f7db9bfc0aaf41831a73ec5ad5ff7535c5d4d6084480306173a38baa0922f
images/non-fire/train_000544_neg2.jpg,non-fire,060e5a9ae0a4e4e6e42163011175f2244bd37ade0e37b754638fee8679c53894,5441b14266fd824c12f86eae835cfedd48883091ccc6529e51aae1d5739ba2b1
images/non-fire/train_000544_neg3.jpg,non-fire,d386daeba08b2e732f7344bcd3684ab5d8f3f347a711ff262d69d49e32a9191f,8e30dfa0927624abc5a2f18e1fa70a93c77cf5707ca0c8333a56f46a0839b754
images/non-fire/train_000544_neg4.jpg,non-fire,529bc402982f61fcc8529743dc531cd2b542b91095d1bba8f32e9ef43cd009c4,7d931b2d3d3508a4554a0efc4d31a68926c0a2c4b40d87fe583cf2c73cdf1020
images/non-fire/train_000544_neg5.jpg,non-fire,61ff19301d7379cea7fadb90f9ed4adc339c4136e52a5c5da588a7a9559b5eba,887342c6064e52ba686066899a348d1d9c3d9ee1288602e5406262baa2af45cd
images/non-fire/train_000544_neg6.jpg,non-fire,450882580eed9d151509183f01f9e4636e5588a24d94b77bc27c57759c612834,981149e5ece05ff88c7fae12e103067b6b6706b60738f9038b7126bd1b813fbf
images/non-fire/train_000544_neg7.jpg,non-fire,e2dceea717f6937a7855d9fdb7e2cc301fd7f7936a23c17f431abdaee5c7be95,8a1dcb2a6572ef4e44e64bee0fa403ee0e7e85286e14772eb83d8130aaa906fe
images/non-fire/train_000544_neg8.jpg,non-fire,483a33cb274feae66ff6fcea7b8fd483523e8bb85d1a5fa4b1c47ea556a16697,0354b367f6e1710f64c3dfbb3674fdc03c9b46e6ffe85e8d74647aafbca2f8aa
images/non-fire/train_000544_neg9.jpg,non-fire,5daeb9be33116a9b9edf4ff3b279f0ff72b943d09488e27e993df8a99a8b6d9c,8edfbac9bae2fa49904e3a73ae373e45761de8cba184cfe22995ce5841c323a7
images/non-fire/train_000555_neg10.jpg,non-fire,8945fc39c76c5c6fa727b68cfe1465e050304bc0e443effdd6eea7f1b6e7537b,ece4760797541be03bed9380bab573d294151ef4ff7c605a963ca51d91fe6c77
images/non-fire/train_000555_neg11.jpg,non-fire,a9098829960b6b3c816e6061f9036e9cbee32a48ec60f213c79048438dedeed9,8993a7e5f7605d84a7f24c23b7adfe7c169dbd25223e788a10c75d5e05298ff5
images/non-fire/train_000555_neg9.jpg,non-fire,751a86ede101dc9d5fb84087574b1cbdfc0295441a26fa72ea38cac09b7f7046,25ab6678811927592c15324728ccd12dab098dc77e7f305aa8916c722bc6aec2
images/non-fire/train_000556_neg0.jpg,non-fire,ef6f86ca77ff839acbd88623c86e3a011c86b8628cd43b476d543ecdf18812cc,0a77e90bb58d9a7b2a74d0eb36dd7c24bedf127b07e2a9b558910e9f38bf17c9
images/non-fire/train_000556_neg1.jpg,non-fire,231e909574ca4711729be6318c7e2af29f75028e03702c5940e60388a163c49f,a56058d1db219106ba8f88de778c4972a4c316fd432f7d3ab9d11711b4c37162
images/non-fire/train_000556_neg10.jpg,non-fire,0e9df16f4ca0c324220c44f54f94dad8c9b835f5970f01714b0e2f4a5d42ae66,c15ebcc79b66514ae489ed39cb5273386f12086cb428f8c4563e78bd9b15ec8f
images/non-fire/train_000556_neg11.jpg,non-fire,e4e006f98638fc32aaba3f3f2072503debf3a48c5e29e536bd56768b6d45a426,a5d6e8b6fc69b18e209193fd7237541d5cb65da9f0c09b7144ed30d116bc435e
images/non-fire/train_000556_neg2.jpg,non-fire,992e7a85cfd17ae772c270e028932bb87ee4a24d1cab05e93524c3e3d01ec6df,81d8e1e4a3c30810d57beee69b012067b2f8edeb1b1cf22b22f55cdd111b6933
images/non-fire/train_000556_neg3.jpg,non-fire,9f1bc8e8b54228ed3f56bb8de6fc5dc0b86517ca9b88d2f266803d712d6d528b,87e624ddd37f60f27756e9908090a8f5228b728317b3db0651b15d3cd451e193
images/non-fire/train_000556_neg4.jpg,non-fire,a9682b68935a6b41ff21d6d70558a030702218c2a8433fcc7413c98620c48990,bb9ad8f89b0d4d276f085e96fbb1f422f73780f620b694e2ca684bcc4f7a083a
images/non-fire/train_000556_neg5.jpg,non-fire,31daa9f2c75e3be4bf10928e4458ab61e959de3909fa7ff8f507fdf59f2973fc,07e0239bb4e92fcda07d25b523a8e65633be2317eae30a20facb715944258caf
images/non-fire/train_000556_neg6.jpg,non-fire,393276d39bfaa25dc09244f71c524a77401fa3a2845050385f99d2fd507928ae,38812219d205131730dafa4ab97de65611269a96dbea3fb2a6b191f67b4d74c9
images/non-fire/train_000556_neg7.jpg,non-fire,1e4238cc563f30e69133e6e69f7f958623ce806623182274d17647d23b3d4dd4,03b07a3fa82065f79e16bd49baa297152e1b0516b819c7a78b2b5a5490f27130
images/non-fire/train_000556_neg8.jpg,non-fire,2ce5097f62731c0eb00bd1144f7d46ebeada8a5c4018e16645920753a02853c9,f8c22312f9d63edd7df1c925cf1d25d6a3033d7c7c839b6711be0267330ba0f7
images/non-fire/train_000556_neg9.jpg,non-fire,d007e4e1840744a5aca1f19d40414b2a974bdd1ddbbda41cc955fd467938f6b7,3304d5de7c5917e04440be510544f70ff755fa12746b3f18a65d2ac5224e2c9c
images/non-fire/train_000560_neg0.jpg,non-fire,6fb8653dc603e298f8305764e6bcf46f78302019d2a5dfde5f5c361c833371e3,1026915278be41165e0e4d43271761e697ce8ddb9bf5556340aa2d154b816f9f
images/non-fire/train_000560_neg1.jpg,non-fire,dfa08e7e70caf97996b065ac0e2fa809f86cbb740b517e4a253808bf8ec56b32,1af9dc3a9cf7cac2016298997ef64e53c50b2c222c4e13f64298c1b43ce2e241
images/non-fire/train_000560_neg10.jpg,non-fire,de53f7adbb55de830c6b8010715181d115d2de3b152ab602d255a5ccfd2d4639,59c0c81ec21a649a13178ecb7183284cb4a867e83edf24b791ea48411cdfb612
images/non-fire/train_000560_neg11.jpg,non-fire,783d68e911b9033034a5975a46501dfa2afc80108a7b791f1a4ebc0fb352267b,cb14da047e7f6317fcb16911b6c0ce5e86185b005d5b1cb451e3787976778fb8
images/non-fire/train_000560_neg2.jpg,non-fire,f0f751085a096fccffcc5ec08ea98927ddd0aca80d23c7ad9c8cb2c20239ea4c,d20301bec7d0d347c8f2cc5f13fce44b1cb9889095b78c9fd5544f454fe8211e
images/non-fire/train_000560_neg3.jpg,non-fire,c03cf2799dcb0b0a4913ccc3876ac74a357a2014e496de7d8d60738e5013ae74,e5ff87ab5fe92958be41c5d285300def6cdef984caa172d22b38f49f79153b91
images/non-fire/train_000560_neg4.jpg,non-fire,1f5e03e65ee16af08233841bd42d5c39d98d060907bb707cee35348872a714ee,9da3844f6b910c667c3954f6eb9c25cd1f9a8b82991ef6e3a1ad89302981c213
images/non-fire/train_000560_neg5.jpg,non-fire,81df1ccde916c1c401571cb43965164619566bf4a2ffba01261a4c6e8f55f1fc,13488e4215fd19c4e8722628d495b0db33525ad29f497406ea9bcca4fbe91409
images/non-fire/train_000560_neg6.jpg,non-fire,824446edd4fbeccea86f59cf10c76d6e424e110b9984dbacb889c3a4fc7ca124,3748d961e414a57ae52f887e401155c4d3a0a4dd53e116f4a0af45fc6d0cebff
images/non-fire/train_000560_neg7.jpg,non-fire,320783d4ad2643a8ec813bdfb8745be03b18683208e1cde206c3d0416b22b2e3,3a156ec81696110e0ccc1838a1ed8e5b9515fb0dfc456f1b471bdbcfd9dd2fb7
images/non-fire/train_000560_neg8.jpg,non-fire,6ca98ae7d0178f6a6e6d8a1dae56cd4155853cb09cfb7b8871656466328b1865,dc8d6c60403a39daca20f478999d4bc247449968696ed3724ad2fae56bc110a6
images/non-fire/train_000560_neg9.jpg,non-fire,b04233d59b587fcb9b5277acc0693a5a5294db895df7c1c0df3c0109f136de1e,5318258f199cfc9f9ca102f49102b505cdeb362298b71f667f656e659a0bfe6b
images/non-fire/train_000563_neg0.jpg,non-fire,1de51e66eb4a169e2fd9c6740577080d56223b4c59e9c4ac4adfff0d027de296,a3269a2fd4d6ddae8b7b73e612913fe9c14fd84f6a29e2c670f42167ae0b7303
images/non-fire/train_000563_neg1.jpg,non-fire,8496daa079b7c8c4fedd6887b3cfffaa7f0809f387103b10ee64af1317dd4d45,70cb7f212c4358efda253162f0805ae8d4da2615b205531d85c0d08425455b97
images/non-fire/train_000563_neg10.jpg,non-fire,5206adb64d2f1cdd6513992b971aac790e07a58c7372f5c15af686ffee50ea91,20ab3d42de7bb0f42e8a0fd87ddc7a0cdc14f8011cd73aed0b6a7c13f434d621
images/non-fire/train_000563_neg11.jpg,non-fire,36ff9f104adc82ccaa8d31a41387f7dbceeccc146bf9974823db9e12d3e9d7be,994786b585be214153d5ebd4ca0bc816f22b7c120da627ec879a277a4101cea6
images/non-fire/train_000563_neg2.jpg,non-fire,96129f2099caacac3dc09462cc713af459b62f26ca46f7cbafba10d703ee2404,1bae70d05be96b9cd7aaeae5832c29d66dc92fdb42052b625ed67fe2fe557655
images/non-fire/train_000563_neg3.jpg,non-fire,67652c87b879252cc5af386434534b688754b69c17f2b3749e0723d748146fa1,cf08d946edd807d305830cb527d422f5b3d2f5d93a947d70d62ce303e5c89d0d
images/non-fire/train_000563_neg4.jpg,non-fire,eba67934fc6fda8e8824fba322fbddad93e468889a1d932d51a5357ef5aa6d61,4418fba932026eda54b8e6a5d00d6debcfc5c8a0aad1221c85116ec6d5c76505
images/non-fire/train_000563_neg5.jpg,non-fire,af4934cdd81f01b5cd675fc2526b4e6be3ce4d5079bf5bee1d4d8d8f061e3e70,fb7d3789f562e18b1e08d11c2828acdb00cd19758a7bd9b35e83a0b33162f66e
images/non-fire/train_000563_neg6.jpg,non-fire,7ff8aa0397ed4a1048a2e4a6cfbcf71b2ce578dcfc725fc7688810f154567c8b,2fafb3133a88e7307309aac52aaecba69ec412802fb9eee813d85da25160ec3c
images/non-fire/train_000563_neg7.jpg,non-fire,df9c60e4ab807a28f511d8aafb6a1201a5ed45797436b6fa8f35444ea391669d,de55ed11ec946f0e6718a141d827baa7f73454003edce76a1e16aff6adde2d45
images/non-fire/train_000563_neg8.jpg,non-fire,8a6872d28685ee28519d69b3a2642fe9994a4450e6b6ee2297cdaf4cedd32476,69c4319cf28c08dae2f668c3396c9bf39d2e5906bb47ec34bdae91e60d361ce0
images/non-fire/train_000563_neg9.jpg,non-fire,3ef58ae2918c21c6bf1135f3ec1c9c723a60f0017548516daa5f71ff9df271f5,8e4e7705ae5cb12727bef33dd19a1de1b122d73625ac5e7a2f9eb7c48f54e822
images/non-fire/train_000564_neg0.jpg,non-fire,65b2c3aabb277a096e979c82270dde4acde2e45829dc3a7e5279a6ac32bcb1cc,e5fb3d20244cbedc33a1cdc9652ea85a86de26eef7281cbfea7430ee70d67581
images/non-fire/train_000574_neg1.jpg,non-fire,23b58bb8c38b0a9c6fafbcc07a6c0d67e3969ebb4ae247a66d21a9a8b9482813,e79e05aee67967f75c20fdb912ac039037f234a293983a26af817edebac79931
images/non-fire/train_000574_neg10.jpg,non-fire,47890be6c2b2f87fbb9496350586631c2d2cdce743dade9416a5e722ad895c1d,e289677241e04f7f5109225f1354905555e9b465e46408e6cfbf0bab086229e0
images/non-fire/train_000574_neg11.jpg,non-fire,2c9cc4b09c4bcb76a2e808800120d3524eb8ed27842761c4ac208949c4a5695d,594497cb0838cbb64b65cb2ef72e2fbd64d6bdb8ca4ce98ed6834c8e4d958434
images/non-fire/train_000574_neg2.jpg,non-fire,bcb135e301cb695e27429d0f3a26c9d2d75045dd2995ee30abe28755bbe5f555,e94539c6d3eaf8482339a05424caa6aed7d61a01aa94fb44ffbef5b1fdde363c
images/non-fire/train_000574_neg3.jpg,non-fire,30c4d81c197595b0d7cfdd8d62c69735d7e3638d719b43e855fd2809792c0326,5e197d9c6837fc4268fae0bc2faff91e6d905b45386a8c494235e8a013408fd1
images/non-fire/train_000574_neg4.jpg,non-fire,4108efdf391fb38090a9e6ee3c602aa3e5e251d5501a55bec37caefc85bf143d,8941fab1c18bd00b669baba50a4d11b0249e0f434141c7e45e5b6b50ae84c89c
images/non-fire/train_000574_neg5.jpg,non-fire,5b6208975fec53adcf070c6675355cf35c2addfae49e2d4ef8aadbb81700898b,51c8ee87f9a87805c7df71de7b871cd305bf847d2090b87cf48481799e2ea526
images/non-fire/train_000574_neg6.jpg,non-fire,e558122794214295dcf666e9ff6700c8907eb9c3b559bcc9066e5c22de6941f0,f09b7227fe31c27d593f379be7e72bc87c7dfb038debbdf26d4cb350eaa34aac
images/non-fire/train_000574_neg7.jpg,non-fire,e3a785684f11c16df7d8825c12a5381d0c76c9efbdf5171a7f3e78db8fb2f256,d4ddfcf783aa634719c44d637349cfa1fada45b3f9d2a1594ec84d99e22592d6
images/non-fire/train_000574_neg8.jpg,non-fire,14f11fc12cd6960844d38326ae139968967341fd90aba3b9b1d41ce7c41662b0,794e2198b5bdedc4392435be5fff8b0d01966844261303d7bdcfbc07e85e25ef
images/non-fire/train_000574_neg9.jpg,non-fire,e90314dd8733469b17ba62b5e6b6eebc730c19f247cf9bb3bf17af9793da5739,6fbaa31f0ec9d8f8a930a7c47919270f9069dc09f4cf88bbe0166b4f1e2e6b37
images/non-fire/train_000576_neg0.jpg,non-fire,0ed49fea9b53c9261b25af72e58f77efbfafdad054ef6d01d0cdc00440af22fd,e0be08e2b9d7aab326e28bcbe1c09e8323e05ef5ebcb8813cb783ad49823bdc6
images/non-fire/train_000576_neg1.jpg,non-fire,c29492bdcabc8f8e6c467287ed31dc5d2277a23927d3520a68d56847f562bf33,e4e0052970db0099e6716956c7365cd71e981934100b157414cb45b12b7de4fb
images/non-fire/train_000581_neg10.jpg,non-fire,3ee5797f76d587e7f859fc7ede00e09d39b227d2117270e13cd84cae57c30b4c,48089aaa498edfd750561c39cc9d94ccd2dbfbbf6af6cb724468a27ec1e1363d
images/non-fire/train_000581_neg11.jpg,non-fire,ae933a7a695daa78ebc8ee4cb3119f1ef3fb8a180bf3cd9cf3eac63e682c3ea0,d30fbb40963afc574ed419d37460e9166a4ee1dd4423cdda3344bb6c9a3e67f3
images/non-fire/train_000581_neg6.jpg,non-fire,5aa1253c5357ecd95bef861c4b143504c8a623982e15b600581de63b51964c79,0b1c0ac9e8dc3d0eb9d54574f041b0acdf6bf7ed5f1b51d44e49069147f35743
images/non-fire/train_000581_neg7.jpg,non-fire,5a5b33bbd23855bb79e1e568071bc2e10c83b1c4d638a681e021f7a60efdbd1f,5581fad3f5e0faf08482ba279ae9a7f9324483605e772ce1e0c80f1a31207fbb
images/non-fire/train_000581_neg8.jpg,non-fire,382f1bd1121af05fe4a1d25ba24327245291783aa86a2d5754504f0f4de00000,c4526524fce854df2792e7f28ee9237d056e6a542a62d89a26936aaf01d93a9b
images/non-fire/train_000581_neg9.jpg,non-fire,ff0300c7fe9d21611e115dbccff5b6450e96efb5c2a57d1d7dc84d421a698bf5,c1cc30f0becaab0c11fe26e2baf1ba014893d91f3b5670c57629898667acd6c3
images/non-fire/train_000584_neg0.jpg,non-fire,fbda84de627ab304e3c0b8cce315cf66f8795512d98520281b91010cace87ce1,7b9b5e7312b9629cc3a71f55d5aab67c4eafc751131c05f3a77c2159b1338279
images/non-fire/train_000584_neg1.jpg,non-fire,03aeaf29613f635fa0b211b48da2ec525cae417cfdd1923526ba55e89ef82991,be8a2b84bd39070892ab60ed7f3f149b446026e87fde011688b64b55ccb770e5
images/non-fire/train_000584_neg10.jpg,non-fire,2a8946fee0021384e098b8f561392496e54a03c764fc507c31b317ae1b3c6d0e,2219554c17370dadec7b700c4d0d9377eb67a17af5181b7b74a82c37d8c10d4d
images/non-fire/train_000584_neg11.jpg,non-fire,0c5125d797351efdb904159a7213403d19ad5b88779387e1066fc7f5e5293938,a064acad8915c1e22ddc6560dbb69c532c80d7a816cb267437dbfc52ce60e32f
images/non-fire/train_000584_neg2.jpg,non-fire,61e9fbe03844b4c62f73009ec8a3d29618beef5aa766628b540fbaf01c30e92a,2cc4e4ded60023f02201a1a78e024748d969889855b2401df4e41cef3d734e1a
images/non-fire/train_000584_neg3.jpg,non-fire,b97d169d432f18ce0cada54970092aa9cc2c7acaceb083745524d84c0828e29e,d9810922d98488568636f1e0b2e73197dfda5f99f99e6b396c63cfa209c6d74d
images/non-fire/train_000584_neg4.jpg,non-fire,c09d9ea291e7d769903d1c5d1a9be499186b62c26a8a9f0c3d8dadd88cfc5d5e,dfbc17bf76180b718d48f4ae7bca1f8f7745a3a75616cec5061dc6b87872af0b
images/non-fire/train_000584_neg5.jpg,non-fire,6623c580c277b9724b1e35de7aeb63cec830c77495f5d7aa8155e174e98e1c14,a6eddc42a0f5e4a2933680fff20dca6b43b4569c90b47a93ec8468ecbe804eb5
images/non-fire/train_000584_neg6.jpg,non-fire,135a46337c46b3893aefab7989b7d7648bcce3bae90b2bb04fe66e79eeb2b417,fdad1c4dbd3b645f2f345c27647905f4dc0830e9e186749a43d91116c68f0f9b
images/non-fire/train_000584_neg7.jpg,non-fire,6e4740a38ce936097f702cd49d896a31a192b5f497202c03cb04a0d9c0d61818,3f56776606380b0582255140b0102aca099056c8e91b0f17f13723c2f274139a
images/non-fire/train_000584_neg8.jpg,non-fire,cf0e821652087f39efb38b9da452dc44830508e0bfd6b51a33f69f927247df4e,9b5eaddfdf59ce21342c7f46719000343ada628b01baeb1d20dfd18a08ce406b
images/non-fire/train_000584_neg9.jpg,non-fire,a9993d914e700c59390bc8e3eae166cf853a1bb305a6bcee3f81c867b8d6e185,c2857ab454461811aa21c551437d6a3bd8063061ddac04994a68b63ef0f90453
images/non-fire/train_000585_neg0.jpg,non-fire,43177ab4eb803a0c28d64bdb8327d64fbcac7791f870d441f5540554476dd739,27fa160c4af052ed35e9ef6c224d02955d872797cf1756f2133fbf8916c897ff
images/non-fire/train_000585_neg1.jpg,non-fire,2870ad0245571d674cb46f20df352320ad6453afc1845fdb821743b5a39348c2,1bc9da2d4ceed0a8c0119e752bc5684755799812dfd9a82e59c636b957683b9c
images/non-fire/train_000585_neg10.jpg,non-fire,2c323bacf50d345368ef3550bd6eb211210da3d4a69cb389d04a7625a6d330ef,bd5c7235131d791b1f64b4e47cc0bacf2c7b11667e54f5ef1f3f0e9c761d45fa
images/non-fire/train_000585_neg11.jpg,non-fire,1dbc1987eb2eaf7918f4668623e12231e54a351cb3e5971478f809f57393ddd1,6ea71847ce6766c295cb418621fb23bcbc718724ad3350fe4cb42173a216c43b
images/non-fire/train_000585_neg2.jpg,non-fire,871aeb3c5ca9a9c3279299573aba6f8bc1955577369e5f670112aa29f2d9af24,421b6aa961ed5a678cc9e2b8d1aa1d6d12fba4bf309394078c0df67607b1338a
images/non-fire/train_000585_neg3.jpg,non-fire,0e0379eeb97d489a7bcbaea9dbd655ee176fd48ba991ee02ffc026b5f3370214,b80279fdf37b8efe1270eaa2c03f286b8a5a67a84b677b4a4b5c57e9d27c74ce
images/non-fire/train_000585_neg4.jpg,non-fire,e440020ea7ba2b4340dab831206c4075fed6ea7e6eb2651e20dcfb1921f9c49c,e770e5f1b46f1541c93371acbaff7189b3d46b6c8da8873ffbf1fc832223fada
images/non-fire/train_000585_neg5.jpg,non-fire,7c9bafc0d00a491d948db01ab71e5856c23de49332771d1207a2a1e1de13e95d,3fe17e504607cf50a9ed60aa4d0791e36eb1d2921d9437950fa499ba9f1f2ee7
images/non-fire/train_000585_neg6.jpg,non-fire,b722660e036f31e08aa897c7f81b214d264c759245f8f90935cce8d35945e940,c725bf3c40482e4fef96b97bd9c4fccdb2b8feae947f093ed7b57d26f58f9d79
images/non-fire/train_000585_neg7.jpg,non-fire,97f75fca02cccbc6e4120e85ce423d268c8f654c1a0198234e261bd7ba30a013,990048e2b5cbb6ffaffe6e756ed05bda681564db98f2b226a65360b0254dff59
images/non-fire/train_000585_neg8.jpg,non-fire,d78b7889ba4c4e5927ec871e538511bf821e81b4f76086ea4d1f92f3018d029b,869b51c6340d59d454768c8b38fc7c64ef437849b687434b7651cab44dfbf202
images/non-fire/train_000585_neg9.jpg,non-fire,eb861a0e757345abcc179731b337cf7bfa6ff928cdd5ca9cdbeda6ab554934be,6e126ef17623735d3bb1af538818efd13a8239928544662cd4fe32e0d0d96a45
images/non-fire/train_000586_neg0.jpg,non-fire,fd05eec72f258fd74682630ed33004b5b8403a1c83a1cfd048a4a93fe3f45e7a,bc1757bf48342c84597e141188ed478c0e0b67577413cd7569bba2bc2154aa69
images/non-fire/train_000586_neg1.jpg,non-fire,1c9675472ed5f60d08e365232db1fee9ed9d81bcfb5c0e7983d746557f7152ad,6e968837e77e6c874b13911dd245f3e8f1c985b8e81315247b23aecfb4340a50
images/non-fire/train_000586_neg10.jpg,non-fire,641687326056a0aade620e13910572343d32a2625210ce041b08067ac529f5d6,88a63e316c20d239d62f64a121a34c396f77340126a22ee4bf0a5be6f0d258a4
images/non-fire/train_000586_neg11.jpg,non-fire,cee04b5e737fda7fcc4895379a07225cb917ca2b5d4d1d5d232292c45f7b850f,c1f5cd7cf7e80b54d3f9bd03ee53e36578604535e4d4d00b3547623646d0f56b
images/non-fire/train_000586_neg2.jpg,non-fire,b5079ad0d417af73e0ae5f6903bc9bc945d6406d55edc0c755f61e3d43ebaedf,2f5cd01464c0cc3b649741081ef9087c830ac23e358b2a8e5ee83eef5166ccc0
images/non-fire/train_000586_neg3.jpg,non-fire,a802db0da81d96844d0040b512e6e1ce85a74700b7b50e24ff8a27765552e725,f3f548510219cf554925e70e507aa24a40530ec9054e798e3d1a3ff9dede79ca
images/non-fire/train_000586_neg4.jpg,non-fire,9134448bc66ad2def148976c5c707e6546c149e4d47639182ec7c8ef2da3ac21,bec4fa9852e00ff53ee0dfc244e09abf740c718a69f02a59b4afc59bc31884d1
images/non-fire/train_000586_neg5.jpg,non-fire,9bc6efdc8c323513b14f50a9108af67593f6b0efa89f8f470ea4b0664dd31789,2936d942373c474decf9fc399e63bf2ea3d6a456a34f91662a8d05d81d980c72
images/non-fire/train_000586_neg6.jpg,non-fire,e6b368c45cff4aeec50ab2e7e3033c52d95f8b2ef65e70661ceb0c9298e5b7ff,2445e1cb8fd1a5921334e96bdf50e5135fb2eb06cf8ac17182bc8be994954f07
images/non-fire/train_000586_neg7.jpg,non-fire,a4ffff61b379c10316d03f65da360583168a588d68afda9da929e55d29daf362,fa8deda6835f484bf069582fa41b32aa015af257274f55e3b7b2797e00858eca
images/non-fire/train_000586_neg8.jpg,non-fire,b2cea99153fad51346e0e413d37b6f84ed306dfb9a61d6be43e8a7d2a4fa9073,4f0f9a267ab30846dfc1c28018b1a0b4412f5fc2086f992f756e07a939821706
images/non-fire/train_000586_neg9.jpg,non-fire,07a9e5f554254e3cdfeffec22323912e2ea106f29021021c1d8aea358b4cce12,f908682909c951f2e8ed0a1adf14c02bda9aa06ab2a1f99693927adfdad9f988
images/non-fire/train_000588_neg0.jpg,non-fire,f20e1a6914988e819f3db46e5a7074da9cb868ab7b8e9c2c525d65a838174708,d7a9b810204a47e4f42778a13adc5b7393fdf89768acef5664288b597540d39a
images/non-fire/train_000588_neg1.jpg,non-fire,9234db17704c1d79c493910d5bf60fccdc2a78a54b5fd29c02c52b2c583de309,993e819328bf0b3b91cecf9335b04d04bdfbee3ab47da1fe226020837670d2b5
images/non-fire/train_000588_neg2.jpg,non-fire,046714cc56bd04ecc6ca0d9dcf0cbae342ce39b7b8bf6d91bf995ae0e241bb5d,c56a2eb984ee9b8e8dfff9c55d15e1627b016786ba4192137a9421a8fa431e73
images/non-fire/train_000588_neg3.jpg,non-fire,336735ee0d1be58a037d85af6fb71b4b7f0601b293dc5e533e7477303a661161,b6d9692547ca62562eb9c9eb19f6f6a6bae1db6de422837e45310604adc045de
images/non-fire/train_000588_neg4.jpg,non-fire,2e68dfaa4a65544897509a5c9a6f760cd6e3dab71b17c5e9ab9e876cdb3df4c1,24829bef04784bacdc4f9f23cb06d53a6a0c47f3c12fca4c1f78136ff30a0370
images/non-fire/train_000588_neg5.jpg,non-fire,c03d2212d840e1dd8b53550025a1174428f890bd4ce12e7789cd589664f136b4,34a78304c31c8937d845de6b7ad121b99092f5e6474e6749cdc5a7d9af4c86a1
images/non-fire/train_000588_neg6.jpg,non-fire,336b9f56b8afaa9fa931855c1e42cf67668904624a8139bf85ee0e1095f227ce,42023cff1e34fc3f9cbdfcd288666793ad908c1eaafd1e5f510501efc853aef4
images/non-fire/train_000588_neg7.jpg,non-fire,dd8de76c084bb4e0886f1776e6992cddb86a84eae3f3180dd950e98998bcbb96,5c2bcc8c0c57029d83e40e5fae596435fa206ddd9ca46656dc68d0a4fbbc70af
images/non-fire/train_000588_neg8.jpg,non-fire,12c1c5a71bd2af80ee5bf2eb6b1850da192bb203a0e3769ea5f6901173b70d07,aba5e5e1d8c0d8dbfeda045317685c4e3a88b3b782f15c90381386bc73f517eb
images/non-fire/train_000588_neg9.jpg,non-fire,1e48806dfd8cc0738ce01ec4caf5ad5fca64cbff8cfd2d20b3c484667851d631,e96c08cbdc9ab784831da14b25caacd749f9328fbc2ec5ae24a13849f48ad9aa
images/non-fire/train_000594_neg0.jpg,non-fire,62cf21a05d29d1e5a0b36bae752cdfcdbad81c408dfdc46d0685f34192bcfb87,398cdb3480d0c2cc5dc93837f77ce3a768db0ec16d3b877bca10279c8f08f52a
images/non-fire/train_000594_neg1.jpg,non-fire,f8e1b338647e8551b3ebfd30cb00cc0758c1599f86341698d66200b211d6619f,82e3ed8785dbf93353a6c9712e13bbb37c663156e4e4a62503f7306783fda36a
images/non-fire/train_000594_neg10.jpg,non-fire,d01405643fee7b1e321ec42c9016dc9beecd4b14c0000c4734bc1352f11fd88e,bdf7dd7a5119e164cb9ece37c3a4ea2d0695a586766828dfd5df30c3f39dc8fc
images/non-fire/train_000594_neg11.jpg,non-fire,28679f3d8bbe5dd299f8c1c7893362c3015c2c0c0b1f4c5679397d7d9082b49b,4eb039ea16c23c7fe112a6f4681239774c29188fd1cead1cc5561f78dda473b5
images/non-fire/train_000594_neg2.jpg,non-fire,27ab751df3d15554534940f58a913303b847334cf7b94ff500cc2db04de7fb10,b44db59d1f3002366f62ba18855386bfaeb9ee98da2edf5919211b87f7b8d231
images/non-fire/train_000594_neg3.jpg,non-fire,ec4802d7d3962c5c6b64f7adef86db53d94d85b518059ffa83948d329c50ea7c,88add50aa7e9738ab4a452c373c640f777b8d750150d2a5a3f778243340c485c
images/non-fire/train_000594_neg4.jpg,non-fire,2882f1b6c84e83dfc109148e49e58ec78cc90e076c10c468bfe19e7681ebd132,5d78f479beb812f146917c23989947dc0318296bf0602443f9e0b6dc996b8ac7
images/non-fire/train_000594_neg5.jpg,non-fire,6adc93c1d72adc16fa528cb4caefe1b0a3dfddbebdc922a36fa8b02d829c68c2,d5f1c14f22d59e0c09a70da8896dd19081fd52b433c523a4bb61429f83155308
images/non-fire/train_000594_neg6.jpg,non-fire,a3ad5943fec3327aa85d69e421dbaeb9a36bc977961cdea48b50ac4d7255aa36,550683049bda41b380e0f078e5afae2a3b9d793da37d1262e3e53ea33c05e82f
images/non-fire/train_000594_neg7.jpg,non-fire,26d979383a1cef0d18d8831a39464ae11bdd767ef3cb6aa74207c678fcd200e8,2f46fc1f054525eeaacac1171d9582ac4e49516020d234c3f26e6eebff583a72
images/non-fire/train_000594_neg8.jpg,non-fire,6d63bec73d4f32fb381d5c6a8e4f76c97fcacd130dce60ad350ec99f638ff24e,dfe22cffd21b831424ffcf7027ef84ad5eae1a6260bb2cbdc81c681d20691fbc
images/non-fire/train_000594_neg9.jpg,non-fire,6bfba3f55c79f821ac8adb3676279d2af10db62cb28b0ea5ab0762dd8abe9e63,de5c99506aeaa8f4f2586de5afaa8a77111357f164968300d752947b509cd8ee
images/non-fire/train_000597_neg0.jpg,non-fire,c205fa9620dc62698236e6b8468db208117395cc3a4965253f7df49f1f737f2b,56e2618042d7c86c961ca59254bbf4950404e4cc36ba92bd0ee3177179bed7f1
images/non-fire/train_000597_neg1.jpg,non-fire,d44891725edc28aaeb13cccfe839b80d66cc42ac41c8462b558cfbe6b0766f7e,d75cb4144695c4f96a96c90308b935cf4b419243d991819af01e21cd0bcbab5d
images/non-fire/train_000597_neg10.jpg,non-fire,cf5a7f59d935536ee36da8c448c55ca2deb5d9c43c6e3e25206d8148fe271fa3,dc61ffa1b2bc4bc1f62b1986e13eea597af9b252a654e1b0b255a8c42c635d08
images/non-fire/train_000597_neg11.jpg,non-fire,c2a5c2601cfe51ca175075f735516ef84ab4029f7f7094892ae49de74cca8b77,9a3a35c5359265fc917ff64583f77d2511aa99857c16fe47db766f9da32c7aa8
images/non-fire/train_000597_neg2.jpg,non-fire,c86d64355684650193c4d4ee1155375441c2a34d201ca4ffcee477cf4a32d7d8,a8cb254028fe1fc1428844ba508547917b41b7393481d09c8b3115010e62efe4
images/non-fire/train_000597_neg3.jpg,non-fire,d3781d3051e72af4750762eb2783ec3b886310a5da5869b2d9e7c1dd0d805a42,4dbe8e39aa79cc90a78be73404e9460512a89ea855367a99159c360c9602d332
images/non-fire/train_000597_neg4.jpg,non-fire,db90c2d03bd66136b44267f47e17ab1d4cd112de87999c0ccae4602cb4d51dea,71fbd6f20341e36eaa294a92223efa5731a30389200edc4e8cf60e1102bdcff7
images/non-fire/train_000597_neg5.jpg,non-fire,bd0d88fcf82334a26dcae8fde6ecae3e9d5bff26407f625fb2b322be06c762c7,7c1f7d842bfc9367cfd77f70e58ecdb9304f8316df0e6514a08217e09843f79b
images/non-fire/train_000597_neg6.jpg,non-fire,909b271e37e258937f37cb375c4f58d615f06b276e6cd0335e3ae9cd9c071e7a,362517ab2cf4dfaea3faf4686be17e50b013b6b4acbb17254ee4839fbdb259ed
images/non-fire/train_000597_neg7.jpg,non-fire,5364921d8d11e950360c6d7dd8fc661da8fe7db04c0c5ac21694d57bd54a8bcc,28dee078a5850578f938aeb528e6be31c8125c79d41089f95b7c53ac32374112
images/non-fire/train_000597_neg8.jpg,non-fire,4503818eb9f9a88f4934db1823e1c745a5bb26d7a0cbcba36a9d541356ae06f0,8ca45d9556edd3a1f489d9e378ebfe8f2ebdd0ad716bb556214585e4be384e73
images/non-fire/train_000597_neg9.jpg,non-fire,dd780cd07ef804494cca3b50f64c2c53cbf2a9e2be77b5541202eb7489deb62a,f3f3826b8331a56f98de814d7eab26e1faa34fe547588e2e42a19f067766d66c
images/non-fire/train_000598_neg0.jpg,non-fire,1c5b1848e6a8790ef69fa78d8be1304181a478a2447f3a84e616179e79b9b7b0,b44713310f43485f526bcd96cffa54fe1f50e8ab7f3994a2b71f21a8b9eb5203
images/non-fire/train_000598_neg1.jpg,non-fire,e78c41203f1a166edd19d78a606fba1ab7df7b1d604d2533a07b7c22c027e1e5,ade31038ea97d9d03ba4f875762d4d8eaaacd1eb77264a234151fb9e7cf869bb
images/non-fire/train_000598_neg10.jpg,non-fire,44f793545e4a46bddced50e2332ee12b287bd5508b8f1c1c1e8d9a31cef8c9cc,3adb3ae4b64abc150a5efb23143559ee8cf53a481360d588249ea506896c6d43
images/non-fire/train_000598_neg11.jpg,non-fire,ab23d4d1757a9c48a1a6230cc8318ae9cb5c68b485108b8b37766e10cece353c,fdb93daba6df8eea4b969b8b88167c064756a492834083fed42de36233d3b880
images/non-fire/train_000598_neg2.jpg,non-fire,cb341c6432cc77f7e5b6107eec0e1b8a427dc315d9d217e2e76a9fd7b8d83c75,c16eb816aa81653c15c5a31fed289c1664371bf6a7602773368c539c9d7bdf52
images/non-fire/train_000598_neg3.jpg,non-fire,fca5374b63502e667b7b7a66b817f1c171e568043b696ab4b5ff280274f095d2,57fb5896413a0c9cc2f4e3d1b0899de2f39faf945e8ae900335a1d34d0ee5346
images/non-fire/train_000598_neg4.jpg,non-fire,91525d89eb49fd74bd48f607d8e642351031642884cfe83c0f2272e00a9e9c6d,20aa52c69e8d4cd1a89239bbd7bad5daed099da9059f030c7fd14c9070b75bdf
images/non-fire/train_000598_neg5.jpg,non-fire,b6c59b983a43da23d437647ea6a361855ecfa3cb26d35b04abe013e0e7f6391f,cb4f4d3345eb95a4f6dbc737f0cea194efda520c59f276bd2326f3b97aa7960b
images/non-fire/train_000598_neg6.jpg,non-fire,351ff7d13ff94dc4d1e8f7256f2ac05544669930d9691cdd544cdc9c582c7521,69c975c1f7b0977701fcd06fb722c8c3c0473aee0456f7f6efc06872beeda415
images/non-fire/train_000598_neg7.jpg,non-fire,7c9ab2b23f4f85b9874d015830cc18a716892a1175d766d8b467978af7f495fc,6bc922ef200e5005a7a3cd067a398009493fd3bea2879af76b693753d0a5af9b
images/non-fire/train_000598_neg8.jpg,non-fire,75bb5738aa2896780917a1342c272fe1f1edb9c27625bc312b27ef2da5371f21,8a87cab3923b2eccf53bf8558dba74b2b56a980da4428dbb023f4e9cd6bbc72a
images/non-fire/train_000598_neg9.jpg,non-fire,e96534eb89ed7263f6953f0567e6f79baea55def5ef33fcb491fd4f33fbea602,6fd27e88a0afba88f3e28811109eec1542a9e111ae4e86ea87f1fa5c0a59c047
images/non-fire/train_000601_neg0.jpg,non-fire,824695512283eb31e9db95089e201e3286139de4f7c56cdfbce91c6fae87c8cd,1fb1a1c7ff157bc2a76f2573a193eb348502d5f59efa9c4d0468a9d8e5d83c96
images/non-fire/train_000601_neg1.jpg,non-fire,e0268a1d9c43c81138d28f892c6d5b6fd38c9484815c0c1a7e23829ee51dfeab,0a6ace3d135fcb57a4f2aa4d40f5309e0af5bccd8c4b4cebac329c54d4dcf3d8
images/non-fire/train_000601_neg10.jpg,non-fire,6d06aef5dd0002d58b1ad916b031d2d3535672d581d0ced3c6dab024c6500b2e,d76ff4f2a0b0ffb8a717f005f59173dbc099d7a4b27fc52063e555d45a56d213
images/non-fire/train_000601_neg11.jpg,non-fire,7eabef079149f7a11021d5510026af2b23254bcfae3f64dad342564f990143f1,7c8307a1a3ab6405d8b5a9dbe5e742ed74a7e0e75b35a38940e9902a607c0e11
images/non-fire/train_000601_neg2.jpg,non-fire,108d8e476600af0fab61c3f7bd0b8fdc6f3adfab2f2bf9737f85b567b3a4f013,b9b2824d34bcca7a722b0c2e5cd97d44f6d23bd2e1b3558741e25a8fddcd1520
images/non-fire/train_000601_neg3.jpg,non-fire,e2a0f0996f3c12f791202b8e9b5ae56a3ebe9d4ff155b887ede1d66fbb8fe6a7,dbc5a3069a3b309a503df1d7c085ed72c0964bcead26bc2396fa4f0711e930a5
images/non-fire/train_000601_neg4.jpg,non-fire,53591aed9c0b4fda219c7e7eb4f5d399638159afcea56777de67d6e9eb51231e,65f2c0e66910001a21c388aca167b383d2a03f1eade1ebf9ba12e854c80a648a
images/non-fire/train_000601_neg5.jpg,non-fire,3a70cff4fea805969cdde926e85e1a20ba21ec937aa8fe3f0a7e68cbbe2e6d65,838bd43a4bda5893ed608398fdfcf2aa81ee1c0244c945d986831980b3b34b7b
images/non-fire/train_000601_neg6.jpg,non-fire,dd47f05b7dd667cab301c4202b3e92e4d0d5b4dcbe5b06ffb23de4b6a071b2a6,1283f3acb04ef9c80bc717bc566f804b8e3db788a16ce230005e9c5c1f588a7e
images/non-fire/train_000601_neg7.jpg,non-fire,6354d08da2edba4391eb6671480f3a3a7814ebc1aa67c227a2ac6f2be572edbf,08065f13a7ff73ddb70ac3515cce1d3069acd2c56e0cdd5e7f427f985d30f687
images/non-fire/train_000601_neg8.jpg,non-fire,893f2701f40b06324d412e87d9c3fcf798d88b56fe1ac71cc1bc7fc8c19bf7d0,2a8b01672b2fc4763f7f8768cf00f3ed8adfd91d404a79ca2b0983ec11bebd4b
images/non-fire/train_000601_neg9.jpg,non-fire,750dc7bef0699c157342a642abbb17434a3a06d61a527946779150f69aabae7b,5be8e7aa9266f809f55378555a7f178f80cf138b579c9b5107d8e6e75ae9d3aa
images/non-fire/train_000604_neg4.jpg,non-fire,838c890635599c673f1603244e1de5707a85d69fd9f7a854bf3a4ec4fc031600,c92c4274f47d511f977528a34b8d75b7d93e2ba32ec0894c90d444709f86ced4
images/non-fire/train_000605_neg1.jpg,non-fire,0988069145d1e80f97e1e9145142016446ff6f716fddb0601a97b721edb51e3d,f3a7cc0a698c9292798b1b47965218e8e814de045c066fe33d42d9178ec42289
images/non-fire/train_000605_neg2.jpg,non-fire,dd45d827b4d21e5515557012ac9443e3706061ea2286738f237b499a7ffb29b7,355aa04a28be90c19155b29096c9a1801d1a5127388f106d77dd58d2752c0a7c
images/non-fire/train_000605_neg3.jpg,non-fire,7259e6ebbe29090014e9c44152c502d7fe07fed513b4361567ef60aad427140d,29f216f6bca41573d56730af27a36a37b6e5b08a73fcb0fc8e2a5dde2326b9e5
images/non-fire/train_000667_neg10.jpg,non-fire,b7e32d27fc23887f5625288bd2ea57ec1faa832d3cf5c18f026f505c05045c61,1808b5e4f5a130cc65f602802c5d4e68e2935cfd4a1f6567f125a290aa36e991
images/non-fire/train_000667_neg11.jpg,non-fire,892b10d06aa3d91fe2a28f801ed8e2184eb97c31febdaa848d5380cec5a15ee8,69d651ef56195c920e96bd76b72e26ed532cfde49d9bae236ddcc3fe6d0882a2
images/non-fire/train_000667_neg9.jpg,non-fire,23e32ce5d62622423e717f12bed2afb94d1ceb0a27f5cbe99288eec156bf4f0b,b8f10f1a58b713c77c608fc805c32613f1b6a01824689da0f274452a9a8e847c
images/non-fire/train_000668_neg0.jpg,non-fire,f7f72551675774f3528615d71fd4587a18348e66611227ef3ba83f73f27c1529,d6882e001540939e831b7ee4db9fe8d37f6ee5e654e374f0787b43fdb0bc1466
images/non-fire/train_000668_neg1.jpg,non-fire,80b0cb08d0ef4632b741a1c28c2287a710ecfd4158fd32b195495d4e56df0fd2,e4e99077b1b05aceffd443a0a410afbe1fcf5239cac4337913d494fafe891cd3
images/non-fire/train_000668_neg10.jpg,non-fire,3ccce015b30e0c414ec8798b669c248613ba9d05633aa2e50c6a34c58fda81e6,b6aeee3eb2cd8676a8cfcc1bb6a7f42b0a6c53038e35d53e1e227ff508cb1fe1
images/non-fire/train_000668_neg11.jpg,non-fire,e10bee16c9ebfb3f8717bbd559b9b836184aed67b743c1ee776d60de2c71ace2,ef6dc697a5e303dbe4750fcc0300f3c32ade5854cdb18251463cba4e8bdeaae9
images/non-fire/train_000668_neg2.jpg,non-fire,12079a79829e52e6a5b97f065e81310a05eb818e3b180e75720b824a6d835684,eb4cdbdb354b54fcfda1a40b48357448c2827f1e5e86b0f5f7020d02ac5d29fd
images/non-fire/train_000668_neg3.jpg,non-fire,88d136fdc7a03b684ab71b4d4ce32fce9f1ceaac70f020f280023ca69e0308d9,cbf991afe0c31f624c00ba363c08254fce823b09eca804299034340fd63b9310
images/non-fire/train_000668_neg4.jpg,non-fire,ce60afca42bc74c0d52784c846c6f3b681feff62ec9f9d73f2905578eaf001e9,21e4cb56b0af137cefd813b06b0010c87863f81e98b1987f5ea2bc335d2c8d82
images/non-fire/train_000668_neg5.jpg,non-fire,2bde35f67a774d303c9dad820fca10ea29cc1e36d2cca13bafb35f331f2c1536,1a0600ef8c2d14bd779057cc5f3bb3fd34131a2958ee835d52106630b471af94
images/non-fire/train_000668_neg6.jpg,non-fire,bacc7832bd6b10589dd0a81b52159e5828ab9ecf809e866fc11793423e088be5,60aed3d9e5ec083a61c3aded270481b53ec65e7853e3225b3c63e123c9d44449
images/non-fire/train_000668_neg7.jpg,non-fire,9943bee7d8385d5523bc2fe8e8a39e9ba625b675989c3f016b78dc7b4f340d1b,d9b78e97ff673a335efe7cc018ec983abdf4270f8758062a10ba3af1917dac81
images/non-fire/train_000668_neg8.jpg,non-fire,619b81a9588cc0bb78aa6502ab3407deba744799678733c6bcb16113382c1aa5,6d6590c36b62ebcdc236fc507e7d23d5680b55e90b29c3314a6264045ad40f4c
images/non-fire/train_000668_neg9.jpg,non-fire,6c5bab3e1789facedb61de28ad00dcc1299eafb52774046db1d13c27fc716155,81801bfd0cded9a6da7a5c68c757d053358c5198a53f8013c0c553e08268d61c
images/non-fire/train_000669_neg0.jpg,non-fire,dfafa1de664691710870beadf30c53f582700a2901250aac6d9943052ffaece3,4eaed8a7aa825fecf147bb755332e2d90437452e54c369efa2f0ac110cb86300
images/non-fire/train_000669_neg1.jpg,non-fire,689021476df6c92f3ec8433404d81bdf97c7bfa045134b88893672eddf13f504,f032e03db9a01013fd103a23b0dcb70d3703dd4f28cb1974281e834ae995241b
images/non-fire/train_000669_neg10.jpg,non-fire,ee31a1979d13b92fabddde64a93000da759e852e67b57377714c1e38ff797993,2ec99177d3238fc9c8676a197ddb329dff75f4af32432782f5377ee02a3a258a
images/non-fire/train_000669_neg11.jpg,non-fire,2f3cc3f761fc3e6d10461f235d04c79e793a6a9023d198a88b2d6b4f724e3907,e08087138b6046a2b1dd9d61f3d08e57e8b1dc22c48d3041a4d90c3425838e60
images/non-fire/train_000669_neg2.jpg,non-fire,0cbd6e9ae31d91ead6b4a59bd900849af8ab7948798a0aba1088793d7e792a11,32e3bce730a685f843ed771ed94e4de573e9956eb13fb6dfe82a32e1e2dca8d9
images/non-fire/train_000669_neg3.jpg,non-fire,174e15d83e243d08e10826c57541defc8dfc0fce4d04c86fe97443f291c86a69,e350ad5d8d46473418848f6e16954aa66e6337794d3fde0be4ed33f055b2a7cf
images/non-fire/train_000669_neg4.jpg,non-fire,67be86dd91954aae983a81be454094f4a24780c146b33a6a9830fea943b41b66,33d317f5e661fc5398266ef3c16405836a2aef1034cc862b0c07ea4296d0b7b8
images/non-fire/train_000669_neg5.jpg,non-fire,50ca11a5cce405300b88d5e1837c5f1ecc8bdd76e3a959f601b936dac7d4f941,1d1bba825266f3a6e9c83541682d7890ef5f4beabb072c6340f5ce63402e3574
images/non-fire/train_000669_neg6.jpg,non-fire,c508d992487af7cfb056110f4fde0a5976ba4bba88484bc3d8e2943751e30b77,9e2dfb2af12fc9aa7881ec73a096b301759bc99312c8ff986443bc3c131aebca
images/non-fire/train_000669_neg7.jpg,non-fire,ddf9588f35beba0beda3bc38991e0acea28277f1c206163975dbf03dbf20c784,8e28ebc6a76869fd232f5505305b46ee7879b85fbc05dc0308cdb3290bd6086d
images/non-fire/train_000669_neg8.jpg,non-fire,387359ec0aa4bbccd24298221a6e26a41bb8c7022f0f3e15d65a3d3df6e53e7e,9cf396823105bfb604412bea0a816a9bdd87c08b4461b28341d93a46e3864647
images/non-fire/train_000669_neg9.jpg,non-fire,855273ae1dc718e3118712b0a27bc47b5523f935cb55d7cffb0e88d3e724c92e,8a7e53a92c263e8647511075051fea2ceaa3c5d27ca83cd0ed3a95f0f4bce867
images/non-fire/train_000671_neg0.jpg,non-fire,367d9c414a51a82c7abc6bd738bd1a6bd1077435921fbfcd7db4a41212f97491,036974cba3d54e3d47256a724eba012faca81eb994314e76a5d42427c3c2a3d1
images/non-fire/train_000671_neg1.jpg,non-fire,e3508e3d2fe3b12b83c97ed1590b48db985b1685179bb7ced35808ddf3c4ea55,61f4c87defd659428e9e57fa858a12980839e0fe4f3c159740d7f0b681d5f651
images/non-fire/train_000671_neg10.jpg,non-fire,01edb9fe47604a30f6dd82ddfbd119026aec233bd84aa93b5be1f5bd91cce4eb,3e8f80bc665ad5db68fb453bed7e5a530c758a834a7cceb14a9c199923e12859
images/non-fire/train_000671_neg11.jpg,non-fire,0c4fa4e9c1dc614d17c4e7d546381c60ba7b76f9bc9860ec28e00fbaa363cf95,177385c62dad6a32a871ad8c8b67111bddd9e3a5a2155cecf505150caa5f716e
images/non-fire/train_000671_neg2.jpg,non-fire,e07669189fa522cd12cd92ff439291792cdb4cb9f870365deb5808d290572248,e6d09501db85ffe3b2b54b569212c8ac0ea5ac2850a0d792ba05cb50b5aa83c3
images/non-fire/train_000671_neg3.jpg,non-fire,cbab5619dfd1d7eed68ebbe049e43eaa0ecdc3780447331049597f8a134520b9,fa05dd1314e200cff794371fb1b29fdc239a63cf708b7c80d328bfb85a57d61e
images/non-fire/train_000671_neg4.jpg,non-fire,2489f015958b8caf5ada0254901e3fb6775113b1782e42e79a0ed05617fc6abf,0df90fd8d6cfe6a49c8149a8656a0ee32b54ea0e909be4b8dc43cd288d8c35de
images/non-fire/train_000671_neg5.jpg,non-fire,052161661f9c72020554538dd21e997e95c20462bc54b5e3e0434b5e76247bd5,923cbae4ae01079122e4d8703f54a39f29acd779624a03c6cee70f93e1d5123c
images/non-fire/train_000671_neg6.jpg,non-fire,f992284817282d1e689ad260ab01d94ba38d80076c6fc949eec11165db01e375,c9a90c1349f4ee3664e3b177aa77c261bc95e5c9b1596f8f1c444075f1f4818c
images/non-fire/train_000671_neg7.jpg,non-fire,edc481a1f4892ed74f5e956b6cfcf02550de6d0edd72ebe63628970e30e09b92,9a8dbd6c95d647673c08e95e42ca448a8e78522f617316ea384a3ed53609b741
images/non-fire/train_000671_neg8.jpg,non-fire,facadebcf675257c96a735d76cd560bc11be642f6fc7542e0ada040ec68900b0,f92708e8d75b0eab724ff25cc5ed836c97ba33be182ad93ad867673615c6f819
images/non-fire/train_000671_neg9.jpg,non-fire,f594023f4bce2aac751ee2d5663b15f4d58e59868ba78dabd811c527e6fc22f9,b26adc103e795c03c02989b9fd98911bfa4f78158494cff72816637614260fb4
images/non-fire/train_000673_neg11.jpg,non-fire,16adb3a3a6e7fde8bb08d6e128d4180cac2051ef9fce4b7bf44325360a883cfc,a6836045e5c82422de905814aa67f60c595a0c9dc1dcce8e3af6599b5d364e84
images/non-fire/train_000674_neg0.jpg,non-fire,c253db3b683028dc9e0285e76e7bb18ce6d036dac19d5ffbce6873a126ce9d4b,91e4dca5ae148910635b28c776efcf8c9a5218abe75ad30473f45805741d5033
images/non-fire/train_000678_neg0.jpg,non-fire,70d4b933c9605a65ea3d120cd86693e780347875ddb14f577df4db227bbf4e53,8d7fe20b3eb1b4ea811295999bd07cc9048c8ac48b95d6a8d8647366ae89c9ec
images/non-fire/train_000678_neg1.jpg,non-fire,6b504f974d5165454257703a1c2d60f0f699b53a4d5039ee925755247f62cdd9,763f6f41829ee8d881e67dc1e2d7aed636b1e3eead74bf039305c857faec5328
images/non-fire/train_000678_neg10.jpg,non-fire,669b80e2a77d16946fee68d04a26e3c89f3d9374a4bc59c20fa872984fa7dae0,54747078468d9ac16002d21da65571efc562e5ce016fee29a9124bceef01fe43
images/non-fire/train_000678_neg11.jpg,non-fire,72703adaf84033ca226af4822f737cc503c75dfcdee14f510ae18a17ac5b378a,eb15dd76a704622c8f8cc30865d733f66da4c3854f554703387bc6455be04a86
images/non-fire/train_000678_neg2.jpg,non-fire,5fc67bdaf57f7e872f8370a5ae20f45a924efb4dc5e4d248f441141e711a74bc,39ecbab658ebb7ae55469d3630e9227b2ad01362b5427402b7e5388182bb6f9d
images/non-fire/train_000678_neg3.jpg,non-fire,3afa69a7e25813f93340601bafeec62a75dcaea9cde8739f8bddbead959375ad,82fb63f842fcc8aa65834acb29a8ab998bf4474b00f373a7f5403e21a49a596e
images/non-fire/train_000678_neg4.jpg,non-fire,0b8ef69d33e04d1a2a6054d34d2e783f7900c3bf232f41c7898705b5b1d03176,015ae91f0f042abf24c4e844abf2a27e4bc06b1976528ad2d3fae1daca129b63
images/non-fire/train_000678_neg5.jpg,non-fire,e86ea469c05dc2e55d68fc89e1fb8fba28ad1373f14daaa74313dc4630e0efa7,31c63b3aa7d9ca5dc3dfc6197f657cc78ecdef2fdf2ed83b6d096c45c5a12e42
images/non-fire/train_000678_neg6.jpg,non-fire,3fbf131ad03477de9858d3aeff6a2c84e7d112cda1cc4a9c4172a665e13c728e,04bdf8979104a7469fbba3d8bf386beb304668b2424a54eb3bac12e554f2c02e
images/non-fire/train_000678_neg7.jpg,non-fire,b38a10556a83fc594cea8a60d680f2d716482ecfcf85d98fe29d2ca4e27ad8c0,02c01716f86b2336b0363fadd275f44b4866f51cb45c214e58b882fd9711193f
images/non-fire/train_000678_neg8.jpg,non-fire,26197a22eda5956b22ba4ab09f5ee1ca312a2f37ae9530d166dd02cec9b1f8d9,d86b256d4e83f092563021b7a49720d194b1cae228e2d9f148ab7a1209cc34d2
images/non-fire/train_000678_neg9.jpg,non-fire,f2e77f260efb367ca66e8bde5219424757f445cabadbd9557ee75e5d8976ec8f,28affe42bc0371f94f80b6fd6aaf641dd782cf88737cabdc1e723dd210baf066
images/non-fire/train_000679_neg0.jpg,non-fire,f3bd9fddb280ef4b6a154279e3ed6d59b63b660b13dc550224a5a5fbecaec980,71b401c87327410b2b7769d3f7e2c03f2ab217b7b0c8e41dfdd0b7fbcfc0bbdc
images/non-fire/train_000679_neg1.jpg,non-fire,dc347a1f0d89fda7e7df49001b7656a7fc168d5a5042975d96f1c9238a50a665,c1908bb33671bd21a48da0b174ba9c9e7685fef883e605645dde81d83c769478
images/non-fire/train_000679_neg10.jpg,non-fire,8165030cef24edcd2a56dd558c13d84553a7c8f98edbadce2f97b7ee1a230d16,7273863b86618480432cffcf0947ad85e7b92e565c735adb5e607226a06d8a6b
images/non-fire/train_000679_neg11.jpg,non-fire,4c8102f7b702b8400f94548c95aa05a890914409f533a54fbab1f729fd080b2b,cfee30c3975d17249a41402cd3346de8484edd0d49ae03ad4db915fbda8d1e42
images/non-fire/train_000679_neg2.jpg,non-fire,d0fdb340830fe78e3f848e70055debc2b63d08430a121b78c9780abd1303f6c7,01934f8d38b923c88f0d4addad1e94149c12aa0179be4bed9c288d697102d704
images/non-fire/train_000679_neg3.jpg,non-fire,847ff423472068c6cf92d88dfdadd5f1263b69a4ab7579053a8deae570671768,bed6c346a9f30de2b1136e56a0d0a21d33703e4282890914ef9fd27b1e637e2e
images/non-fire/train_000679_neg4.jpg,non-fire,823b5d46b976e98364871fe948262f9d1b862fbaa4b161201031f29137f5b49d,c5de8f2e03c21c10009071e8d560e195ceccb78664ace84bd1f2eeaea6cb5809
images/non-fire/train_000679_neg5.jpg,non-fire,c6795c5ea7e3a1daabd467c4ddd3ccf0925e9400cef16c929bf4f47467bc9902,067d492e09234adffe4a67e2ae63852a469e2b188981f12c7fa3911ce2df0397
images/non-fire/train_000679_neg6.jpg,non-fire,ff685406271528adbe9346f0dffe3b0b0ed91a188ff1862925a4a5c7bafbb9f7,7e250fcfaa367e00532b86aaefdf2f84f4dc06ee2aba6151a06e0b8a38381216
images/non-fire/train_000679_neg7.jpg,non-fire,675446d4b5caef5099f9112153c3cea71472c50d71c7edbcb9f37548c768d981,384988a6d54d335c183a19ed72f52533c7604892928cc8709284974e47c80f52
images/non-fire/train_000679_neg8.jpg,non-fire,9bb4b8368e4cdb17d3a613bf26da60d841fada380680b61276c441b279f75dd2,3e83ee4077fb91e57e3f983556c0019e2907f054a7feac1660311dd584b5dd59
images/non-fire/train_000679_neg9.jpg,non-fire,c20f3c9999dcefb17d0d5a8a8abd1265c449d44e9cceee34b4b1211b0926a0d0,38e3a1e6cab3a13cd90a49241895c9be706737948e573baeb6a63bc953e7acea
images/non-fire/train_000682_neg0.jpg,non-fire,9bc6a3e477618387ae947f05c7605990c7e2e7d9c176132e2d77135ef12af0d7,b012c569ef852343c320602d540740c5e929df6b5c6693c3cbab60c13d54b7fa
images/non-fire/train_000682_neg1.jpg,non-fire,6199f1c4cce53bf983f3b1f49bc0165db37e9b1844cc18ffbc848b5139345879,5a19909065fa38e8e6f5764575cb2d3014b73653d0cff6b6ead85ac6e9a3768e
images/non-fire/train_000682_neg10.jpg,non-fire,a7150e58f039c4973c2d63da3b22eae7f934dddc9a6aa5c5ddc6ae805890fb05,b2d9ed3f486c369830cf437967d22f8b64b6a326edb277dbd8b028f89f11f482
images/non-fire/train_000682_neg11.jpg,non-fire,bfb1583b2b3ab61cef715cd18626756bb8dc15433d2dac1c9d08abebc921c08a,fee9b6d5ff4ad7b2fc2514499ed945c1406970a76461ca6a192a5ec5bf9283bf
images/non-fire/train_000682_neg2.jpg,non-fire,269f160c95a24bfd0157286ff26980283bf1e74a6cfa83b359a278c33a61f6a5,b6184f6e2ae1e2909ac5bcab32c18529250d2091f1ddc793cc1b5f61b1892c85
images/non-fire/train_000682_neg3.jpg,non-fire,34277258ad26d39a7c6e577b619beaf2732f5a02681cb602f3b1cec67a9265f9,a730c9d6105e84b8d2b9b0895fd76b8332c4b2f03316a0324805b304f63ca0b1
images/non-fire/train_000682_neg4.jpg,non-fire,f1b8cf4a9699f910fd2f8001d24ffc38407a2c8faa2ea9cee66d2f1fb839b3e5,b714a4c75c6f01d200bb9c04d98c4cd1457cae9dda5b252b22fce354cf69ffb7
images/non-fire/train_000682_neg5.jpg,non-fire,72bf18c0c469357a6fe6c087a4fa75f82e5f03dd0c501cea19f506b7d7d2ad19,d54bedd53b595964bfee22403ecdae3f579ff51a7dd8084317c17818d05b3461
images/non-fire/train_000682_neg6.jpg,non-fire,e805aa3a3095405df75b19f927c7bc34874547b5eda76fb28fec14248d5745f7,563fb0a6bb554ed41438a8b7c319f85b2033489b2167cadfd1dae9f43662978a
images/non-fire/train_000682_neg7.jpg,non-fire,6b44bb608916f5379c03c002bdc824f499951607381b6b464eeaa3e09870cf98,b0854e84918e731a67f2f2d04998830435d4d6be4dc31c9480da6da8a6dff136
images/non-fire/train_000682_neg8.jpg,non-fire,936536a0d0de8bcb6bec33e0f6c7f2c673a8049f6fa88dbf2857c520500b8877,932defd3d8bb4e21ce8507960462cba1804b1e2336d09cf20f59207858139d40
images/non-fire/train_000682_neg9.jpg,non-fire,98dbe44c51b0e97d76abf9072de9bc5d6bdb05bde57a6531cb20f71fac5dc42c,cc457c4ab0e0aa7baeb3be3f6079e6adb4fb3e192ed384c0aab5b6b47e31e957
images/non-fire/train_000684_neg0.jpg,non-fire,74abbc8a49bdec6e2456722e81233c5a9f8915c124310929021830e7db594647,4d219ff7210c9aff036a323bcc2e395fb5824814b1a4ed7caabc3bafa4b54da1
images/non-fire/train_000684_neg1.jpg,non-fire,c367eead55a2bc1fd59e55459aab067cd4244c440d786e7806fb698bbe00481d,462b8adb93e4e21600de4061ce5144b1c5e1232821964cab7bd744cde2d5734a
images/non-fire/train_000684_neg10.jpg,non-fire,d5a3ddf69c7313421657bc9681689d0627a947b35417fc1fc37aff941bfbf724,00a624d0352c833e2af8a5c3a07c9912332a22b52722cb344697336578b8421b
images/non-fire/train_000684_neg11.jpg,non-fire,61dd4a0c97aeeddafe52937b0ae396cc1357b7fc8559533ac44c7aa2a81fa405,f0e22b594ceed90762cde1945a76455c2484679b7c73c4cf28f6c4f6e7e5f3f3
images/non-fire/train_000684_neg2.jpg,non-fire,db96f9c99296da59f0f86549141fa8cfdd6673fd55daa7919f20c993d4d28247,b5a69520a69a160a1b5e83c28ca93758ddc6b3136daecb7c9eca5b8eb5239b47
images/non-fire/train_000684_neg3.jpg,non-fire,23ea3a878fa5084d8b88da4f5b9cce2ece5ce24aecbce17eb5aee9abb31d83c7,fa90dd0d34e69d1912d6d27c0918e1ed9db1e4e5a5a70959c1bf3e8a10959bec
images/non-fire/train_000684_neg4.jpg,non-fire,3c51e48be49e762661e7cc42c833a9bf4d423794465e66a93fb33a10050c2ae7,675fc379b43a0bb3c24c585c811898501991cc0a1bf9072e0ef39650aa55d9e5
images/non-fire/train_000684_neg5.jpg,non-fire,5c4c3e3d195a6ababf04be2920d2dcf0a3fe88175ee355755f09f837b1816fb1,faa78035018774fa392db0178514dbfecb531abb5cbf7070f8469fe8403025e9
images/non-fire/train_000684_neg6.jpg,non-fire,69989131bc246f80c0e29c80709f4768ac98ea96bdff4192f43ecefe6c0aa54b,eedbb0d48cec25f47d0e840cdeaebcbd6a1f1119a875ab431afadd737bcef766
images/non-fire/train_000684_neg7.jpg,non-fire,1a1bc12651ae9f5204cc6be2467f5c329cd95692b26fa89c5c831aef4f12df69,204a226501871296430eca82219260ad993f244cc9fe0e776b36cb5ca3944cc5
images/non-fire/train_000684_neg8.jpg,non-fire,c43f156558c72312800691fed59a46a534ce52fe700f088b19f947752a2b96bc,3dfdac976db2d20ec5a0e5d8f2a021932453ac0dc18a154b29785900a9cbd3cd
images/non-fire/train_000684_neg9.jpg,non-fire,426ac96c7e4808b094cbd4e5edd618f75b0a7c95f1980c3f8737c07741c8a6e9,69161a63d1aa2ec1426781cbcc12635248e2a46e4e4a735ea9f7a75d2e1b9e5d
images/non-fire/train_000685_neg0.jpg,non-fire,5c6b4a7ec765ada503e12ea0919696929ee3553a174a722bb4598dd8544bbb54,8a19c3ed62408c50bdd8ef71bd720866c581994e2d83251c7c1fb26730dd71d4
images/non-fire/train_000685_neg1.jpg,non-fire,dec94bfe3830d63a685161c0871258c81505a410d28fa603aba8dfd67191258f,2f9ccbed0715dcd20c3d25ec1980110b3cf9630d886d88881c9ea3c4ca37b9f3
images/non-fire/train_000685_neg10.jpg,non-fire,14d79987ffe28bcab00980c24bca97874a3564a9001b1daed2b97cb3c6ad0c60,ab55058ce1b591a73fd8abdc91f74560c72ad57674cdc6f7223424c6039d3855
images/non-fire/train_000685_neg11.jpg,non-fire,c28b150981cdb1bf31210ef7dc54183d4f2b64681b7cead98eea30d45ace66e3,d8906408c27573789e10876663701d0fc54d678a3de3cb2cb9c59e625b743249
images/non-fire/train_000685_neg2.jpg,non-fire,355da16ca996c715e2d3a8fab7ef35cd6d275c004747147de4c36d9afb6bc375,8ab4aa00717a5ce4d9f402fb83be44c4e3549ce1536a667a6c04aeaf1e488653
images/non-fire/train_000685_neg3.jpg,non-fire,ca3bba940fb48c0daf4f8fd1857ef9189c0a894217aecc617b8f04b9a8c2b162,2420008afa402a041628f415954ae2683a8183d6271147057673c21d73305558
images/non-fire/train_000685_neg4.jpg,non-fire,2dee363efc0225190298b7ad0532ba8c29956397311d1abbc9e88db9dc8fed14,7e08b63df58baf737c0327f170d8c6afa31d505336689be2557f2f1ccbf6c721
images/non-fire/train_000685_neg5.jpg,non-fire,6abde5968e896d9a5286d4d22e336f3bf3eafb8c60027d07e243b8ea6ba95841,8e21c1237e9017521d63faf1cf31e450791f835ce2c3dd71a3f6379c61067911
images/non-fire/train_000685_neg6.jpg,non-fire,55fc0fc2cb0857a8353a433196c2377c595fc66182d67cc42821b24e637d621d,fc4f97422814406183fab59249656793ae6a132c6a427f75755cb4564d2dff89
images/non-fire/train_000685_neg7.jpg,non-fire,d0451cdf35f7a053d16ee1e4177d05cbf6a6992f4ac8466497206688d2ae1b7a,144d71a225fc57a60c17a79fee331cc1abf13d83819af298f4d7230d9be5a167
images/non-fire/train_000685_neg8.jpg,non-fire,c6ea67fa456b4fcda3f63d68ea8b63a5457ae0c3fbb1571bf13c626dee7f1edf,395ae2ab12fa46be5cf3d23ae16279c75d7770794b209a88a7fa6986d8e6c45f
images/non-fire/train_000685_neg9.jpg,non-fire,4f715064f596770f173b5f9f492b4594da7ff2e63650bacc70ecdce86537b13c,fad5020627d8dbdfb8fc024d14d6062b75d78c07fcffc5a83382c32fcfdf1868
images/non-fire/train_000686_neg0.jpg,non-fire,4c9821d1c622b26c263a2d9a89d3545f9ab24254a9c39b82cb068eac5a131ea8,c05a2410d0264cff88ad513564ad5a28aad0bfd7fd2be65f09f4a85a08ca4984
images/non-fire/train_000686_neg1.jpg,non-fire,02ebd318cfa2a917d51dc79016cfb037999dded5e0e8c90ef6eecbad309ebd58,80fc5b5a002caaf44605f82fc5c819ebfe16ce343485abec5c11759d42833621
images/non-fire/train_000686_neg10.jpg,non-fire,90eb47bf4ae9992ce070f5a4b85d3d0d8e98eba3993dad76a08998c06fc18402,2f9e12736fffaca111048c6c7a6422980f76cf54aa8c2a76b550d2e05d33f0cc
images/non-fire/train_000686_neg11.jpg,non-fire,7a8f59546a490f1811254cf789071e096845c8c720434ec95a14cc4dde6ec8c3,8e4876acb50a5028f1fa18fc54e3506ac54f23b6fa7d97cd92ae399fd1a72c46
images/non-fire/train_000686_neg2.jpg,non-fire,785526a67e0e97f7533fe745e1c8c867bb199d7a1ca2ce1546e89ff970e3b528,9cc77427f8f6c1a66c2e5ad803b9a7fe3273feb91fd372d79a97330a3126f5c2
images/non-fire/train_000686_neg3.jpg,non-fire,6aeceb3c1b2a32d291b1281159f26c2b6fe18d5c0f6f7aa05c82ed45372bb458,44d57a4d2b2d3feb2265d23008a5ce1945423ecb326c8c24db56f71487ee7921
images/non-fire/train_000686_neg4.jpg,non-fire,3facd996734f6779a8283f8b1876d4db46c501b0c811f1cff6909b1317bf2ce6,776d4f871f87c61c2667a9e0cb4f501b666292a8338878394b876c5cbd4edf96
images/non-fire/train_000686_neg5.jpg,non-fire,5d66111f9226571cf6574fd29015157a8a33e61687c557a137f9bc247c2bfff0,920da7b9b6c7be00574beae4e712d8b8f0bb42a9383ef771cb0407e5cda6f24c
images/non-fire/train_000686_neg6.jpg,non-fire,3537ab9937855d53f88e1c8ef37042bfa7d338d3d412dd98c580dde6b76cd86d,a595ed9710f0900aa5b880ed32dd6689da5461a2e8a9543db2a84eab05fb2946
images/non-fire/train_000686_neg7.jpg,non-fire,c0a785607bb9078f11841af4aba38b39a1b4f541152a0ba517eff7cf0f46691c,80ee3203eeb28e0038df2a17e28fc65c3c241aa83d068a9b82dc4977fef6166a
images/non-fire/train_000686_neg8.jpg,non-fire,4a5ffab7ab160fc71010e7d2473eaf7fe2ca4c3b828e52fe1111e7402df8c0ed,46c84ac26546f648147356e882536b6f5fe5aa695cc5d0086e82d536627c1b7d
images/non-fire/train_000686_neg9.jpg,non-fire,456e5fc2a6eae396cc87aa790decf6f6c127390f6ef4a423123825c10b2d3daf,fa9c7eb1c2e0516ba865ce07fe7915e72b21464d41e809ff66aa31adcd1d31b4
images/non-fire/train_000687_neg0.jpg,non-fire,c5d098cb0053e8013747c02a26df7c48634589758c5c61a1796a71c3beaf94ee,8b4a2b1fc96aeb7d1b703c044e1501aa504afb277386eec537c815e46809cdd0
images/non-fire/train_000687_neg1.jpg,non-fire,adb6f05716c7cb3c2bc8f3d5e495a520d97689028b4f044a66d6522313240115,b578b9ecfe96780e7617ade8d3f364a3443a2f961d9d212740deab67a0386264
images/non-fire/train_000687_neg10.jpg,non-fire,e6588464e0c55a85ae12009a348e429e27cfbc3540d6c8ccdbcb556c24c3c01b,cbc5ea89fdd761ad354bc23e0c99233fb37f3a7e4de609e58a37a46fdbabf298
images/non-fire/train_000687_neg11.jpg,non-fire,0d3fa1750a80590908d196c6cfd28599281e8c16fc7ae99d1cbee7ea6dc10e4c,3163e9e4fc2395b5a00fd276f8b11f10e7c4e6edaf28b6c14a09b877a5965b55
images/non-fire/train_000687_neg2.jpg,non-fire,cec415a2437112096c30863b03ecf08ed5e77b7370be1a120585a5fd72b460fe,f151eedbcc0c3898ab25905398d5ad002ae8a0949e24303ffff832b1844e680f
images/non-fire/train_000687_neg3.jpg,non-fire,8c0d945fd317e4aacc9698051eaa3779561259ab835882f0537bd060da61a472,1ef6e80e2ca22909f57b3194167ea6dbd1d84350ef88482cf01e97214ea422e1
images/non-fire/train_000687_neg4.jpg,non-fire,2f52e2e4029bd977930cde94a527c4f22769f5872f029e71ce715e165d374236,38eb1c99c83e9c06ae776e15520bcc319a9b3315d78b2f6a7f2e346fbdd8d154
images/non-fire/train_000687_neg5.jpg,non-fire,52ed2ae72dbab1fb723bcaccebc53f0d44ed1c7770df9a1254ad2c7b0dc120f2,e328176ddef9db58aaefb78109a5de514c28a6166561fe5cfcfdf3fbd805c8e5
images/non-fire/train_000687_neg6.jpg,non-fire,a9cca1c5232ad59396144c369b2f9a052de038c5586f698e97c674d45403d9a0,a8a8ff4814b433232a39609ce9cca0001fb476040bd59af06d83774444244da6
images/non-fire/train_000687_neg7.jpg,non-fire,0c01464211a6a4aa31f5ae7af73543b9392564ae6736a0304070c3c431ceac48,769ba4d668432fa12dae0a82647b42e92ab8b99bf63d5543d861cf3bebe708bb
images/non-fire/train_000687_neg8.jpg,non-fire,10de811ffcfd31d037774cd345cbb6e1e9966a6ab7e088a52224c836e417ad69,552db07ce312b80b2d560f3779936a574df6eed57d3825d0c17c2d9ac8e77441
images/non-fire/train_000687_neg9.jpg,non-fire,f27a449f59704001fe0934ff743005b0c36c2135fc1f3276a8ce60f27aaca7ba,01542cc5b09542f5cd259588236c1a0df72ea19f0aa1810ac8818bf4028660f1
images/non-fire/train_000688_neg0.jpg,non-fire,fcbf2d239319c92fb5d7238fa9f0de181f69c62d4797fd694ad84ec78094dc11,6313dd9cb1fbe3ac835dc083559afe49233e8f23d546ed5d9b8c75bd6922c13d
images/non-fire/train_000688_neg1.jpg,non-fire,4f5c4e9a572cd008a26570b1e6497a48de32b41187dc4fb3c0439ca071d303ff,a015603ebd70f6f579db0e72456f7f10a1ea4f5b53b445411eedb0b21a82aeb2
images/non-fire/train_000688_neg10.jpg,non-fire,25cee2aa3d7d0b3d175360363bce426e146d0fc040719dd26198345d62aaaef1,027d3363a4f7da76d4e9a21a4d444514f52852252b06daaef16c98b49a31bc1e
images/non-fire/train_000688_neg2.jpg,non-fire,48e7b43a3a4f74933811a443eb5b4722c534f67d55e2bc36d114a8ae9e551e31,e803b89905939fd3c26dc5f4bc4a54eb0436a5e9245d1686fe296da4bf11f156
images/non-fire/train_000688_neg4.jpg,non-fire,6e2aeae9331586b7379f62f02ee85f8f54107d5d8532cb934f0a48bde5020f31,11d1c3ea8d80df3470fabfceb8cd1ec7a83fca593ad6f266f9b3d67a79b7a830
images/non-fire/train_000688_neg5.jpg,non-fire,33d478829901b8a46aa6577d66708dbfe2973b58236124e07531e47ee4a99557,0cf53448d4e0aa8ad0d7a9aee4753930d3a46fc0376454ee65316520d9bf38f8
images/non-fire/train_000688_neg6.jpg,non-fire,357b2084843063939420519415b3e967c6aad39cb0d9c96024f858ff3ea556a5,bd6c1c25bd93020aeefb0ed93aa4d9f8e50350e3254882255a5678126c6a69fd
images/non-fire/train_000688_neg7.jpg,non-fire,fa1a750ced3f6fea96f0466b72b604a50490c793bfabb7ecd70ddf2cfc197e03,9d3138568ab24acce70854de8e71e90a929025c501d270d50adddedf67e7baf4
images/non-fire/train_000688_neg8.jpg,non-fire,c53fe4b9ae368701757f074ac3a673e992106a99d714c9804ab4e496c0b70479,e114674ece2ce4bc94d82654d4d7f674a0b666736e2af8ab9e3df31139f322fe
images/non-fire/train_000688_neg9.jpg,non-fire,0a34fb8fa1938bbba0d74a7b9a5777790e6eee5c5b3e34e20a47276b4d05f566,e6fd0641160e3bee05ec522d578705e18b9c6b332e6a0f3652db75788c352702
images/non-fire/train_000689_neg0.jpg,non-fire,47150576a2a6e09546c0305f5b2874efd907f0648518d9f95338ac3685ad77fd,7410a570e8d8447e671230085f6991092c83e859fe4e9d7911755393f9be8f55
images/non-fire/train_000689_neg1.jpg,non-fire,dbd8705d18a5be58a3f296ac28f0486cc1c2359603fb5b3cf91af1a834180f5f,f004bbba31c2e718362815f7d03747911c7b0fb02d07e898aec6a681e4636199
images/non-fire/train_000689_neg10.jpg,non-fire,292fc560bdc3a14816b7c57620f12a8b00538061c9adadf44d7f3443dbca8d18,908d858a72538cccf43f57c561d6e33c5ed8ceb473e4e78c5dec971a098e3cc3
images/non-fire/train_000689_neg11.jpg,non-fire,c1a4daec6093e6f5cada0c908658a45fc43989bb42a2ba458c07b42d86f0f134,a4e8d1941afae6ba7384af4d8323aac10f5b7c3b748d3333ea690242dfd93111
images/non-fire/train_000689_neg2.jpg,non-fire,22c00ccd2ba3ae86cf53b968b948667f6a6714a671d15fe3cf6708ddad4a90ad,58bde111a618c9d63116f7cf5ff573c45d32d4d49a7e1ffd551dfbd079039d96
images/non-fire/train_000689_neg3.jpg,non-fire,67b1e393077d84c403ac651bc238da20f9f6e52fe58ec7d07c6d3e7633527210,e27e9099df80189f4f4b612d895f9ac9b2ce957e95ed62b2f4302e8eb222fda8
images/non-fire/train_000689_neg4.jpg,non-fire,34fabd96e636ee4bca2379ce10778505129aed0f67ee65b5d78c441f8f9006bc,29e35b832adbeed25bf0ca665259d55b94525d2ccd1fe446edab8d16d6184a70
images/non-fire/train_000689_neg5.jpg,non-fire,e311fbd667af00286b7b422c7a0a433a38d29bedd20586b0ae65cf11719943ee,676e33d109a0bc6eb1ce35c028d4e5e97d175ad731fff341522067eba16ed673
images/non-fire/train_000689_neg6.jpg,non-fire,291fcba48c400231ab03c1e077aa131c415df1c38b556c3d5792ac891e20a830,c0ce991786636631515a41f8acf2b0709af948319f15c1e86b1855c9015dae34
images/non-fire/train_000689_neg7.jpg,non-fire,70e4e4a0fe804413106e1b7bc4d786eae3bcbf411b469c4c1fb9b1b3dd08e882,cfaee0318cd7119e69ec5be1a94dfcda92a343910031be75240e6605a1dbdedd
images/non-fire/train_000689_neg8.jpg,non-fire,95f217050563124f37d7e8328c1db2b4b815c2ed25fe9035b0690a35917b59fc,fadd591a792d82c3f735e323f64425e91c9d26101ef799bcb6c424a0281d72a5
images/non-fire/train_000689_neg9.jpg,non-fire,8991b1b9e3fdde366c5b7cb224630e734814739eaea13eb421a4ee496e0f4ab8,ef39836b90a57ab54b83f4cbb34eb32ed1c3bf0a1e392ba42a5e61a05c3d0941
images/non-fire/train_000690_neg0.jpg,non-fire,fb65c034e4abda8cabe65a5c3ad50d9caccae8732f32173766d85a5184750d8b,9661118c06b823f65765f2009f8079c49f88278c33c923c393425f0a695ba041
images/non-fire/train_000690_neg1.jpg,non-fire,86e27d2e133d4e9501d8c0025e22e63378e75d1c6c6327274c9054a8e6504654,f2746c69f39e45b3ce73e62360052e3f47f512eb48fda7231422932df6e94f80
images/non-fire/train_000690_neg10.jpg,non-fire,17b4e4ed0e76d9486f52b539ab0baf435a6b1a746881a3e114d6325823a58efb,7b5adaf93a2befa56a58ddf9d86f930cf233fb3d87fd09465b727f51c634f0bf
images/non-fire/train_000690_neg11.jpg,non-fire,30a6cf09d2ac3979fa5e2c2cf13d63bb84e89da4bbe7edefe6e6a7917f9a0049,aa9d8a521be98b1b77ef4d487496183bf852405a52efe79c428aa0fc586c2b8c
images/non-fire/train_000690_neg2.jpg,non-fire,3024ce6e2fc04a6c70575d2f9aaa696dcf78e6c91a78f91c20cd824a42fd9d23,d92fec1a0f4817170522a742be4e8bb5b735eb090b88ae1080b312d71c38c344
images/non-fire/train_000690_neg3.jpg,non-fire,16430fff9b9d0b33969f1c7b1093d857da8c17b664b38afe591ff60898aaf7fb,d4d30f4c36bb1c0a4867ff5847c297f1d595714fb008244a2fa00fc953a23984
images/non-fire/train_000690_neg4.jpg,non-fire,97e27de2a09c6dde05809684e7ec27b7c19f719b8e6382a1a3751fd9c968093d,b6a5dc1c2a5aa0e6d94b909950695d797da736ae9990e6693fbe25edd42b9ec1
images/non-fire/train_000690_neg5.jpg,non-fire,096994fc6620530a6582cb018b687052dd0c6d5a368cf900083ca506e1561248,ce0d4d0ffacba2635f1f8ee78517da53e2bcb5a2c8c4abb55562c5f9d2a1caa8
images/non-fire/train_000690_neg6.jpg,non-fire,5bf958d16883bec682dada7281cb04bfe7c5ad29ecd7035da1161e4943f88ba3,65d41df4d2b1d1803453298ad492cd06de23b7acfa068da0edfe462f2a8f4496
images/non-fire/train_000690_neg7.jpg,non-fire,501e7ceba5a01426d8763ebc56c849436e929f67bf8d9c9267ad50f52ec94b0f,1c4c3b42655941037efec99ac9f2172b7127cd15af721a99c3bf590b30e4a607
images/non-fire/train_000690_neg8.jpg,non-fire,94f20ba7fb44514c4d39417805f799a83610753d25684b4e32b5f61ea4b398df,b7aa4973db1ee4e327d7b41a3a9b04c33eccbd52d5326b6803ab0d31c147e3cf
images/non-fire/train_000690_neg9.jpg,non-fire,7553dd1c6945c72d402f634cb41b2c6a170d24078d7521d0e62e19399f962d7d,cd9f382d21ed017d353f7b05681172578a5f908ee919366e0f4e8b860f8b81b2
images/non-fire/train_000692_neg0.jpg,non-fire,c0665690e81055625692f7b8dc2fd570c9db62ebc4683278b56bdd1c7b822cb1,3ef47d0b92cd168c56358209a64457bb236a52208cf3b79291d7c8aae1540fda
images/non-fire/train_000692_neg1.jpg,non-fire,08c059b86dd3b76f16bdc5c220a84920cb50311ad3b17597d6e46ed200635fb7,2c35b0466565b7ce6164a8c03fcad9d946ffcc294578c16d569dcbb4f4b94e91
images/non-fire/train_000692_neg10.jpg,non-fire,aa1aecd5918c20a74a461c9de40ebead719e1ddb2d313669cec5952810b508cc,86f378c4dfe743fe5b43413758357afcf4a23d787a12322e41f6deccef250738
images/non-fire/train_000692_neg11.jpg,non-fire,2c9de2ffada9c513bf6d6bbd5b15a96a29cf1333bd62a1d27413b7b27d41d476,fc4c0d6b0e208840e2158ee3d2d4e9358e688862bdb92a80742bb31cd7d3da39
images/non-fire/train_000692_neg2.jpg,non-fire,77cda203d7dfd41f92317b37455f2b2d608e04842c8ae8e083e053fde6b40e82,622011d12930d0ef22759c8a9b42772a87293d418bff1f0114e88eaf790ee4e4
images/non-fire/train_000692_neg3.jpg,non-fire,70c3b67142dc5f6915be812df58996da69bd0db15ebe6f4fe2ec0a95b2107783,8ca86c3658127264c6bb5eb5e544f24cc8140b2f3d47cbca838bf2e6f2675403
images/non-fire/train_000692_neg4.jpg,non-fire,dc74bce9545ac5330add661e839e6eb6df7ac31d39c417de8c1f9bbc2c8e6a84,210d7c7ba4059bc179ecbff85bddf92d3d88db59690be8cb28516f0608282703
images/non-fire/train_000692_neg5.jpg,non-fire,6d8d1433590158380db3863a24e7de0067bbdb72d929336b77b9a7e32ca39085,676e7df1789b0daf88702a82759846adcc318a8849eceb2e83d327345d2f21df
images/non-fire/train_000692_neg6.jpg,non-fire,cc65452b8c90f0b4a7cf80de8751b2983871f50ec91d4280b5ca662baddb6a2c,ae1b6645e656dde8e8780fdb708d3c683bcd2de0876934c50c44a3f92a35af83
images/non-fire/train_000692_neg7.jpg,non-fire,0862458715b3d9787ebe61074f0423cdc5beebe1ef7250c1ae59f9aa48fac1c7,67f60ec39fb1fecd5d47cb0d1f672de80a26bc62f853972ccecee8b5ac8244be
images/non-fire/train_000692_neg8.jpg,non-fire,c2110b4ceff2d20248f10ee5d8a661c5e3c65ec2b64521d107a4357714b5ab4a,8bc5e72c9b5e50fd264d7c11e4cb86467bb9567b876412e087f4446a77ab8e66
images/non-fire/train_000692_neg9.jpg,non-fire,5cf980c4f0fcf34cfa5d7cd36f83c21db274164580751185ca708f9b1f2de853,bc167c65900c44c65b3d3bb9287feaad2a9d1642ee3ad3e5c9d06777c1c44a8d
images/non-fire/train_000694_neg0.jpg,non-fire,d4d5c03a1fe6bbb5df9bf01117f46f1be37726b34b403a1388ba838a72d6f24b,39f12c5591206304b651e84228f53255675cad6bdba9ad2118d3100ba61a3c38
images/non-fire/train_000694_neg1.jpg,non-fire,82f81687506e93d7282046c8466bd778c490aa198efc5e662c957f3cacd40340,9678fb8d6c598895af0eb5a64fa97c35660c47495e47cb4f637e7bb351c26171
images/non-fire/train_000694_neg10.jpg,non-fire,a128035750eda9377de32a386f69ac9519f8f504392d6eb9671d7569277d4d36,fdb53ba17009241a5f18be934ba6340bc874aafcd4c0fe2da92a0c2e5119f611
images/non-fire/train_000694_neg11.jpg,non-fire,5db8e171e080e99ab4bdfbd8b284677efe035079764063ff1761fa131f783ce6,c337d65a7a7b85f091e88917b8947b598b702d854279670c358cb429d4ccaf05
images/non-fire/train_000694_neg2.jpg,non-fire,d29cf30ec8a67af6b08555537b430e250324272ecb88356a59aefa84d3b35032,54f022f3151b7d22a412412ab31e21f7dbf533f38ea3e2e60eca8625c790a4ca
images/non-fire/train_000694_neg3.jpg,non-fire,d4ab7c817ae75b80a9f10923570993c81b6f7651e718e8a44e31bee83c82d992,843e02a445f4f3338fd579641773aa4d793cd629bacdcc51d2f8be8efc67876e
images/non-fire/train_000694_neg4.jpg,non-fire,421be3a3ef0bf9ddcfbdae2cd512a2bc8587729cd432108e27cba8cd7ee32858,56eead83bb2a0792adc1e75bede626d17e29e1772200354a2405bb5f9c10a1a0
images/non-fire/train_000694_neg5.jpg,non-fire,5183d411acdbc5f496245e763968d22c980ee3c7207d9582ea69dfc608096e21,e6c9d0cb52dc1c37f53f0c2b43b10b04501bfa0a615653bb555c84287c62e006
images/non-fire/train_000694_neg6.jpg,non-fire,22aa58845cddc5648649316c3e18c223c722155580a890f55045fdecd6f244ca,96aa0f6ba534d3c2bc9c8ebb506c16218880bb0cbb0bdd326be0a92c2d039138
images/non-fire/train_000694_neg7.jpg,non-fire,5fe9983a68fbad4ef8f580285648b992b836f9d471b02c2e0527501a4bae4ae7,cf49c9d5cbbf3558cddef520214be88cef4188683983119e32bc04fec45e7150
images/non-fire/train_000694_neg8.jpg,non-fire,e7f26b6fc41cfa7de3b6d7ea68b4c154feae023073cb46db95f9c178ac4ace08,735a880d0ca01c06ccf23899bdf6d3fe7a3eac08d0af528aa83d80fb8eaed354
images/non-fire/train_000694_neg9.jpg,non-fire,ab5d611fdaa09812f3e35f8fa669dc19e750834223e579986254d5a3ee303e63,caebe4d3f602f9b14f92c2d3511eecf523fcbbd55f7f025f3435bf1bd3d0015d
images/non-fire/train_000695_neg0.jpg,non-fire,15eb548ca6968cb92ba3aace9d30bbefa1d017a9c06d51fbd571cad68ee9a8f6,0fc89e6a36d0e0475e3517494737a339fc887fb04d3f1bc4e8b1c2fc6e5390ce
images/non-fire/train_000695_neg1.jpg,non-fire,4a5c44f876048edd33a67ffd6b2b650d62604ad68531aec6e08052ef9db6bf9e,6a5046942127ed9b15b8c0992bcb1c1829fe5edc84394fd4c6d0eb56d783fc5d
images/non-fire/train_000695_neg10.jpg,non-fire,a80def9636c49bc1cdfbba6ae86b22a34d73f4451f15506706218c855c34a9f4,45bc9a39cb9f28213a9b2109ff99c160deefdf06f2bedd6594e07c7bf59707b7
images/non-fire/train_000695_neg11.jpg,non-fire,f50b76678da1ca3a7e7dcfd8980bb5e1382da8f4a4d3860f8b8c08a1f10960ba,3c4a7d82866e69d461f7cac0b39d66648c90a5a56a8730a8bbdaef3024e81d65
images/non-fire/train_000695_neg2.jpg,non-fire,d5cb436866fd2e8561ac036ec520e4f6f4bd91fd1e0560cf07e74c9eba75fbfa,04b66ba2f877dbc660baed6610152b68be953f5921805b027d8268f08fb6ca23
images/non-fire/train_000695_neg3.jpg,non-fire,92efa1e2e01073b58573f239a8b1c658295b6446870001d47ced27386fcd791d,8a43c393299685903270a5239f38ed5e3eed40dcf8b5d0338c56eae5af3ee919
images/non-fire/train_000695_neg4.jpg,non-fire,91efb103a743ab90ef9c7e347356874ed14cb043e1403c1e35b997d1d5c866df,36fda368037c8897f1dbd5bae13c6ddb7a7ad57cc680e3aca8008af1f97e094b
images/non-fire/train_000695_neg5.jpg,non-fire,79d7ac2c5e84c49e7446e67b59e333711fa8b9c5c565caeddcf34c21858b0d59,e7598bfbaa62531cca4c1829d16b0aea30a40ca686dfc7eff6e8baacaea6df1d
images/non-fire/train_000695_neg6.jpg,non-fire,cb50c7e8e484de6b6995dbf9de0de2c617d94c8fb72746286b61c5b4e52c7407,b8f8b1377662025f2d6f30b8851984dba2d5ea910f278690092941cbe6166b54
images/non-fire/train_000695_neg7.jpg,non-fire,6689c253e739d82d47a287d86bca6f390d9a079449688c5f964e37a5560f8b17,b8feadadc175d5c1b524ec5c72c3d796c27fbe723ae0f129ccae2b4509b18000
images/non-fire/train_000695_neg8.jpg,non-fire,0dedaba5e6270ace30eb73300ee8956141044675b966728742748f5f885a432f,ab46783e2be7cbd55aae499b11e4ecdba7481825306439ff7693d73e4096bf22
images/non-fire/train_000695_neg9.jpg,non-fire,649a64a4d8cd3451c8bef0c8b5fbc40363a67ae50e91b32a9fcf73dcfc661268,bd22cf301c8beca861ab9f337e0593255787928574b7b0da77f12f4e997de6d6
images/non-fire/train_000696_neg0.jpg,non-fire,20bde6f5fa3696a7977c0f5062a2d3d523abe6dc189504560d62767da24f9fa4,bc6859b04a7610e2c5ce9896e6e1baa9dc59a61d4474497900d15a5d36cc6327
images/non-fire/train_000696_neg1.jpg,non-fire,5dab0e07ff5159626cc5743b18b3ff4aeaf0e965586a3fb2f3aaa94aa3c7f886,b0db31ec689f2d5cf6ee11d554144995404bfa9e8b7173a447bf65a463072d78
images/non-fire/train_000696_neg10.jpg,non-fire,1bebb8e8518cbadcfb70f774453d0e4b55c043f8eed7e83a8969dde79d2bebd2,cb5b69d742a8531f2cdf99b63edc9398d06bd16fa2966bc968afb4b119d68a8e
images/non-fire/train_000696_neg11.jpg,non-fire,7600fc015b7700bfa4d25d85e7962e12f1d942b5ff00bc475d92b7f02617c5e7,e917f66a63ce7c3061304e7b7a3aad7c2aa08f957b94f6dd8f5accdc814b5222
images/non-fire/train_000696_neg2.jpg,non-fire,52d71bb7659c8e88f237769e5bca8e110513ac895cb11ab43b94b27b23e25eb9,e32b4c6f0aa1fe951f1f251aa093c154bcce5d5ec6f9ad01367753b630cbaa94
images/non-fire/train_000696_neg3.jpg,non-fire,0c2ba7b4b8d6f3bb1a6c155ad7539f14c2f49a8b1981e455a4dc84e9a83b2978,2a1b2db1e4a615ef44be5a30fad4c02ddc7dc6726e894b621ee88e53f21a67c5
images/non-fire/train_000696_neg4.jpg,non-fire,2c4b5b909b1e9781c4c8fbde81151054f8ca785493f330addebc55d95ec9b192,2ca44282d1a953169d2d270e1d280535a070817656a4a10e88de196638fa5cac
images/non-fire/train_000696_neg5.jpg,non-fire,30a916bc98d30d72abfd71dd1c65bb57a70cdeed3d4c5828db9f5ccc03ebbde6,0c824b249813af68c7c959e03e92bafd70e629862083c968e54ae0882e226c20
images/non-fire/train_000696_neg6.jpg,non-fire,e10462f3511fdbffe6c42fbb19ef2c5746216de2f947c3da9f9e5ee246aed8fd,7859c614fe8f9d20e44539e9ab576965c0a6fac2ccfc9a1c0114e4890141313f
images/non-fire/train_000696_neg8.jpg,non-fire,f106961de72fcdd188cb9a67a57afd5686842a800dd4509404e567279499242b,3acd6781119a00c85cd853fcbcde94a7879461c2b08a592cb15919da265bbcdc
images/non-fire/train_000696_neg9.jpg,non-fire,77a60928f9d1dc1e4cf52ad63899c5c3053a5a9506b6b875b2de23d6637cf0d6,ff3fd0d1b28dbfc896f172c4d2c7ebd4bf69a868644660acc3b88df7586ec379
images/non-fire/train_000701_neg0.jpg,non-fire,5947c88d980d52ddcc4f2cf8665d0fe18e9426eb09a2d16067cd238e78908e1a,928a64a6f04d46b677125ebdf9ce88b54986df31d092482b61230cd0cf927fe1
images/non-fire/train_000701_neg1.jpg,non-fire,87e5145bcc9604c7c37586a51ce693b9383240b17f9223cf56eeeeb656ebb142,54027adaa48c19446780589caac175d1b48f127e511e9b6f12af833984b881a2
images/non-fire/train_000701_neg10.jpg,non-fire,0f46d4a58de8390a4c0d22606d6287fcff4eabc39f71abd1f72e64d6437db34a,e6251018157afcbfee5683183479ee172dd9ef3d4ff57aa5a38bcbf7cdc5d0a9
images/non-fire/train_000701_neg11.jpg,non-fire,fa3469fe0faf87013b6fc127a09da5de7939461eaa083c7ddcb1ab3dd1f55dc7,63ee4c92f58f866b029ef280c7a3a730adfdd60dca255b5e95ba9c3c3d0030be
images/non-fire/train_000701_neg2.jpg,non-fire,c61d16f9528fa526fe6f3b37c85c0548e2bb0abe0fa577c7533bf46b645b8450,30574de5b83e365f31f59335fbded1b1c4e11fb904d46cd4747b17fe5d624cb0
images/non-fire/train_000701_neg3.jpg,non-fire,32d6ae2bbd07b571ccc190a2876d4d749bf6eb10c2af8416ed32699fb692bf1d,63cb7ea5c386477844e92c1037393da59760c10262ff517e5dff60196b755eb7
images/non-fire/train_000701_neg4.jpg,non-fire,1b5117483c42933ffb23ddd6760799a85f8e83871db1396f70302d21f267168e,634cedab83bd1606ab67c7ed3b67ef184f70810e3dee4587b2be1c907e2be39a
images/non-fire/train_000701_neg5.jpg,non-fire,faee70f50e7c805dec2b0acc4e1f7e9cc0586893dcfb2922182f7518f48fde00,6f69cda38c8055e4569554f958848f4d942071ff4ed619738de022169c87935c
images/non-fire/train_000701_neg6.jpg,non-fire,9d045c883c6b20f12e9c6940a21dc638462fee93bb44253d22aa72f8210c6986,6dd65392007da94fad33fe62c460f7de3076b8a83d62d403f9405505a50d11b4
images/non-fire/train_000701_neg7.jpg,non-fire,66333c37f691b06d1efe0d3987b63da79bb077f0e83a85ea4b31b471d8b7f42a,fb9f19e5262f67f926fa96ef62845e85ad625cb5628c748748edd8ece3759256
images/non-fire/train_000701_neg8.jpg,non-fire,1f8e3a1ea2249b9c9cbea592521ff8656f05727e682763f3b65a18992c322fc1,2c5b3e0d458cc234ffa78fdc125064827d62460c38a17df81c4826e71e45f542
images/non-fire/train_000701_neg9.jpg,non-fire,ec8b6dd3277c01cf895081814728402ae1e6c51109741e7e821bb2f5e211d608,7244d72280922c657c3aa4daa000e42a62f8dc3a36db567b026e7fd1f2f128ef
images/non-fire/train_000706_neg0.jpg,non-fire,0f380abb6e181f7368b3731e873071fc4b7e758a4170ec7da57592f17c862d67,b4db2ba939101a0a1d1b7cc05697b0548b0200aff6875a6af83eb150fc262363
images/non-fire/train_000706_neg1.jpg,non-fire,31ad44fa0d3d8bcb460e0240cf9ce9de786f8b930800a32406a4b7c59e7e0bd6,599f03d40b89499de17eea696c09761d15858e53d9550e88cba97c7fd108c32a
images/non-fire/train_000706_neg10.jpg,non-fire,e1c368165484083b0a74139f97fa51d39923d894770fac76ddad0b160c33483d,e90d6b1e9099ed53ffb897a2d4509e13b2a30daa95c4fd29b81cac4758170299
images/non-fire/train_000706_neg11.jpg,non-fire,e69ccbe6b719177040b7fe4345461818e54afc16bdba16598375b3887df642b1,0a5bac6ebecd5613ddb5023e51aae30c6a03a67446fed2521b399b3b1f8e567d
images/non-fire/train_000706_neg2.jpg,non-fire,b0eb9efbf3c56a8a8cec30cd07a1c8863af367791dc835d06b104f9e6e74f996,678d28b7aa7567db9c282db35da44f46d36a0a015077467484b2e61da871eecd
images/non-fire/train_000706_neg3.jpg,non-fire,8724a611964560e3267521e11560e862e1e6d295bd4bcdd54e84b2a05be322df,56f957b4b82734993d0e81feef87460ebd625136febdee32fccc5fb4e42f0d5d
images/non-fire/train_000706_neg4.jpg,non-fire,3d3ba62cf078f3934ef83f1537dd73d9d83f8a330cafb7388d829f5f87539367,97beec2b6812c668d41616b07c438e31bb60c049870eea376041d3cb287119a2
images/non-fire/train_000706_neg5.jpg,non-fire,7fbc36cd776564fc05eac41723ed7968051bb076fbef2107c3ad082bb1a979f7,bdaa60110e88a98979c74fe2f73c8e1f05fd74d653dfbfc558de0d583f597c09
images/non-fire/train_000706_neg6.jpg,non-fire,94c12d9cd1e79482f8b3d753435991883901264205e88cf3039793c9fffdb853,1a4e37cd0ad1d48fcaba19e8ec903ec39d1fea80f2152b14069b62eb5ebc6439
images/non-fire/train_000706_neg7.jpg,non-fire,34d171297c18f9e1ebc3e6e46f1fa8da22ed099f0b4d62eabdabcfc6d7139a40,73cb7a5e3c5c6a139b1191b546f0e28a936919e0e5137e82d736f5a5b041916e
images/non-fire/train_000706_neg8.jpg,non-fire,d04862ea35b30dc6fd341ae8faad24ce837b26aebdbbcbf56c18265a6c45752b,c6a1eea377628e405891d1e03a4e4b63ee2b591445642bf709c3b4968eb101cf
images/non-fire/train_000706_neg9.jpg,non-fire,284ef6996d00899d8e7a0784aff6ca57e4ec7d23b94ba91074651c8319b0276f,4dd0a962aab8a0b5787d6fa30633f0b43d936ef4711a494e01c72a5abdbbb1eb
images/non-fire/train_000707_neg0.jpg,non-fire,b7d8794408e73a0f2f2ee5fa9a1be67375f89bfb6c7ab85e806161009199c238,11e37ed147c985e60747425f3063b6b370bd8c2afba98c619069004a310d2689
images/non-fire/train_000707_neg1.jpg,non-fire,13e078a071e4ae3fe0ea990c9273def323467ce2d1847d0da2a19039063d9df6,0777b91e27353e0758aae12d9a89e16b550e5229380fe5e132a93e1b4a3404c1
images/non-fire/train_000707_neg10.jpg,non-fire,6930b998ad4fce292fe301993bba27cb6cb5ccbe0750baa4a2a15d362238d078,88f3f1530550f219889ac221a3cb623d18df6aa58d6d088476fdeb04a0861220
images/non-fire/train_000707_neg11.jpg,non-fire,b6089f07fa424edd4355257ae80b7e14c1247416e994d4e68457e936cf74ea11,934e1257eddd966a5d793d05e4ddfff4fd1e4ae3b835d8d2c2fd52ac6bdcc858
images/non-fire/train_000707_neg2.jpg,non-fire,bad2a30344b740592cae6d01bf6d068e4730f85ce8e466d2e0459387818319c6,eee9ef297dfb9d2a502bc93b061057a714d4ad2e498d59213c61239112d11b23
images/non-fire/train_000707_neg3.jpg,non-fire,308087980d87b6f0bee6e5bbd2598f7ebccf0330d50e560903c497a242196348,d61a3186c28985bcb881cf59d497cdf14042e041228a9cc26b24d97d5ab25e97
images/non-fire/train_000707_neg4.jpg,non-fire,43a54f847fc896ae4c2b175797720f9875511b05056ea12e6927864a5a54c216,8fd3b3dff6dd9f7d7c18a810973ac3053f9af97b9a41f01651c26b9991661523
images/non-fire/train_000707_neg5.jpg,non-fire,3975046a9b5205646b7fd0a1a6bc846142bc4d45b653df14a714b545b327fbc8,487b19e675d897dcaf93fce4c110efd52ed444a98577e21480e94b525cc33c2f
images/non-fire/train_000707_neg6.jpg,non-fire,59df8ac28d1f48b0141d3308cc51b49b76999ccf605f0775268cdb21768e8ea6,6818502c6468dee9067f4bd1ec260210dec8e8abe33f965f18f3cf52f6cacb17
images/non-fire/train_000707_neg7.jpg,non-fire,7cbcd801b997fcb98bd68307dcfb5ba86096d2a409cf9bbb27588d19cb087aa9,a34dfa8ea3284ec285585e06b2b8160f46da5df43f2896313a540eb3fbba6543
images/non-fire/train_000707_neg8.jpg,non-fire,fad38a3f4257d7a52f000c14df83dd0961990d67f7bb1104878e7dbf8cbaf70a,b50ed474ce2b918e28b424ba1e8fcfde279f8862499f0d5b6abd717ae360b0fb
images/non-fire/train_000707_neg9.jpg,non-fire,76b65d2bccde4b48872604e406e0348cb38672897b29d1a4570e5217ad98ef49,a5861258140bafe0223f4c44c2a0891cf0298877736742a0a22baed473c43b5e
images/non-fire/train_000708_neg0.jpg,non-fire,c36622274b5ce823aac383480d10765ed1c679abc25118286913a2e6378f74d8,c0a88889ac0fe5faa9f2eb9a04a4655d224adfceed2898b8764c020788d176d5
images/non-fire/train_000708_neg1.jpg,non-fire,ca09334f99bfe4479684e4f2dcca9fb067fccae022e726fc2304d34d457be160,d8e0c4755af931ad0ab5bbdb3958c458c887877173c232f291249026d40f54ad
images/non-fire/train_000708_neg10.jpg,non-fire,85463d78b40a573f1fec47856b98a38a278a48ad12ab16b94f9c1b748578aa99,c211938e7c273b1f92919ef208769c27cb9b2bbcddcd8f12d44e648655247959
images/non-fire/train_000708_neg11.jpg,non-fire,2facff8d31a55565f8a718072301b94d77f7b16ed1e6a9a2edbc0aa9f69aca3e,2adc596dc793e25535fc8ac2d7f7c8a56145ff40b775f27ce482ddfdcada9c8d
images/non-fire/train_000708_neg2.jpg,non-fire,fa78db4d83ac8602336b1c977f721d96046ad5a6cc7d8f589475cd47a59cc622,85d414a97dc3e0217d37bd5d521163cfbc68836f569cac57387b138cdbad97ed
images/non-fire/train_000708_neg3.jpg,non-fire,67bd112ebd43a5b7db1ea7e896eccaa4a2b6ee2f7592d686a9344bd3163a7866,c682c4992acee7e082c72659acc44daa30f7afaecb8ad648f02d76d63e342ea3
images/non-fire/train_000708_neg4.jpg,non-fire,e55e136ad65c1ddc71ff9dd49cf1f5ff533f97dc5c8f1ac9c68d572d6f2348e5,62aea92f502773c997cf0f928648ad0c7a9c90bcca8a0d72665ee10327337443
images/non-fire/train_000708_neg5.jpg,non-fire,f6e9c8c10a7ddfccd48a933a6dcbceabccaab4ca4bdb95e253e0a53f3f5cbd36,c912625aa5dcd2e295a83751115bfa65993d3d46da43ccbce9f33dcffe61750f
images/non-fire/train_000708_neg6.jpg,non-fire,6f90e98e20ea207fad8cb42be62d0c3efd6a3bd3b1b66ac2d9ed4e7cf0ad8e2e,a6d31efb37f2b0b903abf27bd3861ce9c6b1a148c5984b7a13fdd24673f032e2
images/non-fire/train_000708_neg7.jpg,non-fire,2d02623c35f63f79a989f5e0a1c1cba93c2ad425a986a9ffcfc121dbf474b024,fd586841edb1d9ea295169d0e5d4a9124481c0073b98f49a5ee01af8b725d3e9
images/non-fire/train_000708_neg8.jpg,non-fire,957c21d9c518a34dafaeb0f3407bcbc7c393866c81b082825b54df6b53b4838e,6f1fc67b128f7d389fe0dab054df7f870a5b60ac1c88d3392c76f68c536d98b7
images/non-fire/train_000708_neg9.jpg,non-fire,8f5c699b2ece83ba5043ce160b9c76d9250c039df39423773d0f8438da14e8a4,2f82edacea698f9fe5a689b0407e6b9d2f994e67132f98c60c238f675c1134dd
images/non-fire/train_000709_neg0.jpg,non-fire,cebd4b8bc2b41770c041dcf22e9581e5e4e64f6a550a3f807dcf4cbb8d2d64ef,59bfe022ec0fe2a641e2a6b3596fb6e1f8835d6f1ceffd885e84cb49920efee4
images/non-fire/train_000709_neg1.jpg,non-fire,79e7d9843fa96d3f63171f7f1cc5a126f4ac2d10368120cd95967b6ebef8d9d2,4de7c6106b16f5646e2e5c04eb149ab3ab0d93e8df304d0a918ebe103c210a29
images/non-fire/train_000709_neg10.jpg,non-fire,eb8df27f85eb5468a0ac9f4d39d06082d8b3bc5034ce9323f703042783f27168,ef2e0bb2e37164a6038720824f66516308951f993baa1e6ebdc2510d3e8cca86
images/non-fire/train_000709_neg11.jpg,non-fire,2a556ba5bd5d990f74d7e11190a04e078961156147b6b3c3e91973eb15f22741,e1c68a079b087c0d720ab36751a8cf4a3f0f257b5f07a391e9bf9fc308fa9b26
images/non-fire/train_000709_neg2.jpg,non-fire,863b9ef451cb0c27e97091faf3ccd9ba87b6f28f1faafc2e6d1a6dd397412a7c,a7bf3f4b91b71ed7393f5bc6db82e705241c0aefcc1265f3944de5b95291017d
images/non-fire/train_000709_neg3.jpg,non-fire,b77030355c2a57efc1546968c6c90f8abd33c95e4925329b1a9aa86c9f6e3776,38451e5a331dde98c551f12a3ac44ca869e950bb51ba82fa648943f1165c8173
images/non-fire/train_000709_neg4.jpg,non-fire,1544e3847500081907e29f131b5d034ae986dde009da8332356d39a14ea76015,d229ef49b36279b4201efa223a5ca9592c13e85d45d127bee3bc3da1ed4b67f7
images/non-fire/train_000709_neg5.jpg,non-fire,56217e5eed38848269b03b9eb68ced676b0c23c8ead3c3f2d03369a006bee87c,4a2c6494d57c6cab5f48b1419df0680198a59fe2610aaeb978ad93526ef96e59
images/non-fire/train_000709_neg6.jpg,non-fire,5e918734daa113a217e2945148b4700bdf93750003fb45273978490d03917a26,7c838243cc7a9fd7053226f82e080220cb41a17807f9cfda978bd582f3b1c2f7
images/non-fire/train_000709_neg7.jpg,non-fire,4f4a7796bf5ac03684a4a538770d533b019f5267e6b8bc6db02c581c20268f44,e595450ae92e573accab1a1120e10cfd8b4f7b7ff84ccf405ec1a9f002c4040d
images/non-fire/train_000709_neg8.jpg,non-fire,73e54838a5ee34ba5d3ca6ef9193d3742bae6271603bbdf2dcb7888494ec266c,1e782326feac08346f02b089aa21268ff6e66c3b6322df077a509217e86b8022
images/non-fire/train_000709_neg9.jpg,non-fire,f792d9654d7ca27583bbd6c53600258149e8d1836f81d791cf901662a2915cb1,89345fc0e42afaaf6d37163bdbefff3ba2264141a6813c4f633f9c85f7ef70b6
images/non-fire/train_000710_neg0.jpg,non-fire,9298b61fca69cf715eb85a5f5959e4232e4db542af514072ce613a0a6a3fe9e0,f88f296628d31e347d0ff8a56c8b7b3ddd9f15c5c22905bd3c107fac97d950fd
images/non-fire/train_000710_neg1.jpg,non-fire,951cf9f5451fe86f38a62b752df4a605367bcd0b924cf91eada898f4a3d3fc89,8fe39c27ef724a2ffb3f088f1e0e6ed591c721b180eecaa9d21e37a01726647e
images/non-fire/train_000710_neg10.jpg,non-fire,754a93b42db3cad352b00974839a2684cc0d6374db5350f53b762c9d2ed2fec5,35e64a42d8683986cbbf930f99fbc92388f02fc4ed2de708d272fcb7a48f06b8
images/non-fire/train_000710_neg11.jpg,non-fire,2c065c286239cdded89edb33460ae4d70006956808baee0b1328d4639eca0d45,2aa5389ba059be48cedb7712b1acd35bc291cdc17e1e664c9dd2850917a12af4
images/non-fire/train_000710_neg2.jpg,non-fire,02dccd883b8f8c77cd71eccae21dcd8c71b706d867ee030073795066391f1b5d,d704fdcc2ad0d598c55497317a46843fb37874ff288781374c7c46bed1679974
images/non-fire/train_000710_neg3.jpg,non-fire,2cd49cc7d630b2de2c7da4c24b40d80836aeeb399c89ced790bae38a9999f5c3,ffbc44a49a6bcc56b5c08f905417d9ad442bb24834e1e9b3821c4020003b61b4
images/non-fire/train_000710_neg4.jpg,non-fire,f654d24fd228ee43481b6ae0429340e02e2b838305db0cbccc9f9fa6e7350e6f,0e447d06371a181ce26fca46476a8e926477451eab5e627d110618459ff37e30
images/non-fire/train_000710_neg5.jpg,non-fire,0f6d0ffbd33233189b9f7791944609d950c3cb8627e72107003d6e8b51b60e66,fcb25d4e6722a06c8e6d8a2f4c721c423ab76cadd52779228fe23686f572488c
images/non-fire/train_000710_neg6.jpg,non-fire,79bc51b5ddfe28f4335d93c8192cc19d231306e8ab38011b89b7d22f01796481,26782c8fad23baebb15481a11134630ca3a3f7d8f36e23c6608680f1d4503d57
images/non-fire/train_000710_neg7.jpg,non-fire,1670c26974278e7e50f4f88fab151e58492c5d854e006bd89c0ef89e6fbe9b24,70552a3cd4edc1d76d6a03bb58f1afc3d38c18ca2f3425ce96546c5a1f867672
images/non-fire/train_000710_neg8.jpg,non-fire,4438d23378a9b60ab5ed26c3ab280df5c09891bd9d8746d7071ad39564be392f,13ee50280255f31bf7012b9b49a7f34436fc5f73bf8899803ff78adafc6c4797
images/non-fire/train_000710_neg9.jpg,non-fire,92d2faf05b54d683e3670f23f8b337267a33b9fc09b9ecab68d71e3bace9e89c,72179cd80908b61ff3bf2f431b68a2c8da55f73c0f50336c456f0c53d12cdd48
images/non-fire/train_000711_neg0.jpg,non-fire,7ad172211e1b8fc46d129eb89fec1e79eb518d555bc9bdce8d48fd2fab4f0bf1,d4f918d9273066b695fab13f167a579976fb22087255a70fae9dc11c7ea0da7d
images/non-fire/train_000711_neg1.jpg,non-fire,19503f8286b2ce5a22dba5e52521647c9e6c58df607e9e1437e977e2e825930b,d1062980580dd78cb4e789e138efbdb37e1cddf5914ded7a16466b77031d591a
images/non-fire/train_000711_neg10.jpg,non-fire,ec474e1f8e84060e681f3cd22a4e8f3bbfc402a7231f69e19d109b6a6c22e91d,98ada7d1ca33f54b4bed02f2ea07101b6b9e867bebe11b8b66d389d2c2d81e0d
images/non-fire/train_000711_neg11.jpg,non-fire,f801b215c678919b9bd1511714a3855586e33b89dd53f2c9d23a26c360350ad3,e07c86b5500f7a6444eb27b169d5cde82b4716ee7839d2824c511208cee81b3a
images/non-fire/train_000711_neg2.jpg,non-fire,48edac0bfb6ef5033f971b1d03f8560b519bb2c92b29062b9e73ad2f35e0f78b,cd0721870630bb01e3ba14c35f88431815e5be61a6d78e07020394bacff5c97e
images/non-fire/train_000711_neg3.jpg,non-fire,e635ccbd11522c56d88a37be1177fe4adbc9d6c22edbafd9aa8db9c5b1f63518,1682dc3baf23adceff1ca3c0d405b7407ca9b2a86042fd03085c8564db608434
images/non-fire/train_000711_neg4.jpg,non-fire,4a105ee116d44b0a1033c781d65626e0edd332244703539439223c940d085043,1f3c54438a477b5bfb020951c5628ab2fe94e7963d3aed6b566f5d3c9e9bc388
images/non-fire/train_000711_neg5.jpg,non-fire,0bbd60389b340f83d728e9a5d9afabc82445137ae5aff5fa0c4ea254fb15017f,eb585ca8c29f6ca985c6f81bd620d28e5fcb8eb36a5c366bc931665c5cd0bc48
images/non-fire/train_000711_neg6.jpg,non-fire,8249a08c82ac716203d2dbc37cfcc99b14a49fcf2ba8233752e1f721958ac043,2da5812c6f28d8a51f3559c3abbcb56a97c704a3f5f147dea8833133b35890da
images/non-fire/train_000711_neg7.jpg,non-fire,a341cd309b0e745431c75ed9c244a63a292e24e321bfae6a61668817b3e14b37,1a37c833b4d57b53a1ba8e57feb46f33e2bcd5b490c04a6f290ae05e9c5dea29
images/non-fire/train_000711_neg8.jpg,non-fire,f9df9cbd7e9bea81b2de55c3f8b51d6eced607c2e0de5e4d383967ac5e28774a,1ec2a5eeabcf97ac30f308d7d35bd5c5d189b8ed828d2af63ebac809778a4366
images/non-fire/train_000711_neg9.jpg,non-fire,116f8f360675bf5255424074fd0ed66271b73d36ed22c129eed210e5d3cdd0fe,4bcaac9ac3e6f6a853d9bb6a0c46d53eeb9c17c58865228809e78e65093fccb7
images/non-fire/train_000713_neg0.jpg,non-fire,5bb6a6a61e4f4ebad938c56a11d2bfed97ac71f9d3a3db4b2c416c7f4a63de68,ca14a3a60b08c1f1029ab083fab2092bf41486cbf57db47565119238ac2ba695
images/non-fire/train_000713_neg1.jpg,non-fire,521c1167779590ea66c4fa5e99e5fb0072b8dafe48b9594a0df9f5c84415b3f6,34c2975849feb4aa6bcfa3aa0e0db5d926b5b671b38d9ffd399c599db84c0d3c
images/non-fire/train_000713_neg2.jpg,non-fire,eb01144e3cebb560b76d28ccffb85e9cc47d9649fec033e27d619814db1e7b57,c0b361042e2c741306e8e767d9ae860e8a0f7d56fff1f86415865b78b9d21d2f
images/non-fire/train_000713_neg3.jpg,non-fire,2994e6bd5588c63623ff3c2ae1b73cafa802d5da38b340937eed0ab8b4e78fe5,56f3b47a8a85600dfc304fcfcf376262da1974a6d89641ffb68159735b77f04d
images/non-fire/train_000713_neg4.jpg,non-fire,fe0386aac402041fa785fe0cc875146a25b5b2e1d3500172a76bec62a877560d,360108eafcf7b20939c2ee94c97b8400b81465e25f9ef5b78e90cda3a4ba2eaa
images/non-fire/train_000713_neg5.jpg,non-fire,82f848f0989a28c05cb6a0b9dbff1a0da9318b6413a8641e0762a8743c6dd5d7,30a8934e9e70b9a0217cc4ed9059f6de00625cd3c85180199e80827ff2ca4993
images/non-fire/train_000713_neg6.jpg,non-fire,b1763178de7b70ffc67485f94345b5a94b85ff3b22fb7d3c49aa4261607dc7f6,9ceb78f7dfb76f661734272c36ed35b6255a534d6e3123d255c7837e233f4236
images/non-fire/train_000713_neg7.jpg,non-fire,d2fedfaa44c5446dbfa8e222161cba8cdbc981ffd5b7e7cfa6f0710fb219f856,2fa46a0f9cb1e80a56e612485275e5e36d3a6ec87aba51b2895eed0ed0c7f20e
images/non-fire/train_000713_neg8.jpg,non-fire,70966ad51d46eb376686d33116ea90dabd900ff53f4e5475f519bcb16965ce2d,7120b2240296b2eb004d7faae719de3d8d1181eea14d9d28a09e44a6434098ab
images/non-fire/train_000723_neg11.jpg,non-fire,f285ff47342685d3e52910d14fd9a2963ed8bdd48627d6b8712333bc8ee6087c,e2a25413b6b31f62f840cd27888e2c314b81d2d831330a6186f2553396acc8a9
images/non-fire/train_000724_neg0.jpg,non-fire,3f5492215ca658df80b13c24df6364f1088d76f404b7742ea058c7bde91b02fe,11cfe7cbe07287ced1b9917afa77bd6d388475448a30cb5fb53ce947df0c37fd
images/non-fire/train_000724_neg1.jpg,non-fire,e50de1f338b53fe93d1552e8daae6c43c3c637d37899b2c549c134c17a7592c3,5fa4a76c7bf3c9332697741490432d47af3a87a984b6b27f0e85d82fee20df14
images/non-fire/train_000724_neg10.jpg,non-fire,925768c28a321a1f7bfcaa6057ff8f47bd2f380139296fc1074f0d204451953b,7d56bb12f1d24b6944b3a1f742255295797c4372e51b66cbdc67d4cbcff29a90
images/non-fire/train_000724_neg11.jpg,non-fire,4623b2834feeaac336b47d4612515b91d3225246cb3232960ff3e46fbce2bdbe,76e21cf699ceb0cf890a7d79be7244cb632348dad90aed1207e82fdb46265d99
images/non-fire/train_000724_neg2.jpg,non-fire,c453fabf3b04fd104d7da3c3567c0583e05bab8c796363078603f51ee33eb395,0a99591279a01bcac27a449d08efa4fa03678ed5e850520c528bd61082d07402
images/non-fire/train_000724_neg3.jpg,non-fire,e12ac26a31a35b6606909cda08cee95472afe7a479a75f94967b3136af589d29,8305136dbff8a6e0332f0e5367064d13c8cfeb706d207d056081f0553e5d594d
images/non-fire/train_000724_neg4.jpg,non-fire,2b67269b1c97f30b762da579eedc8d32df1173a0a9fd73ca4ded35f7910665ed,86026c35e604a92444f3fd3153537deb1283c7e60b3b4cd1648b6a3a6178907e
images/non-fire/train_000724_neg5.jpg,non-fire,c893934ca310d7bed39b6c5ef0425f5c804f2dca8f44b6f2e797c9587a41de6a,8028dc81971faf66b46db270f19b756c778a15b77edcd918ae57b2e2a9354129
images/non-fire/train_000724_neg6.jpg,non-fire,055a5f9b5668adfa197613fcdce7fc65374ec5a8a229ee6a4791ec3385afe7e8,0ef74dacbe31003005d45b159d403295e5564adf39e13272afcee5786e0cc43f
images/non-fire/train_000724_neg7.jpg,non-fire,71a82b83dfbca762bb471e9d839781433fe2553ef2cf972c751c0f859ce3dbf4,f064b740d71c49ac270acca24cb41eaec8f79eb525c571909d63cbe881d579d9
images/non-fire/train_000724_neg8.jpg,non-fire,3665cf6d29d17171a27b9361a2a01d8a675111fcb8454b13043b8b81bd1df6d1,52e49369af2341b69967ee95c8f985c2c61a816a7d4339ba21314116bcc9d565
images/non-fire/train_000724_neg9.jpg,non-fire,452332a9210886e926dfb0f893b65c2aa020cd5dcefb4dc5ed5d9228b87e46ec,93031c454a32ab3667f58541c511ee255765522217acbaa37fadab5508767546
images/non-fire/train_000725_neg0.jpg,non-fire,e9af9beb488c4ac7ef16a144bafd6263919ea2b75b50aa9e4d686be09568a182,dbb7e654102baa75d3ecddeeeec7a21df5035b68db7f21715802a179991ccdb3
images/non-fire/train_000725_neg1.jpg,non-fire,fe0f5968d16352e3830e3e03228b036f89a8f15c4021222ef40b6daa97c63154,5d62c266f2da2bc26d0607542b1f6bf0e9ca0e3aad3afd25bb16e2f38a838715
images/non-fire/train_000725_neg10.jpg,non-fire,bbf9a4b1fe25c75ccd597ae03a852176634ba0c53962ae7dda0763ffd134eb77,5c68d7e2e33b22b4d5e80e54c90343729eb72db87f6ed5419e1b947804879342
images/non-fire/train_000725_neg11.jpg,non-fire,001d2cc065f1e6030ae516af37dc75f3111a423e1dab04bc947d400cfd31e4f2,7ad1a97efc520a120451d482395937d86ce459aea29574e2555da65c1015b02e
images/non-fire/train_000725_neg2.jpg,non-fire,573b6706387150e824fa7b2b6229c73340dd3347518bda2946c1b551bd925f96,2c70377ccd6511ae376be5fdfb5f3bc567b25260560f5109d40f97f74d8f37b7
images/non-fire/train_000725_neg3.jpg,non-fire,90e4a5057dfc6442bb0cbef0b1e479eb058c57fa9a8033ef253b5d898df712ca,1e37470bf3a9277a5360e9af9ebf917fda87f9e351fef4b3281c9b3b075daa6e
images/non-fire/train_000725_neg4.jpg,non-fire,984ecad8ebc38b6eaa355a50614f43fc402685dd7d63250b7207ff1dd0d118a9,1c6f7e167bda600acaa97e0a3b216e653130bb58fe570a239dccb63742815c0c
images/non-fire/train_000725_neg5.jpg,non-fire,dda590f09bba7097cfce730bdd55f51e8f0c69d9b41e9d9de642937cc5674274,0661b643be9a8dc8167a4aa58fabf4cc66ac0eea64480f0f54aa8091788b2cad
images/non-fire/train_000725_neg6.jpg,non-fire,92e6d2977dc7163b07c5774a9c9d928562adcdd355521768798f85442ac3d7f7,c6ada5f4d3576d0bb355452eaa0da429533d54f5cb6ece67a57e3f05a9c5b39e
images/non-fire/train_000725_neg7.jpg,non-fire,12fc8084b37aafb0931eadbcd9423ffb46faa776b977c580462dc193aa492943,49376162a3114d1befe74dec25d84ce15985741229f8e4a78c31617c2b117e77
images/non-fire/train_000725_neg8.jpg,non-fire,6dfe30fe737e2dcc9a54af0c6ab31c16e41cb21e2bcf2e3848b5d5e77bf26ef9,765931d351aeee04ba6e38b42ee52c0ebdefd6c9d751cdf38b275e60360420fa
images/non-fire/train_000725_neg9.jpg,non-fire,0a554d2cea059dd5a370ab05acb0bff77cd61a5fd958727cafcdd72bbc14ec47,88e2c5ea363ae4fe1692302b2380ff40ca92d18c8c07bf1ceb15bf1632d0eb73
images/non-fire/train_000726_neg0.jpg,non-fire,138196fb72bc54bffb7a09770d26b54c0f291c17bdcef27d3849b95c1db965f5,6c5f012951dcf05b00d7f26003f744602d04d836515ec2d9a3a5226b16427679
images/non-fire/train_000728_neg11.jpg,non-fire,ec25550bb55dc6feceb07846aa158c8a5fe2137c65502d74455c33790dbdabdd,8f643f178a5972df3a5be87cb3dcd6113807b7dfc4b31fcacead22adeb05f4c2
images/non-fire/train_000729_neg0.jpg,non-fire,35728e2638d427b996c7c926fccc527e139691734aa5543dc8867df5c4ccd569,1ead9b733d0d1404ea671eaf442f2d92cb4efbe7dafd5d938a3d3a31f6bbce91
images/non-fire/train_000729_neg1.jpg,non-fire,77f757f7d7a6409f7781ed0c31d0b8b1e9d60f70bce9a5b49eaacb504f45e1a7,f49d57f8d4507eb6fbb0fe637bb898f8bd4b56c49a92c02259fdab41522a53cb
images/non-fire/train_000729_neg2.jpg,non-fire,b6c72b1c164706db967af6e4d405bde58c906b71efe9988e094f88caaa34977f,cc96303bd8a1c5dcdbf3f1e93396e4becf3c0b163c804f8582c08c036f57e345
images/non-fire/train_000729_neg3.jpg,non-fire,a9df65e0cb9711f4c0175ba99efbb8458c39a43f24d385f6fb518a6aa4b54ba8,e18831df0545a33252e1bab204f74235761eb4e08ad1be7d38d1b809d4509658
images/non-fire/train_000729_neg4.jpg,non-fire,2186abb526ab78b5ba1cbebca86e4ada2a38fdedb68710b121b346c045b8ccbe,f60d246177991027e7372cddb956a5e14bea16ba5ae706a45bec484e5a57f69c
images/non-fire/train_000729_neg5.jpg,non-fire,c68c7fcc776f7c0801d684684e3f431a44ea260ebd2c4b7faabb29ded1cdb4d6,70356f3b8e17b1567fa137e12130fbf09f684e3d2e889de2f2ee9df5627d0ff7
images/non-fire/train_000729_neg6.jpg,non-fire,4fd80a78969f07430ef93c80d9f57095301a60629473775f29483eadfbec9bd1,e02359f896a49ab3355b630f088d3a393a3c8a672d3d7b8d40409210b409048d
images/non-fire/train_000729_neg7.jpg,non-fire,23d2d2cbcd0a3b3a33f591717f51fcc75e4b2309eebc878b0674dcfde601623e,13f5f8a822e433acbaa3c67520eba02ea2bdfb5a1562761d453c34c6b32105e0
images/non-fire/train_000729_neg8.jpg,non-fire,909593bd8eda31ecf0b8ca3e7cbf778c941fe66b5328a959d24737bb6ff767ea,dca24598aa291e7a5f858f1d8b4a8075ff772a31cce9ef1a55e7612b955f90dc
images/non-fire/train_000729_neg9.jpg,non-fire,c1cfbbf539ee716a32ffb23998de420b696690e657b5f76cf7e70f7157b2cbe1,2e82f6fa12ba8853d19dbd6b1e2c58d37295e09e1d9e9ef285a57aa8dd637c4e
images/non-fire/train_000739_neg2.jpg,non-fire,c9142299978bbae5924d1c5f0ab7ed1ac4acb74578f8121a7eb99b7a21148b27,a7f6311291ee709ac39ea6c8f10cd50ba131e6ca75db567333bc94d0b93a33bd
images/non-fire/train_000739_neg3.jpg,non-fire,159a56b20993ee8c6cb228d3a617bccf719d05750ea06f5477fed72e34feeeb0,607bae668f31fd20f24e445916323f866fede477ab8244cc549de1629391cd4a
images/non-fire/train_000739_neg4.jpg,non-fire,e0a6f3e1dea3da6db277de3c3fa9c512b02a69fad2daea6a96146993b50b4253,18f145d6ba8998007caf9a32be075c4665d14af8ea83eefcd2b80bba917ba971
images/non-fire/train_000739_neg5.jpg,non-fire,88c81ead546f4023e57fe8b473df0dc170d5b720433c2447b396ab72105c8434,bd4dff205565fdc1dca01792968903c5e5738be9242c4c25013abee2f92bb139
images/non-fire/train_000739_neg6.jpg,non-fire,fac0c455b0ca31b6cdcedfd68677a7977704fccc4f7b5bbdede8ab64aa886bb6,a8a16c9a29add4d3a1fa8462c9e788adb71ba5faef4672177c187141f34145c0
images/non-fire/train_000739_neg7.jpg,non-fire,64a2ff7ee594ca0b1b2011ab426e194172bf211390b4c91b018009e9ba61e41b,13336bd0012dd275986552340592f8de02923f1219a501dccb12bf23f9a5a6a3
images/non-fire/train_000739_neg8.jpg,non-fire,7fe2ee837353b1fc27b240ed67a14bae44d53575a45934aa53475f23b21b1c5e,353388ab6e94a1304c46cbe1eac8a1fdc7fa081b05579bcf62c46dae837e8651
images/non-fire/train_000740_neg10.jpg,non-fire,1691cf89748d679fac1bb2ffbc428b151845fcbc715d7852335c8c343f4d6e9b,002c92a732df58b13ebfae40fd56ecf00dc2ab850d8537d3daf448ce9513aa7e
images/non-fire/train_000740_neg11.jpg,non-fire,498bc0df7f1d7ed252580084104aeae6565391dc46e8094f784e450119c9dba4,6fe5da953ab2cbe8f4abc0d5e273cedad6a729e147bebadb85f4eaf0389108a6
images/non-fire/train_000740_neg3.jpg,non-fire,601faf9b4d7a94f3c65ed670eddbd4bc1274fbe7472df145fda33aa2f1885001,0404f07926f03a6a8f17733736982a2126b37d646a128e4e4f0e67cf9215993b
images/non-fire/train_000740_neg4.jpg,non-fire,7ff27302fa33c348837ba3d708148cfba0b80ed71ffb7340b967c69a40d4b789,2d6d3ea0a342a852ca3996c42e9910f7b4a9c5359bf3cc1c6f820f26227888c8
images/non-fire/train_000740_neg5.jpg,non-fire,71b038fa03e49458942e9690952e87ed78ebbd199f7f6529ac02efe8b0a47d0d,dfbfbbc81f2a0aac2b147a8c2059909090db82feaf824b1bfe26050584d9d864
images/non-fire/train_000740_neg6.jpg,non-fire,a15aec2c2c89abbd6916f5d796cc4374b02e27359b9a4bc001914c6b350261d0,50f6f38fecde66f1a882df66b965ee2499ec030413513f652037c1ba2bd9b1a8
images/non-fire/train_000740_neg9.jpg,non-fire,0dd06265bfce6baea412984635dc3775e6a773472498179987f3699f357affc9,bc8333fd622526273032f0a479ba640e21d98e1f1b3c28b87813c3f755a7a02e
images/non-fire/train_000743_neg10.jpg,non-fire,35659206b5ecef4360a5b832173c1fb0f5724bfb25c185261e0342b58dae1215,00819a9bdca9e1d2b9e0733c51c0a0c885c16f3a9d2e9a0b4b8ba90a0b15dad7
images/non-fire/train_000743_neg11.jpg,non-fire,bec7a087a6d735805379dfd1743d845e9b0c26f20c9bfe9685f22e5f89828fa0,2da67857c581ceb446337181213728f14257ca9289e10aa5f898ad82558c10a3
images/non-fire/train_000745_neg0.jpg,non-fire,7f0ef9f1c92d3a390393ca3bbfca847ce30fab6be6fe986c9f273da683242f77,d57c47acaffbf35b9c3d332349219d5f2cd3621e9600b9b8a441b4b6f845f8b7
images/non-fire/train_000745_neg1.jpg,non-fire,6102b4d29190981266ac8fd32815a78f1567208ef74a3fe27c151f944bf53b5a,e1cfdf6fa27eecd1ee31f861f66a006081c29ce0be5c23912d6086141b22820e
images/non-fire/train_000745_neg10.jpg,non-fire,6fbfd35a31554ea7d2a573bc121a72511ccd96e8ad4048928ac0fe5b02585fb2,954429067d169f63ed39ba9dbf2f57818d6e7ebb0dbbde52a4960b6ad80a7767
images/non-fire/train_000745_neg11.jpg,non-fire,97011618a2903290ee6528b84e2b97d47f9acf99046bb0796f59580018f3e4cf,e266e7a90109677cee458ac1361df616d2cc3116ce373d73816bdee01217f370
images/non-fire/train_000745_neg2.jpg,non-fire,eef156ffeb3a6e7f0eb347dd5a370e57bf5b8e27706066c84b31a8b737176cbe,dcfa2aa0b5f8b17ba9449a1b4bd7829b5e04f43cf987a43f2749bac4287af4c6
images/non-fire/train_000745_neg3.jpg,non-fire,273de72a5ae61387ccb33546941b4eee595200f4f8deba70582ecd1c26c5c0dc,bea1ccd24c941805e6ab2f0d5e01b10ec285e8029c23f5774d14286a13b4a265
images/non-fire/train_000745_neg4.jpg,non-fire,8f002476cb7ab5d52848101dad31e15f5437df4f26bdf843b3588c6f30bbef96,5f166a456e82e309e7ed3150ca7ed32fa80e5f95bda3625b101ae9c77f69f53b
images/non-fire/train_000745_neg6.jpg,non-fire,ec0ed5ca3cf7a647302493e19fa24f1484f2f1864d48b67f82ce4e87b10eb43d,4ca13663b6dced53b5bc80aebdf07ea44485ca37642a2d091ccd8e661c187c6e
images/non-fire/train_000745_neg9.jpg,non-fire,4c762975f31269222ea64089fe9561685d526d34893730583cb75420e2755502,0e6dff5d13e4100b374f5c37f0904404d1dce30a8211928bf962d4814e9c6036
images/non-fire/train_000771_neg10.jpg,non-fire,27dba8e9b624d380cb7537411a55fd8ef70a433abdd813f0831e22f8dfa003f6,2563df73582cca1565e39c243eef347927e23ffb135bd86efe0acc0ae5bab867
images/non-fire/train_000771_neg11.jpg,non-fire,d56b28eb672d6ba57811fe25f1619176d92e1ee942137f4e3519247ffd0104a6,2c1c763fb993ba849efeadab1f3cc471fb9b8446bcb5152ff60fdc0961090559
images/non-fire/train_000771_neg7.jpg,non-fire,735d5635f256559d5c94e069b711bf4b980661c391e24c28f221b1296608e033,4b586b8d7567014781affcbd0c621edc6d84fad1b94b40668ae7734e88dac126
images/non-fire/train_000771_neg8.jpg,non-fire,6bd02e0213546b58cbf58c09d1e1eda48faaaae400ec9f307a21f737689b0ad7,f5f968802d131bbe3aa0295f90735116c21c51be205a13e4ca419cd851237a73
images/non-fire/train_000771_neg9.jpg,non-fire,5bfaf7f1ec21674ca09631f6aa35861c46334216ee842492175b21a13f161f85,baa8ad81f907c4233585219aef0417a283c1994355221aaf55bf1fc4adc4b170
images/non-fire/train_000772_neg0.jpg,non-fire,fa2eb5e014eecd8797fe729bba79db2a3d884f10051e5253f2d2868ab11d099d,1029a67310c669b62607be709a7f03634cb1da62e4269682ea3ef0d663733520
images/non-fire/train_000772_neg1.jpg,non-fire,79863543989869b75d919e2f5f2c769a7df3db6f9dc29ef280527a52bc74379d,515fa2b8dd77a84219b517bf167ef0e836c92167bfe4c5f626944323d3b81e19
images/non-fire/train_000772_neg2.jpg,non-fire,840f416f534147c9fcd98724b645bc869ba330de7df985565a8bccc5e7f0743c,fd9a93d5275f0b3d28c7b1d9db5ba9120617a93cb1c0982a258c233ee0ac339c
images/non-fire/train_000772_neg5.jpg,non-fire,7ea6a594e0c9066c96a2e8ad97405839d6a6c6621f383a33def238255ff06099,59d138c88fce1de0c969a1a836914406663a2fca121542cebae4316c35225ca7
images/non-fire/train_000772_neg6.jpg,non-fire,40bb4708c5342b6e455a88baceb19ad737f46e99d6b406877ad0b4a7a79fd2d7,9bf3882be82ed0a0ab820c3196138c7ec4488169b701576ad96ec0187d9b2020
images/non-fire/train_000772_neg7.jpg,non-fire,541d786909803bbaea8a3a992cab1a774bc608ed33ec0b4a856d369470918aa0,842d3ac0698fd7f8db395e914828c9b38cd6250d16fe28140dc842ba70c6cba5
images/non-fire/train_000776_neg0.jpg,non-fire,725c1c2fa4e74017bacdaa2838a4134e3b337f2edb2382e042f3f21dc7350f05,a92e762579b0bb831650fa50d987122a4974c85bf88966d66dee2f512d09d45c
images/non-fire/train_000776_neg1.jpg,non-fire,64133d646cd09a0a5f074df2f50dcfdf9a9f722bb44db49372e72c90495f16c3,e5e4b3c1890fb2816b6950dd71f9a9cf673d54b31a034b283b69ddbdcffeff00
images/non-fire/train_000776_neg2.jpg,non-fire,a6c48b63733665021087d74f5b9561b9e577026c9be5a428eba46590004389f5,f265567487b1b1b7ffedf884e6679c9fe934b43fbdddc674466fac74b9a789be
images/non-fire/train_000776_neg3.jpg,non-fire,56dd69bda4786242646609c38f9eec6c00e0802b5675a541c4af1df52fa95c99,e10aab20a2fcff303cc963fc274a18e23a942fc151004d0bf49609fd83af247c
images/non-fire/train_000776_neg4.jpg,non-fire,d1656008739ebcee20c5931e6a845feb79f6ffedc9ec6e16fc3140b8338b4005,56f780d13a08ed74a9fb923d0687075f7a956b65ea75b3f2949cb53e7c70ce94
images/non-fire/train_000776_neg5.jpg,non-fire,08a50924bd5ba3aa123f3d1d32edbe73cd3816e0f0d525238ed8b97256947ba2,fdf082b2c7c519e22f97b188113f8a2258e15da4a6f148e7a127223b61be558e
images/non-fire/train_000776_neg6.jpg,non-fire,bdd5318b0ba5b2d964f5305c1dcb8e1997545aa612bbeda3b43e3a8882e0c3f3,7d1973ce1c1a6a3bae924ad71931bbbadcfca5473493bbb8b9bd4bd2934a1819
images/non-fire/train_000776_neg7.jpg,non-fire,ad30e62982fc07bdd87571b4ec2162d6bbf9a065767fbc377853012190a0c19c,e06d6b6310d8a470e13cfe6554a86f15290137a62ddb6e786c94d670c473d2d6
images/non-fire/train_000780_neg11.jpg,non-fire,d37087eac274a758ca29b30a694acace301cd7a7335f406e7814920196b4e963,c8ebfb344b368499fe438582485a1c404205448c2eed84976ae630f3a3b9594b
images/non-fire/train_000781_neg0.jpg,non-fire,5ae97435e4c842c1f182d94f7a2387017c2fb5284a67e49ce2547820f1d11625,5aa183609791750a7f1dc1bca91aca234e1212b074f7dffcb9f1b665f4fbb8bc
images/non-fire/train_000781_neg1.jpg,non-fire,51a90a3514615d81e34e27c926f37a1958f547215c079c9c50b139cfff865a7f,c6899d4398fe75a8e089800ea897585b1712b2676e93e2704351425b83d65320
images/non-fire/train_000790_neg0.jpg,non-fire,37320399720db072fcc0487251c9860c29a892ee600630258350b87d181fb289,89db86f09dff539faa37c3386fccebcb97a2a07e9bcffd179cfe2aea403a4e3c
images/non-fire/train_000790_neg1.jpg,non-fire,c662eb95a9da7eae1185cc2663539710b13f87863ff9423c38610aae95644e7a,814d31d7c146343e6d0966e4e697f50a8342d609a147e40f430662a953e81372
images/non-fire/train_000790_neg10.jpg,non-fire,d7bc5f489f514736ae6c2e3cc5bce406ae55267c24a2be4f0189aa70f22fd989,de495726f2a3a4a9d27888f229ee2e415f4672253242cc0bc73743b7cfb7a201
images/non-fire/train_000790_neg11.jpg,non-fire,86dbad1b34d2e2b5e43a93956e2ad6e137df3fd07f884c3aaf9d62420cdebe57,bb2407e0058cc91e5ade99040f5f0a99d7232bdd2ee4126af490442f3b9bc4a0
images/non-fire/train_000790_neg2.jpg,non-fire,0af0ef679c842cd4494d26f6df2956f6708d69c897fc30b156bfd18ac62962ec,578e6ea06c924c83538adb58ec538fb13b29c92982e2af6d2b71caecccd1b054
images/non-fire/train_000790_neg3.jpg,non-fire,2f4f642800723f5437c667b19bc0a023f8ef5bed16b66bde464495e0fbb5d64f,1a9d3f0c4128e9f64172e8b458b8312cafbea3f206cb84b37424fbc955bd9ec4
images/non-fire/train_000790_neg4.jpg,non-fire,8245d656aac3c352cec5f5639f1b029885188f042b9120cfcc365a0d4200ac89,bcfbbf2291bc9a8d4599bc7ed93f5e9854238afa5cca7a06d1b3a63e541be143
images/non-fire/train_000790_neg5.jpg,non-fire,73a5e7b046f706e4aedd4bfb8d93129b8ad6948d01342f5b0c4a0a9b7819c061,a718179e17744b92328d568bc2fae28515973df064b0a1e24265aecb6fd77505
images/non-fire/train_000790_neg6.jpg,non-fire,e8cf76bdecf6371ea7341ddb636ef7d9f1924170361fb65672386ba46f8d12a9,6fb2cca2b022114b7fec549e34ea0e4e82eae57c7fbc8a2815379eb3eaa7e439
images/non-fire/train_000790_neg7.jpg,non-fire,78d310c603de9664d3b9b80a0cfc2223e3072b9b6bbabf1100067967ebd6d45e,54946ab3ae8d59b6b7c35482425d066017c2148fece06b6bf8e8dec86c9cb2bf
images/non-fire/train_000794_neg0.jpg,non-fire,c59c9313f4ccaff06514dbd1580d283d3c7c314cf4c806606575ef15cb38f452,d6697cad7fcc4385c2d780c0096176a95c4830a0a82f9b8a3f9e7861f1b85d32
images/non-fire/train_000794_neg1.jpg,non-fire,93ef1ee3e69ca7c3241111888b42f4418367f9734fcfbb6e89a39c3d7ebc3896,0b1d8d1925870672c927aaba4bd44a57f73ebd8b11b24f01f723cfddda2560ee
images/non-fire/train_000794_neg11.jpg,non-fire,f45cce73835641a27c4d8fbc91aceb5b7f11c17773ee905af5b68de6e03e8e84,f748e3589709d3ffc3e6164c76027364f5408d8bc2710856f095d288daf6fd24
images/non-fire/train_000794_neg2.jpg,non-fire,d186eb74cd89e26bbcc71e7aed77694214ccc609de8b2b5d19610b117a4f20fd,83e29147ae28f484e4d319491dee18df571fcc297f22996b0593d6cfcf5a5fa0
images/non-fire/train_000794_neg3.jpg,non-fire,1c43beb4f260ed2016e1b27036e6df1766258c324624cbdd88640b0e8b2688fb,13e0a91bb6bfd4c4d945fd145da167a61693ddd5b2c6cca8961f8911da43789f
images/non-fire/train_000794_neg4.jpg,non-fire,49e157b02ed7ddcb52cf45bc40934d480abd165b5577013cca830472589b9105,02199f4d5133299b1ca095c20e66a9879ed1100ac3f7b72bdf47f77b430f4868
images/non-fire/train_000794_neg5.jpg,non-fire,0c5c763f88058523f6cb026df343b68025ed8ee90ba116347ee7e46456e8b08e,113aba30ec31b8412b68cf61be56fe19a93e604698a0bf0920e9cf47dd4aa192
images/non-fire/train_000794_neg6.jpg,non-fire,d931b0a1d5dd5b495f13b5b469b57225a864b5e3cd5af1fb142a422aa828a71a,3de1bd7da3f80278dcc6fb3c798ea45b45caf47a93578ef440e62dca97df136a
images/non-fire/train_000794_neg7.jpg,non-fire,bbd855ffcb561219c0365f228214abf4f0b68c8234ab9c68ba79a14d72e7e80e,fd10836ef5ca2bbe189756caffff05a49056701cb4eb80f0dc38c6267e050592
images/non-fire/train_000794_neg8.jpg,non-fire,f280cdac8354bf174eb8b5b55cbb1ce9860728ab252097ba0c814aac3e7fd225,d8fd82059f6ee7c14caaac1c506fd51aafade4b514ab9e7e7f8c8ee7b24c8e5f
images/non-fire/train_000797_neg0.jpg,non-fire,f1aa3fe2f0e1c9cff6c778a459c51bfabd7c0ad1a6895badedde0095c4ab5885,8e5df3220633aa813d27de4b7e643fc3e5407634d30e79799c7898406b0c89fc
images/non-fire/train_000797_neg1.jpg,non-fire,7f6609a7c28e8ea9a923650176621da3526ad317c7b20cc4939aea494032dcd9,9be6c498fa0c554ce262527c83c419646823cb11ed06b32e18639400c123a736
images/non-fire/train_000797_neg2.jpg,non-fire,8abe349578c788c819bc761a6bdc0fdce6eb473530e1d1cdbdc192456c6d70f9,86293394cd0ad5facc4369c4595785780d57819f284066ddeab4f470a69588d4
images/non-fire/train_000797_neg3.jpg,non-fire,22470c2181fbc8e8bf3ae2aafa4f1d4c8f0e0e6453ce0ff60c9cbc4c710c13b2,c81e688a80c21fe032b2f987ae31db84a956a9ba002e030449a90d93523646e5
images/non-fire/train_000797_neg4.jpg,non-fire,2174162ca9a0247923b391e3b4b995432fe34c20a0bb480f12e6fc944d4ecf7a,f7c20f82bc00cd448218aed6d9db5a08742b2d2dde4dab219f419e277534a58a
images/non-fire/train_000797_neg5.jpg,non-fire,68601ac2d993c4f8e27b4f4b0e5bf1052ac105ee5902b19fb01cf04bb16c25c3,d15972ea4e7531ce85ec809136f1e8d3c258142cf0b9e379ceacd9737ae6fad9
images/non-fire/train_000797_neg6.jpg,non-fire,5516185baf9597be10475db991781c86669777bec7dffa5eb46fc421351bb3a4,07b5b84c36dac0c48482d75146fee2423b61d17690f12ca32b7210e6e99b01ad
images/non-fire/train_000797_neg7.jpg,non-fire,6ecd16faed421efc19010bb77d5ce0c40b1c718fc4e9c96ab9876a12a15c38e5,25990f0e7807a99cff8b3750640a291472d0970d1f8681be7489ceb1d972e11f
images/non-fire/train_000797_neg8.jpg,non-fire,617ff7669658285200c0d99411a69b691ce157dc615d740ac090f6531d1a9df9,f7bc31ae73adc256a7f46538fcd314defbc391c8fc62c9294ea61414764a3f40
images/non-fire/train_000797_neg9.jpg,non-fire,d4022b19d60aee6b9a6767fc8d1b0e00adb14c4ed842418370cd35b7beb72148,3a36eddca0f4978c21317006002faec2014072bfa6d2aa9780da5f67b3d2ebda
images/non-fire/train_000799_neg0.jpg,non-fire,c38db3121608b16fdf56decc371d63e3d974736f61583500b3574183a9df4bd5,209e4da029ffecac89b82bff8e6c1302968e20b6e888b899b4dd590d8ccb9f87
images/non-fire/train_000799_neg1.jpg,non-fire,35533ff9740417f98f860c064ad2281f3c98496a8bffb4b8ff24f8ec35fb7b4a,2db2ff7b87a625f66ce40e623f86ce8b67667deed50bd495ac73525e3e6e1c01
images/non-fire/train_000799_neg10.jpg,non-fire,9c5c3b6dcb8fff6167c76e35a5823cd469c16396b47378c18c0818faa2a1fa2d,a614ab6bd1c700443b82309fb0b95ba151b22dceb7e36934c28557d8ea855371
images/non-fire/train_000799_neg2.jpg,non-fire,66d98627214bca01cc3cb444d7d37b3534350ea552f5129102336588aae2a374,ab89717d66c6b836b6bd083faa5dba61f474acba07d43c8522da85db0bcf11ba
images/non-fire/train_000799_neg3.jpg,non-fire,b3287a31c73e81335986d9e57adc534ba9e2848a58cdeb47d788d3dd32af8daf,efad0d9ed6d0c817d539a32e97375c5c2de41a65b7769f0cf40220d78882bfbd
images/non-fire/train_000799_neg4.jpg,non-fire,f4c47eb32482955f255b3dd84a75a4c315dfe209f15c3311ba66c5370ce049bd,633b100e380fd738001636dd2fd5137d944f6909921288bc38650a75d9f263c5
images/non-fire/train_000799_neg5.jpg,non-fire,4d9f6e51df57eab52f07f35eed80e6c13f3c837d16d1b4f4feac149f2c60bf32,d62cca9a76e9622b160a12ece2c0be0ae44e3c09fc2c5c918a0f64ca342738ac
images/non-fire/train_000799_neg6.jpg,non-fire,fb6f3e25b464d127e82f563a923b21923ca14f14c191dc4649f8385c43d1ffb3,bc71724c76bc139ed25e8d36f998c4ab60f13b01219366fde20390c1eed9b28d
images/non-fire/train_000799_neg7.jpg,non-fire,1d728eda4f52423da968dc96293967d3aa4fe2bb94b8c9d918b03a01065ad804,af5794a49db0a6522a5c3ae18c0e646fc28005942eb0cfcca01cc5a806ab3743
images/non-fire/train_000799_neg8.jpg,non-fire,bb52eb76beb4848ed4d1cdef3e6b76d195e3f8a00afc0400d8dcf9160175ff8e,e315d621c58b475827d0b23a739aff4a3d7044a9b2581ac352ad2fbf896644e6
images/non-fire/train_000799_neg9.jpg,non-fire,8a0bf91103f1675a08c6f0a644ce518b0b0c16a7a68a2ce772b30659ae5ecf29,5c7b7bb7423bd05a2a7e1cdf9ec3d87241c29422b7134510e7803cc890d5b1fd
images/non-fire/train_000801_neg1.jpg,non-fire,bb74ec88ae8555a0960ef34313e0024a921bfa5b42de25e00efeba16fc318d78,1fc9c80cec7d143ba931733d710ac9f69a94189de9e14226d68a846d34d32292
images/non-fire/train_000801_neg10.jpg,non-fire,5650c599d1c2c522accf322fdd04bc4f933833ba9061452c3d510c49b3b798e3,a347914a5d6c64815f0616c358db81a7b46edb28d6c5bec0992b3f19be23b582
images/non-fire/train_000801_neg11.jpg,non-fire,c034dafb001d2004dc692017f508f75d73b5499c3474f59e6d00de6b77f0b200,880540059585909852ab985412de98d114130e34519bb9635ce25e4a59991333
images/non-fire/train_000801_neg2.jpg,non-fire,2d55043a903d062d8ea4127aedd73310ed97562ce82c53af2a6a6812e706bbd0,2e7cca01cfab4584093a92c2b7ea78bac9b12108f847ad07dcacb6b974cc59a6
images/non-fire/train_000801_neg3.jpg,non-fire,73fd255f6cebfc176521f2f2b1c811dc7c3a92e65b04c484aa3158998cc7483f,2de4bba05857cfe908597bcec0fb568d8a0ae501bc0d5b592875f37b7bcc0264
images/non-fire/train_000801_neg4.jpg,non-fire,e31cf8e2a7348387a7038cb8adf614cc0465500afcf3580ba436d363e38cbc13,4d19252f625227c146d7114abd58dd8c3805551e6a570238e23943ddb0fe7d2d
images/non-fire/train_000801_neg5.jpg,non-fire,0852d929d6dbb9ad18ee3f002e45daeb6f03183c200646786521ba28b65a644e,f6c3497a20a270682576892b7cc8a78055cfcbd0c7bcf07351aafb41f022fa79
images/non-fire/train_000801_neg6.jpg,non-fire,876e0259151552c5bd6a2c65aa7d96e6fdacb9e088cb9b1ad9ddd2403fda1380,85f990d41d526359694b112d2a3a2c2ac5cf409811f36b3f093708aad9714af9
images/non-fire/train_000801_neg7.jpg,non-fire,1f2596351cda0c658c41e57385c1e016952800f2219e385e76ac0becf92bc55a,106a958cb8b4f957f1c575c69a9d9279559a806a642175598cedaccc50765c85
images/non-fire/train_000801_neg8.jpg,non-fire,8095c72c8d8ef23b20842e18b041c1754763efc75e4a67cfb0056a16ae3f7bbb,3265ec8d55ed09e1741d5aefe7f7cd8ae151a1829d10eba51246575debc37a49
images/non-fire/train_000801_neg9.jpg,non-fire,d55fd94169ef86d657dfab5e621820d2a091894aff1515e04328259636f9b162,af717b0b3daf0c261040fdceb7433d694245a864fe468afed628201600ef2e56
images/non-fire/train_000802_neg10.jpg,non-fire,b87af63a3e7b948b0273fb98b3ffcbd5bc4076f9705097877ac465190891b812,2e7171a33f90fc294d66dd3bd9172984369c49b9afe66074c84c86c2ec9ab10a
images/non-fire/train_000802_neg11.jpg,non-fire,3e3e96555f2c1b1ffeb4bfa8b6ee77c94d6ef7f0bfcb9f9d1c3dc0bda8603332,462e971946d0439774cb444cd7d496d77987250acca0c2170445235390594895
images/non-fire/train_000802_neg2.jpg,non-fire,fc978ed3f941e5ba90c68cdd7ac78f69a23362fb0571700f3288505049259c3c,8c859e032c27129deae1bc0999c8fb359c64e6be993dbd5a948dd54ef92dd075
images/non-fire/train_000802_neg3.jpg,non-fire,89d14393af2523f91da407d3fc2c827d0ebfaaa2d53f51652e7879b001ab0506,f6d6e6090a3796bbb2c7c7f354940527ae0e68fc31314227e0fdf8528e1dbb2a
images/non-fire/train_000802_neg4.jpg,non-fire,5f1ed63bf67d2405aef7c0287fb69950444fc6ceeeb6066a3b1a530b7344c85b,16e42c76d1d2d867bea61089f233b70b53a0c438eed76c51c7f7157202e78a96
images/non-fire/train_000802_neg5.jpg,non-fire,1300f5e2db158994d9ec827d8d519fc098e57bac0522f819aefa1d56d18bd71c,616094f0710c4ce396e65f3810e5ea42d8e7a95e58e3d0fb5549071e30196e52
images/non-fire/train_000802_neg6.jpg,non-fire,ea4f60250e6b871660982349b0614d0a5454008ae10d1143f2a1fb4644d140a3,7558357db8c068f8c216d7484e013e45ba2e18e2bf053d7047fc4c8efecc9fad
images/non-fire/train_000802_neg7.jpg,non-fire,68fc3e102b8d4e2197c0df6bf8765806421e916f5a22686ed25fe7364b01fee8,e44976076af35b24619fb7acb1217aed7353276d61e9b7750413c27caee8bc40
images/non-fire/train_000802_neg8.jpg,non-fire,8645cd6b89cca3813b163728205c323e08a5bf4f985d6704d9b8d7d8a7782a09,bee6b91940f7dd905a5635a39ea40560c0a01f9aa736d382fb7f12a2f6f73d63
images/non-fire/train_000802_neg9.jpg,non-fire,25007d45a6106f58d8c0083fb5b092ad8f672aad1138f497642f965aab2efcde,584b5933e8f231f9df9d429539e4d79d588986a8b75e26b589e6071ce157564b
images/non-fire/train_000805_neg0.jpg,non-fire,376e226d4fc24a116ed54d0ecaa50efe3f87e66ccd9991c0b5b4014f0dc06be0,d1b424b71fa0af7653b8ad878fd3a7ea567c849aae4b8cd0d3f52c9a2cef24d0
images/non-fire/train_000805_neg10.jpg,non-fire,87ac9450079d2e29dc58d86315c284fe2af555a931fc57e2639b9dd62e0cbd40,557767d257578e25d8e3f493a5e938d1a83377b1d41303d5bebc653b9ad53c47
images/non-fire/train_000805_neg11.jpg,non-fire,41cfd84cd742393fb65ebf6476493aa2f1e5f2bea4ee35680223394415543c55,78881d657344433dc09dff6a5783704470a10ecbc09a18a3d8488a2b1b3056f5
images/non-fire/train_000805_neg3.jpg,non-fire,a3082e69610cac529eba14686f75664a79ef0fc88034110fefa06f60a2974572,9d1d7e8057de0346fe7581c77955026cc84f63397a3aa433bd5848e3ca6a57d3
images/non-fire/train_000805_neg4.jpg,non-fire,e027f2b4f0a931fec47b78297581d900b0222c221edb40e48a57dfcc8b5e41c3,67d9eb7df3f9dedbbd7c0d89ab85a733361ec3579f24a9a950211b4361eb77e5
images/non-fire/train_000805_neg5.jpg,non-fire,0628e45f1051f85d930c1a2b8daeddd3a7047ae3a124dac916948eb8f09c6060,731de6ed0633be4ad83077e91198ce0b9e711d0ba11886ef3e2b400c4c9b24ce
images/non-fire/train_000805_neg6.jpg,non-fire,c6fc81d88a62ab1e65b2f4a8e6205653945645cbb817d1e93a6350667aa6f790,d0e613db9d28b63289b633bc5d20b0a42304482a316d62cd3d99f7750eed3e46
images/non-fire/train_000805_neg7.jpg,non-fire,dcbd951115df31fba0cd15a062a4fcc57bde61b79c8587a933af769b8453cae3,23c197b577b45836022a557b884f14e9a7b22a0951d52928d53e12dcd56bb69d
images/non-fire/train_000805_neg8.jpg,non-fire,173448a779832c1679d429646ab64e2579dd3e2f1be9ac0cb370c4c6fcf686ac,c9a1f2d9a080fa2685280cce4a1531a6e0ddf7bc65ad1ae36bf29e2416f3002e
images/non-fire/train_000805_neg9.jpg,non-fire,fb8ca6f63fe31b321f94f94a91df936bbf31b86c53e89c78b35917edb5011a2c,fba1778b60df6125327bdfed4541146d29c0e3644be7f3b38cef0298ae852b89
images/non-fire/train_000811_neg3.jpg,non-fire,df642699e19486b03b20070b7c8170fd3eaf19c823e7ea55d88ac430d624d235,8da06579c639fdb5fb7a999707810fd7210baf43788e5182f4e84a1457c0d6bd
images/non-fire/train_000811_neg8.jpg,non-fire,6a0add7bb175ee0205f77a669d226174adae734ac1bd49970a04dd6b56bdec7a,44a60d7495b42dc54289732eebcad6e602b3be83b43c33cefaba8d6710b5ae45
images/non-fire/train_000826_neg1.jpg,non-fire,3408bfda3f139e42f404fd72b88bbf9783b730b666ad50117146d9f8851c504e,3a73d4b72d3775a16bc5e2f267a4c4438c6599da5df1b832d5a684bcc545f7df
images/non-fire/train_000826_neg10.jpg,non-fire,13c95d0ba1870b2eeaca90a9cc1bb26f38a4447c27958deee1d4b72896432252,0115778f5b3c2b70df7fadd25cc5ea4591266cc8b8c2354d1375f28d0887a713
images/non-fire/train_000826_neg11.jpg,non-fire,fe14a1ffeb4706480d8f6d69c1a7d9f6c03945d1d1838c4a5c41de3c5965ab7b,5e17177783406901a0f33d4ea79fdcf9b17eb7fdfea84bc4273baafb596f23be
images/non-fire/train_000826_neg2.jpg,non-fire,fdcaabca7d474c2de5076541e816c35e05cdc06eee1f5cf8bb66f5db588a3c9b,9b1fb19191d2bd7d5e9b4391da9dc943d42beb359614eb84e31d239a62384ce1
images/non-fire/train_000826_neg3.jpg,non-fire,44be3c8d60a81caacb26bd04d6c195c21642952ce586d0612368fb6a066c517b,1bb022f197660fa62c0e0b8608bbc9b8b9c75673d2c3014b39d8044816209d35
images/non-fire/train_000826_neg4.jpg,non-fire,e69954507e8f135b595cc53a91c0f6a326da4538ceea58c6c4732a353d6cbcfb,561e229d4aa695d2aa8b4d028e273a782e7798564fbf631687837670298a3180
images/non-fire/train_000826_neg5.jpg,non-fire,376c3c1ed88b811a2a0fe54ac16c68e8731c066a8398ca2ac2bd43870ee8cf7e,77f27c73a256236e5f1fdb9ab52411afabd0edee725267f3b93144f385c0110a
images/non-fire/train_000826_neg6.jpg,non-fire,c0f8a2d52f0b1227ce168e02d244751f119f55a128d7be4a8618bc5d7a79792a,81eb0d892ec307840b2d289b55fe33a7917e7f6c18dc96d4adbe795f6b894a07
images/non-fire/train_000826_neg7.jpg,non-fire,b9df74a9cf4d0692c32dac3018468b393817a602f8f51e2a328bc724a38c2c5b,633fdea09db671f2965702300527a8383a4a0f37ab5ac5109ab8d5e0bc77104b
images/non-fire/train_000826_neg8.jpg,non-fire,5ebbb30a8626a4e25f5461e7cca3701c5d2595781528d61450fd46cd10864570,d8a130e71b8ae90ce02a3272675fd46c414c278af1cda4c169888342019df03b
images/non-fire/train_000826_neg9.jpg,non-fire,194d039af3aea33c8aa2f009334fff09119c0d7c4b92bba563c65a76a5db87f9,d3abd037b4d1e6f524a92991f9cc9f7145265b53f2a1ad6830047669ef08f51e
images/non-fire/train_000831_neg10.jpg,non-fire,2833ddc2c2972b2caf04d176c7f9e66df4748c8b9375c1c105d12529eb5ee17a,4ac4c77b2111173a29f0b81004394ea372e6df22cecceb43ae4182c33317e9e6
images/non-fire/train_000831_neg2.jpg,non-fire,25e470854ab9956136cf6aded6a9660e468fa7c4c009773d752192b2da7f46de,573418ebdae4596d194ff46896b8a2c15cbffeb92cb4499c2d1a00d6be06721b
images/non-fire/train_000831_neg3.jpg,non-fire,88b9ac4d7e9096078e678db25e301387faa23cf0bf8d2755fbc7ec4201d20771,8629852951a4a01597b8f865d8025f1ddfa5137827634b9c8fa5dafea7efa588
images/non-fire/train_000831_neg4.jpg,non-fire,4925a80f678d6ebfe7c4e6d618dfcf8961a2c8532c6be732fc9ba5d48f22b3dd,3e0a8f12ad1551312498c9d7e4686e56f27ca3f7f4ccdc74b03f79379abf33c0
images/non-fire/train_000831_neg5.jpg,non-fire,16f7dd44abc412f0dac00944fb4d4a5d595637b82655d03febab1c29c60986d7,99fd3fba91c9093d7cd43845c94ab05d590965c9f6273e061eb800453c7bc1a4
images/non-fire/train_000831_neg6.jpg,non-fire,1b0bc6246be2d0c173663d1e7ef0d222f1489e32e03144a8bf792759ce742d49,fa06f8bbf286888c8d679cf35c2ec4f2a9feb71f8e8ad7d6dd9aa96940873323
images/non-fire/train_000831_neg7.jpg,non-fire,2120c5ca32a13d256054c1a7310c9480acc2d915efadcf42988b7bf321b1c9a8,3eee6a19ad29493c5ae59a01d13f62003bb9f2a64249781e9d03ee72f22a9c09
images/non-fire/train_000831_neg8.jpg,non-fire,7f3d36d8de3738bf003d3afdfe671e18dc9d072217a15fe1424b1ad1b0c49754,851a62549f4d0cde995194e1a4bfdb92d0b59602828fa73db1441e8d9fb5e573
images/non-fire/train_000831_neg9.jpg,non-fire,cf9b437f93af06c2227e9812a1453278b42b17d904d5b92d61a97dba435a93d2,9c17bdc4325213e408b01ac7c1d27995d2fc668b9e76e408e65cb7a7a7bb2384
images/non-fire/train_000833_neg3.jpg,non-fire,899e7d9115fb77754e92bb34b22066a12dc85d854f4ac54d14bdd63fcfe68e12,446eaf75408970e8a8dd5bdb3c23a1f4362a6bd75282221a19fd1c72d97b7c24
images/non-fire/train_000834_neg2.jpg,non-fire,ae33bf2bd4137815a2a5361171d160b71b182d27bbfd9063f609883cd45c96c2,4ec0f24837f15df363d1f1764a379db91db2f5c6b47fc9f6d6b75f9b9f6018f1
images/non-fire/val_000009_neg7.jpg,non-fire,673d1d645441b982528ccf6d875e9d7bd0fcb1f0519d2dcb31c39bc7fbebc5bf,66414490da4ad24b90310ad12af9442b1db030c51f0452fd3eda18db5482bb8c
images/non-fire/val_000009_neg8.jpg,non-fire,8445538382fccd8cc7a67a6a351c0ee8aaf2b58accabcc3c2d1e545c2dc6ffeb,a01f989f64908bbda9510ad612aa83a6b1b1057631d04f864376af8b2352e6a9
images/non-fire/val_000009_neg9.jpg,non-fire,79fe84ff5d11e0bf86edb83d91d43e204795eb4c6aff896f8d965c4d512a1ada,04702431baa64f07b899d51c6c807a93fd78a2ea48d5abf4c4587b8f51aaf745
images/non-fire/val_000014_neg0.jpg,non-fire,815aae267df95c9d9fc4852ac605a4fabb6eeebb176cd25b9366c65a18d5df4a,c100744795b49e7a606ac70fc7313f09438df4656a32ee50d5a532cac9d6d7d2
images/non-fire/val_000018_neg0.jpg,non-fire,d42f45c2283371b3e39825f36905447d68359b5736b901d1cf038ab4cf7e4a50,ee12bdabb40ef7be99305c25dd25145f43cc4c7953d8300d1a8bb66ca11e1609
images/non-fire/val_000018_neg1.jpg,non-fire,e548f0638cf1a993e421b73d3a68c83a6a20eda6ceeb1f7ae9e3d4eeed603908,73e008f821acb4e730c67189e55cfb5521c6500af51b62b49e1dd34b401b5df1
images/non-fire/val_000018_neg10.jpg,non-fire,71230dce2ea9366e35968fafbdbf2e5981f3e3279db4ab731c9c7ba1b4899771,768347212e6523adee3d817400a1daf29d99f702bc08bdac618e1226a249f9ba
images/non-fire/val_000018_neg11.jpg,non-fire,d6cd480f2d6437802f2fddc000a290a16b99b73b74001f26ca55dd37a6bffd5e,03d3b96fdcb03f279f94225993c31549c85e44a8a7931d486d5cf71d3eb2b134
images/non-fire/val_000018_neg2.jpg,non-fire,b7e3cf6ed56b0c4e66735e1eaebd81490d0e9060f287ddadd70949c33d1b4205,ec91d1451e385eb8d6c81fafc50270723e995ada8a2a07861792fa862a1b6041
images/non-fire/val_000018_neg3.jpg,non-fire,e0ebccd89c9c5e8f21815e1924625f8b9c59b1bbde94388c941b9515329e85ae,0495c2ad4a847ac64c6bd79146444fed1dd3114431ec89f6f9313b16940f8753
images/non-fire/val_000018_neg4.jpg,non-fire,2437b8d4cd1e94e7689376cad8b2609e0003c6a168af47b0bcc00ad6f4db0559,5f33d9663656e67337aa0563d9b5f01431a5b38e128b681efd10104deb0b3d02
images/non-fire/val_000018_neg5.jpg,non-fire,f0b6e9f45c9f24fc16e647d112f6f0a2f8e3c5e1a299a63fae4bd20ad4016ab0,6204a75f91fbec21a1a848d76c16fd335f0490692ab63939c8fbc0324b521761
images/non-fire/val_000018_neg6.jpg,non-fire,142036fe18202acca0fb2f1e5e7bfb6966ad18ee4d0e7c2be071ed7e49509827,bfcc62897dd565b189091134498e30ed4b0e25f36cb0ac067adf809814dfceb9
images/non-fire/val_000018_neg7.jpg,non-fire,b76f189aa3bacbfe880da5dc95614f11c6cb13ec8ec5490a4425a59fe3b45aef,fc69625ead2533debeca46a4b6509f99969d0edf47523e7a654b28ad4ff8f865
images/non-fire/val_000018_neg8.jpg,non-fire,115d3280ec38b3e99b279949ad61f5c9344df4b10e17266c9b6ee6b3c080ece2,bd217262e3189e8829988c573def84a278f0402d80db3cf1b208ef1b76b116ce
images/non-fire/val_000018_neg9.jpg,non-fire,5ed50e6df050c27b79c6e208d02117f8da2ccf4279403ef55f48bd36d686fe00,762146926d124c201e0c5eafe33083ef12c2e318a24219209750be95bef63ef2
images/non-fire/val_000025_neg11.jpg,non-fire,c677f59c8f82325cba643cfb078df652b595c833596b85f573d14cb60287eb4b,99f6a796f68d56b3af3a1b45aaf8ba0ce4c20be523a16b9e537143b81b26092b
images/non-fire/val_000025_neg4.jpg,non-fire,80789ea169212f167d3f662364d073877decc27178639a027fcbfcc162d90f61,d9993e244436fed50c97302528a71f966333edcd264cd29c5e7845ffcf06d2c9
images/non-fire/val_000025_neg5.jpg,non-fire,fb3b178f5d5497ccd26ad0144dd1dbd8a1b3bc51293fcd6834c2517c6f574193,2ec8580cf9626808533cee7910be1c958c434d95d3ee7835775356447295b5c0
images/non-fire/val_000025_neg7.jpg,non-fire,2c0bd7cfbefb11d06bde0a94ff340bcb9dad0b6e93a1afa54e72f5fd71377177,87d2cf409ba31bdd404358ace9013d3d69becba5e4a909b1de50d6145f3daada
images/non-fire/val_000025_neg9.jpg,non-fire,4a217131af459af8f311d756a4b855238595fb68130353118b32b96465b2fe59,0e1dfa1121037bb636338b71ead45bf752283b95a5b912efbd1168de0f8fc677
images/non-fire/val_000059_neg0.jpg,non-fire,394036a38d42ec76d1929e7a7417e570990f7ecb15430828cbb6851bb019ce84,3e8b108bffdb0073549516b5ef0ec296e0ea1c6ca1379d7577529140985018ff
images/non-fire/val_000059_neg1.jpg,non-fire,fe471fe8e8df85c04d70df1b498cc2051abd86fb8bf97769a340d792bbc2019e,9f8002e8131ccb59974788c692c019fdc3b4e94cd9cc555606a3e1d2e6808e1a
images/non-fire/val_000059_neg10.jpg,non-fire,622ee18057641c34c47891c7ee90d75cc782a11c72f9349ce6b4ec2e61c849bf,52d97d950fe8e0d3d87e299c7b842651e2e04ccffa0f503a16898cbd48be80c9
images/non-fire/val_000059_neg11.jpg,non-fire,86ef9a7159c6b91e3eea27fa92928b85cb8de2969cbdd1f89de39cdb1542e65f,75fe22a5a4d4637ed153657d4488516f7f8fcc6eca35eb82364fda7ffe8c03ea
images/non-fire/val_000059_neg2.jpg,non-fire,3d172170deb0c185a63fc58b7d85cd6cf15b1105d4fd7a707a937814732222fd,4b8ee7f59d45f3eeac698b523d91b54a8db983b130ff66a377a2c441a0990f34
images/non-fire/val_000059_neg3.jpg,non-fire,e1deaea75917b74b70e703f26a2779ab3eb35d0adf44f989032db4de93204f1c,05d86de3815828b558c702fbdc1c8caa2cff8094b1fed5433e0ba020b2fec4ef
images/non-fire/val_000059_neg9.jpg,non-fire,664e9f1d2ea8229ec834b05f079dff89034e361b8382852741d4c192ebe35283,3b791d9a89c8bf02210cb6554753569d0465f7697e06aa835c7702612b87de4e
images/non-fire/val_000081_neg8.jpg,non-fire,c987be7b85b5482532c1b60a5872ed410e0dcae7a008907dfdbb3d74ce3bd98d,41da0a7d67ae202b551ac8776a792fe51acd6831899a6bdaa6a83aa4b2728137
images/non-fire/val_000082_neg10.jpg,non-fire,fef11b515b93714eb64c55d72ab11c203175f9cc5b68b9767609b6f5efca684a,1dfe554e52bb4634322cc3193623008ef2cbb74cc93d12e251a5f851f811449b
images/non-fire/val_000082_neg11.jpg,non-fire,73f744e6f0b6ee5bdcf30d26220d04e42ca7338bc14a224be843f40edfbb66fd,17f6d426aa41f409c1d1ed837c51f9e29206aad6634ab904a0787fd9a78de3f7
images/non-fire/val_000082_neg9.jpg,non-fire,a7de6e0bf1852742026bc7d5a72a28631a235ffc8820e489c04ee004e7766750,96749f85874f0af4abe9887e0a5dff89a8bb6f33fe3fde25d8b98b09475ff982
images/non-fire/val_000086_neg0.jpg,non-fire,7d1f60f1fc0251fbc5ddfa3531aabe2ed7055d59aecf34dff60d97f56cf0900a,48007bfba870ad2b50689ccc46831974fdc65dca1674bc2d3f086414524eca60
images/non-fire/val_000086_neg1.jpg,non-fire,6947f6c6aafe40d4b1ae9bb428f6bcafa2ff883318c86f1b09c646657052b638,0b3ae528cd4150fab34b29985a45864a2a0eb2bd6aa75e28bf6ef6146de728df
images/non-fire/val_000086_neg10.jpg,non-fire,f59df3b529d2d1891aaa183de216d818a4a0809a4c4830209260ba354c2aa027,9d7d05593bd78ca94885e52f049caea149aaf3f6429e090ab2f72218b70e3c87
images/non-fire/val_000086_neg11.jpg,non-fire,e77b2ae336ea6fea74cec97076c52adcc7846d5c2d2a1cee295c4553d380afb2,fcf27c8fa9b08730b410c1a386a682a1c9cc2e8467e6a692f06308d8db222975
images/non-fire/val_000086_neg2.jpg,non-fire,dbfcb6ef27143212ebbfdcc2d2b72743738cd9c97a0c8b7e3404f1aee1f2dc5e,89b7e33f2231b073f86449ce8e8f46768009fa27a2ac2133379fa5ab67b4da37
images/non-fire/val_000086_neg3.jpg,non-fire,b7e3b5ed5a8363340c5d350c8475ec7d8481327166d45df33ddeae0b1e16b316,48c4fc9f15c180308563f1f712031b852c6f0af06fda105704a711cb566f1738
images/non-fire/val_000086_neg4.jpg,non-fire,b15849a8647cbcb7c290d62304c257a34541f28f7ce1273b62be6770c757f21b,3812e67cb3c18c474fe540d714ddabc56caca35259bb0a739d2d6242c19c8750
images/non-fire/val_000086_neg5.jpg,non-fire,3eae6c33d45bed561094905d17f6eaa5ade78ab9566a3f00d330c636f413b40d,af1532d5de58bd8ed0555a6c60bbb7bebd5bc4724fce3eda9962db7d96a22d72
images/non-fire/val_000086_neg6.jpg,non-fire,74059a8ef368a91faea7cc5dd0970e8111fdc66ea17b90c1a243df60dd225eff,78027170bb5ed195bf0fd909eeff982e9114d47ef0969898a236cd346c3810c1
images/non-fire/val_000086_neg7.jpg,non-fire,633649150180999b680f70d5c526f6a3ce20716a1435e3103fe295c49a012254,39367eaba04c6fb62c1c43fda44073a6563023efc700a08d92fda8b7506bb86c
images/non-fire/val_000086_neg8.jpg,non-fire,319b813c451f488db39b4904c70de4116c68253bb3481dbc745b7ed01c12adc0,be597233a99f4b4a5c71ee31ae43c68e4329c0efa018f256b9fdde2ea5e1c1e4
images/non-fire/val_000086_neg9.jpg,non-fire,0c8ea242edcc851199112280d5696127a2a994bc1600d43c4c42d8184db39f5a,b85c728d9e9b98421901e6314bf2193702a0915e5b607b39aa33b6f3e55e4c3c
images/non-fire/val_000089_neg0.jpg,non-fire,b0c506b057d9c442db7a28db1baed4d8a6c688cd8a224a60b50608d2e280f869,46c53a518323a5d88bc4b73fb5fa4d460d61cd6989b716d6036223e6517c2505
images/non-fire/val_000089_neg1.jpg,non-fire,d10b08af0e12a0eb4f7fe739255fbc25adb1ce48b2f08050777ac0c0b32da631,b99b94c1a57c793a340738885b469836141f174df06bb96b7bb7a320501116fc
images/non-fire/val_000089_neg10.jpg,non-fire,73281f3dcdf7bf0abe8bd5ad61329a5d90413761e95a87273f7630af643c55b4,88a53dd1c40fde95f9b63b7e4d37b5d8dcff736ae54d0fa6be447851a3eefc7c
images/non-fire/val_000089_neg11.jpg,non-fire,7ea9e78578e611b9b6bf0c480e87068765bb57f7d7031cd2f5daf2be68267c05,6da1c7cf867dbd1bea8963bca67b758a1c9786ddf7305f55c04518370aa5921a
images/non-fire/val_000089_neg2.jpg,non-fire,f16441411f9fa30d6c416d5e2c8eb4add4c60367791d9cb484602e07ff068229,ba6872792ca2f1cfe2da362b7ffa79c0a908d66a7269bc38fe098cfb2dfbe172
images/non-fire/val_000089_neg3.jpg,non-fire,a06b05a584f7f14b658d7bd58d28f7c89892ef6c1f02479ba08454b91c8f1984,9c97d852bf399904843c8d5b72e487d4e2507fce039c100899023473c82fe556
images/non-fire/val_000089_neg4.jpg,non-fire,96f435852d28b8e05bf314c58cf3ac8f59babaa85c09dee82a826fdc6cb320b7,4b9f088763426c69b62c3afa75c9a1b98aa7056a80ac921626341e49a15a5d4d
images/non-fire/val_000089_neg5.jpg,non-fire,c624460f841410c5ddc5edfffed8b57458dd8ae0cd8e9d6d4c7640bf12006409,a481bf82f2ffe64590ee5249511c6b567bc4d8bc203d701c3b11c7d3ff103839
images/non-fire/val_000089_neg8.jpg,non-fire,e50639488de1c84d0db6d3d51d1c1a75b7ba310f32e6570befd88e8ecfd8a1ee,d86763ce2d162259131e7a730684ba28b54170d3e5311981a04f62cc9382aa3a
images/non-fire/val_000089_neg9.jpg,non-fire,1b32415c67cb701b77387bf7425eeef44075f14d678bb82874dc900a0a3967ab,1afeaecbb49ede0026000fae0ba6688b0663f1a905b8dce98a73a2b4e876e8b6
images/non-fire/val_000098_neg0.jpg,non-fire,12d64db1db86d467278d5169a1bf050f89b511ef0730765947af1a96432f5697,ccf33659b7fcf3c71426d5732dc10984eb01391df873e49d7940c6126e1c9772
images/non-fire/val_000098_neg1.jpg,non-fire,c50e6fc5fef95c24f956d573774f368a10c6f44d1cf5cf4f6c2fc29686a5b3bb,2780e8e7cea6ab3a976304a9ca7b6be0baafb5c70631b9941e208dd5e9c1be72
images/non-fire/val_000098_neg10.jpg,non-fire,a9cba24250bfd0a6a0c621d4a20473e6bb6995553c5562afd8ee1fb08470e30c,df72efa7ea921a12decdbea88005d83ab850169b1bc56ba498b8f9717ea8dfe3
images/non-fire/val_000098_neg3.jpg,non-fire,2324284895c87be026719aa808e058aa2753e6fcc5accb878a2352c77debd560,d0fc56ff2c005234035d081aadb4e54fdc661844e87db501176d35176f031254
images/non-fire/val_000098_neg7.jpg,non-fire,7d4bdcffb4b4dd5264a7d670dd000d6ad43838513ec62935d91ad1338089e082,6f8b700a5f5f416a9d5ba29814bb3db951791c04ba419da5482a8ed2a31b2a50
images/non-fire/val_000108_neg0.jpg,non-fire,cc520b30c7b73d93c9efc309bb91b2bed52f865b4df79f3ea3a03507cbca8e7a,3ac2e5fa6c451098889b96cabe1d73cbed20a469f94c7fb393d48c0d0f236416
images/non-fire/val_000108_neg1.jpg,non-fire,997434be842d77c15162e7fbb11030c8bdd071bde032a3f9ef8af839130b9a87,21cead81fa7a53ff5090729b1213f07a2af74821d83c45f2198bd162fb099343
images/non-fire/val_000108_neg10.jpg,non-fire,9922ffe352d5dbf618c5308d729ccf43c2807231d7b5d75bd519783cbcdd636c,e5ccc1c59535d9cd0dcabb0aefa387f497789751583ad20aba0198ae8701ed45
images/non-fire/val_000108_neg11.jpg,non-fire,af6480f8ee27fc76d63aff7098dc8832af7e8800e647ae503724281bf42d0649,5addf7f309850a9183b938195f8338da2ef15b8311459e903dd1324c8e145812
images/non-fire/val_000108_neg4.jpg,non-fire,2b9daaa01f5264b8211509b7ae5446456f967e8d5e499a39ae1d3d5bb17b5cdd,40cf0857c3e41d24960ad9e5fc6387ac486f8dd630283c5a00581d93caca9210
images/non-fire/val_000108_neg5.jpg,non-fire,5b8e5f38c8b4149f8a228ab8bc0e70988df8c52aaad0e1f3420ed8f0f49c30b8,80dd4baf8d60a81cb2ed10d71617787b28ae368c18f1231e8ecb80c01090892f
images/non-fire/val_000108_neg6.jpg,non-fire,cb8bbf49af0386b789de7536d38057dd27317d48e913b5f427d95b7bb6c5a54e,ae9ea6ec6f2841b707a447427fcac309eaae6f297fa0354e00a9e791106f0500
images/non-fire/val_000108_neg7.jpg,non-fire,b846764829d6e0d00ec6a8c7274c704ffa8b11f085efd1bac6b8133dd57a9a3d,17585f222a4a09b93b13834d61b7dbb1f76f87f4df10a550e82cf836a1d45ea0
images/non-fire/val_000108_neg8.jpg,non-fire,49204004a229498df2fb72418351c8b7e9b9274ab3c31032f3f69dadb2690ab3,deb063453c64936d863e47f93dba214ca5afb1c2fade593752700d62669381a4
images/non-fire/val_000108_neg9.jpg,non-fire,7d9aae85ee039d53a6cc792eda674385bf479429135e3d60c131412cdb34c2f4,5b6e88e0cdbdb87a5036ef1624a1085fb038a1312fb94aa33fe36843f22494c9
images/non-fire/val_000131_neg11.jpg,non-fire,627d5b503a9dcffe510326b7093a7b55e5b118ec4b4c1979b7c4d828c49851d8,4e8cb38197e2a99f76788ea8bf9022b2a99719b6d653d6ba2e342983fa8ba27c
images/non-fire/val_000198_neg0.jpg,non-fire,ff4f437e3df0f7531267bc870129d0236271a234cb45b26ec65aa6c8b6dcd634,cd0f53d7b5ed13548058f4a9df1426028f820af92a16f19edc734c735dd2763f
images/non-fire/val_000198_neg1.jpg,non-fire,10bd761e0e9a79d001f0d138cb4b612e089308bb8135c6815de705aafa9b1fa5,6270bae2b2e3da722887ab4fa6da78a1019a027d5c8e4910b02069747aca7474
images/non-fire/val_000198_neg10.jpg,non-fire,3942382f99bbc262c7e8aeac604f50df1203616f32afa7d4801e9726b188d98f,3ce444255be99eda5a7d78932a065c8fb73106e35b9ad149a31cc1aa5756c1ea
images/non-fire/val_000198_neg11.jpg,non-fire,3dbed96b067548c52f66fb7fea1d827c29bc0f8c41e0098d315ccc7f411ce1b3,0d3796b9e4e2d97bbab787872f019a497100827387d06e482465b2899ea04e3a
images/non-fire/val_000198_neg2.jpg,non-fire,f62e6d8762520f27d5b3f82123eee74550419e010a3f42ff908a4392a632bdc9,f2925ee8ab26e9cb9378725cdc7cf71f5e374974bbb9089e4267fb34664aba3c
images/non-fire/val_000198_neg3.jpg,non-fire,5acd25194598a8866ca1d631dc0c4b9dedb599f6b9f7a314f121d758d35f8096,afe19f5a8137887d366d1e9bc399a81b46ad8387ca4c029872a46f224f8f852c
images/non-fire/val_000198_neg4.jpg,non-fire,6587f3e1709639429c0cd7e5a5586e5f9f8551fc549a6d91bf258acdd2d632c8,59d9d4a5bbec4033e2bdcca05425b718977a2144f1590f010d39b1d6a9ce251b
images/non-fire/val_000198_neg5.jpg,non-fire,8ec3ed63b9a04a00d4b7d6902548069a0047d260028e7460280c540b3f713e3b,11487f1238bf947d3191df6e181cec07f9d8b837591130cad4d2390a96a0fb21
images/non-fire/val_000198_neg6.jpg,non-fire,0a1185a705d2a934a188de8a00688892bb8a4de8ad1ac09ba911f96ecdfbe20a,54a698fd13cf124199daa4e5060de8725689f5c7f8b02716a0b26233d66328ae
images/non-fire/val_000198_neg7.jpg,non-fire,7bfad663916777ad68cfd58e4762b7725bb406a9d43c696e0365b15125c9c5be,214a4496156c99fad512a2bedaab1a64ba4ce023418ccfaa2389f68fefe442d4
images/non-fire/val_000198_neg8.jpg,non-fire,083d002aca419fad94ec4e450abb0d54d8fdc0797e6db9e1933cd33dcde6ca5b,80a4ed31702a34556846b93ce26ce8e23422dc2f04afa4485622beb0bbf04779
images/non-fire/val_000198_neg9.jpg,non-fire,25630b43bb5c1c120f96a961870ed620008b0c4439efa500332f6377838bb4e0,6b4e6bc4c31ef2ea7f10d01ae761f3ae291d7ec713b7430dd362d1281fe074c9
images/non-fire/val_000225_neg0.jpg,non-fire,4057457b0390c41b60f3d445cf71fdb59793e849886c07daa0d8c6b223f472fc,b43f4d8d6fb38220930f12f5e0cf3a9f212bd669c5bda8a002b75e219d0b9265
images/non-fire/val_000225_neg1.jpg,non-fire,791afdf9df41868260017466d1809c61c70b6c844c4d13817d8f39aff6754609,00dcbab38bd19520feb2b81c6c58f2af3deb00debbc02a2b6449011c4b47e4c8
images/non-fire/val_000225_neg10.jpg,non-fire,e1623ef6e7124ff9df7d78eb4ad6de9d68f1cf4ab8f8e95c0a97299878b6717b,cdf9716232955daea9678293b86ddb991c8c4146639adf109c622237d37e2c82
images/non-fire/val_000225_neg11.jpg,non-fire,442d8fbf579c89a10af12490c99111db57a071eef9428f3a3efac28bc97a0d8a,54e32aa280ed0803cf609f97fec31e5dd34be78437f261f18d761cd85de58b1a
images/non-fire/val_000225_neg2.jpg,non-fire,4b30e0936b73c43301964b6ff6d46ea491c828193d120df16f3fe2d3d6807a6a,0267945abfae61b5e5f438617c1a7d37a89e9e5062025b1c2e1eb9e9fb870d8d
images/non-fire/val_000225_neg3.jpg,non-fire,98f20b9b05421e438a846be29223119e38df616a3580f31347d33de01077bfe1,c0f666e127395ecfb67574a95205c6d0d998084b7ee83765704344b4faf7918d
images/non-fire/val_000225_neg4.jpg,non-fire,ef8fdac523db117a2d6f81abd5c5c65f39f1daf72a5900584adbd3f38c466c2f,171aa63d3af1fc8fa6b5f8fbe48995ab454e301d603f50bac2f8c165e8e52ef2
images/non-fire/val_000225_neg5.jpg,non-fire,b4c7b68517c8cd83bb7c876cf4673b8f0d223afa39447272fc20336c4b14d84f,18d38b6f1c96be5fe9ce66372ff275400faa6b1617a2e57df27b542249f219a8
images/non-fire/val_000225_neg6.jpg,non-fire,4b46b5729ec80092305f4db0c498ad0ab2c13e8725df8a048b07486f6e56e9fa,2bffc69a8aef07a71cd79cb98ab545e1fcd87295f595177a892374fcf09dfa38
images/non-fire/val_000225_neg7.jpg,non-fire,b9f41ff02c3ff869c0c2f337cb35cab10b95a596b1cc29e764f7cbf6f929512e,79d9ebbd73acc61ca471633d5cf46a4151c8079a02d1dc322d532204567453f0
images/non-fire/val_000225_neg8.jpg,non-fire,d5a5a286c8fe81cb9e14fa9bf04296a1e385819cac0107b82f8e3fceac51832b,7129f5a26277dc76c946d1901768550c5b29bb0b1bcd106b1d2e13a71fbb21a0
images/non-fire/val_000225_neg9.jpg,non-fire,5793681fe85989c48fae34f05dd74d1f24f52516574d0958db2f066e6819fa0b,bef3d6f6a5c9a6ae2b7e3ef6aae7ad2ead140cc25c9b6a5683cf598020c7d291
images/non-fire/val_000235_neg0.jpg,non-fire,bad7c4eb26e6f4c250086324a6f5f3224253efc66a5124b2b72ab8bd4f875cb2,8ba709f03bfd5cd4a79ec2d3c6cb3b341a9503b08eb30af881e968f53306dc36
images/non-fire/val_000235_neg1.jpg,non-fire,a56a1d99c3eff4bb193d53f16ed4ea5a9d173a8a5012d54f3ee1fadc094e267a,2bd53561932ac0938396cf5bedc63d200223ae4a47f5ad5720ef552bed0a35bc
images/non-fire/val_000235_neg10.jpg,non-fire,91d64374ead66993170dbe32c431981f1299f008531bb4498ee5015fb710cc69,01f709aa274ba3851eb5f80c83bb0f52e863c34e0df387dee067590803b7cdc3
images/non-fire/val_000235_neg11.jpg,non-fire,78803af4955372331a537baa8e192b8c4c4b6e38e8db21ca34b0460c29eb7900,5f0e61aa1b0f7bd52a4bfb3f3a34239caec797829abb0affd217e0e81c66e6fc
images/non-fire/val_000235_neg2.jpg,non-fire,0b5bb3fa0bf6d14e7a0ffac9106d1f1f0b664624e978be53efc1b0819024e46c,786bff8a1638e73ea81660b7b09c3b08a7552f58d33f8ad6e20b778dd2d21d4b
images/non-fire/val_000235_neg3.jpg,non-fire,d9f999edc2e5525d2f2f4742c6fc643e4d40b63c0e7c0b7b9f3f78204d36bedc,176c4e2e003756aa6774faf60e27886c230c04205a7bc664e34756bd2dffde18
images/non-fire/val_000235_neg4.jpg,non-fire,624efdf6960af72e9f6340d0569ca5b747a9d26566b5f9a3ffd09da4b06054c2,9467bf359b8c67515e3928ca99a19e09c17d3d3e2fc2c0eb7ae05f24f7bafe7e
images/non-fire/val_000235_neg5.jpg,non-fire,c1e06dc6f06220aa87354a08b331a825723da8ccb14cf2e7fc0acae0ca011af7,8f14de782d71feb7ae57b62c41260d0e3e393220764b10a54dd4f14338659ce0
images/non-fire/val_000235_neg6.jpg,non-fire,c925791c257113ac101dd91682f35a514c76f722b8bf2864372b1b37f8b3df0c,8021dc6529e3d93c6899bfede2e6a3018fce3228f6457de6233026d64b8555cf
images/non-fire/val_000235_neg7.jpg,non-fire,e8bd350df95ced8360596d8e8ef8d674514388944ab6b99c503cc6578a25a048,b65497bfb95ec616bd1444bbe7e0a6d9ad7c2d57aa8d71602d0451e92d18a208
images/non-fire/val_000235_neg8.jpg,non-fire,9f83818006bad0bd0f96fdfcf12e21d1ab0b93692a36b9cfa6e1f099c749b649,82379112c193502926ef56e10304185b94c148402ced12db137037efc0e31b6a
images/non-fire/val_000235_neg9.jpg,non-fire,07b86a6f298b255418c5e4cde6a9c3cd12e7d46d59223a0488488fc6f397a877,376fc1675b5f7e4d73a8e7d6215018f2540a4c07c78e920161de7c52f3c2be4f
images/non-fire/val_000254_neg0.jpg,non-fire,051989bed165b2d0bb044c2650034b9c3efd8147b4a2dfddf2d67f4c89fd4cdd,5fd1b90df81bb249e2b044e657401c71d1c22e358000ba6d130a69c73687e6af
images/non-fire/val_000254_neg1.jpg,non-fire,c53c4ff6e826d2ef4c7d9cda2d92373b2cd7c3b48018cb5e74ee4d61b6ccec74,d407dbf53b79166ff71b0dc32b6bb508cfe751e11d708a91baf9057961f9563b
images/non-fire/val_000254_neg11.jpg,non-fire,9af02e40fd2a438e3b4eb6d0b0fa50f705a506fcc7af9ba9894e88adff51354c,99d0169f1fbe8843eb7e280546ba4de83dbc326d4c57a406aa204852aaed85e1
images/non-fire/val_000254_neg2.jpg,non-fire,5b9b3809bcbe65d8cd92f62ab45071dc4ffabb24062eba444a47cca86affd190,bd60f0ec24c7429c0923fc78dd174341bd21635814cb13c8bb9c976d24dad9d0
images/non-fire/val_000254_neg5.jpg,non-fire,e9a1d1d555271bef5cebdfc094b2c2740a4a6faf88ad88ec520f391478404328,f8ea8389359877d303a8144e10f4d1b4b1786215144d5ba9facdff0d058185a1
images/non-fire/val_000254_neg7.jpg,non-fire,1e89dd98333d65ba6b522c6b145c3de4f555c8ca62698e54dce511c52869fb4c,e86b5e28d16708c61f3cd773be706ebd1b179401a1a6db2be43434ff489e1104
images/non-fire/val_000254_neg8.jpg,non-fire,f23da4b8b49148caa3111348f9c5aef61829c8113be1a587503c4a800dc73bd0,2a279cfa457f1c3280703c1eb2be46ae7b02a281f93d7c42d7932c93e1d18d18
images/non-fire/val_000259_neg2.jpg,non-fire,a820712b51d13d8600ca95a94fc247cb3f18a65ede92b03c15cac4d109f7a6af,a4de32ccf0d804a61127fc0d13c28859e6a8e0d0f71e743f77ea6739b1b3cdf7
images/non-fire/val_000259_neg4.jpg,non-fire,adafab2a8c824713dfca672881c1ac2a38b9b2a9b17d86af08692ecff65c8e86,ff598fc559ca66acdef032d15fbd18983ef490c0208a79a9d4d429159aaaaff4
images/non-fire/val_000259_neg6.jpg,non-fire,1b2ebbb9c7f29d780fee0fb250fad39f36d613342be1c22c5cc22d651c4286d5,701060984bbdc3241c9527b7ef0a047f9bc53a56111e4654e82075fddb22b4d7
images/non-fire/val_000259_neg7.jpg,non-fire,70fb7b7bfff0ecb7bba34bb925e7cf6543830eed749161c8f364e6b1d36a5393,e4469302948dce9380de45dcb69d3f19638849cca4d395a6d44a59ebfa5d2c39
images/non-fire/val_000306_neg1.jpg,non-fire,4fdb8d5b35cc63975e486f24cff1f759ef71cfec5414b2c5ebfb9ba43af18c80,dc508db710cbdd84cf77edc11cc6788755781a89831874f9e90c0a61f0d985d4
images/non-fire/val_000306_neg2.jpg,non-fire,6cb00ebf21ad3f5b7c6ab6a534f6a1329bbe60be3ece9f5131d56cd1c3d83ea2,5c3c646416ffbd3bd732596e59aedc6e7eb46eb08942278d958be8b4b3e3d111
images/non-fire/val_000306_neg5.jpg,non-fire,c76be289e99aefb0b27b930abe2a5a2247a966453fdad70d0384d6fca969e879,c89998732720cc220dff5f5e5b70bb0fc13a3235966d5e162d37e8744e6833cc
images/non-fire/val_000323_neg0.jpg,non-fire,97ab0a100ea96b744dd506bc3bfc6622b006b6eb42cdca009372c715afc4760c,fc191db6460d5768778d4721da08cb3d10d63056eb8f205ca17b429616e316dd
images/non-fire/val_000323_neg1.jpg,non-fire,f311f767236898445f091d29f6a4eeb098b2a6d5d292dc8e9c9dfd72512e6927,18ca84947cd846e1edf64f8d6cea6355895862efc0c3554147758ff32a064e41
images/non-fire/val_000323_neg10.jpg,non-fire,384d7fc6e6c1c1f6d47539aed5a9761d0ce00ae4c85a3204cccfd9ca0d7b7eac,5e6e83665c3f7f092dca60d8015ee8c4ab6619d17f8ab84cd18ad96b35c89f0d
images/non-fire/val_000323_neg2.jpg,non-fire,d7e2a7f818c0ac2b7b28376bf8e30a397c794207f28e1676ad58724d89de2133,4a12aba499629772a1bc15eb4e2ab06b83dde3954fc91bc5ea769def06711196
images/non-fire/val_000323_neg3.jpg,non-fire,3d07692e704cc14d7961c70d3839f04c3f00c0ad6a11251020fd1b8f29dfb9bb,26421ab038ef74f61820efe2ce8b3f1de337ec0b20248139ade176ccc905fc36
images/non-fire/val_000323_neg4.jpg,non-fire,cf9af781dd421626f47afdda41dce3afdd5eb588409515fc34eba76e1cbfc9d6,bd8ddc213d47c7b911748ced94845c5692cbc4701ddfa646300fe0101dba8719
images/non-fire/val_000323_neg5.jpg,non-fire,92ae00c7f5ce57cdf8045cb6b22bff8f33b07d28775f33120f770d6a24239926,121f247d3b071a04bdad58c2531164a02d55ebd3c655a2b726fb80102f473009
images/non-fire/val_000323_neg6.jpg,non-fire,b22ab1e9ff6884f27bb23ae5578f922b73a6142f33133a05a8c09e10b6e7522a,6498d52f96daca6497b427a8a870d15800d41615d3e630f4b754fef4ed1cb099
images/non-fire/val_000323_neg7.jpg,non-fire,77a2737450297e9bbfcbc1734f7741d9c54d05094458e7ec0d7a42635f649d5a,07b6be6435c614cfdf8b93cc5677c706450d914a3b5f5287841c79ac2192f079
images/non-fire/val_000323_neg8.jpg,non-fire,abe8e4363c0789643bb075b9810e9fe6d43d39c04e460d771ef1397091b69d6e,c5bd1021871a21cf460c13014c62c1defa2f1ca90c4198cc12abb651e2cd693b
images/non-fire/val_000323_neg9.jpg,non-fire,8a3d860e586262a1be622d4c1134aef6f52a64e6e9ddc41aee3b8e09a419b076,0cbb2046e27405faf919ffb94b92968b3c212c464b79869f0169dfc5fe316f57
images/non-fire/val_000356_neg0.jpg,non-fire,c65cf713c561c91a1c9efac6aab4db0b77cd2a1a43761033f56bbbd76ac46082,834dc8f052fcc79cfdea7511a3048891383523a284a0d680efbbfee5fd6a59dd
images/non-fire/val_000356_neg1.jpg,non-fire,f2318cfb62937b1c27d4581467ba94df2b1f683c1b358b615c7587467efe86c9,fa3b919d4e58fbff64861606045ff7e6cb9fbbaa5b6807d2da4530612f90e152
images/non-fire/val_000356_neg10.jpg,non-fire,c94abf6cab7e445830f677f4b4cd7e04d92d9783d3122c8ddf8c0a3c1e910836,61cc7f52f9e0f6f89e8a42f7ec82ee3b1b870d8daee20792bcfb7bc8c1b2affb
images/non-fire/val_000356_neg11.jpg,non-fire,571123dff93756cb28b6ddd1724afd1d56ff4ae31c91d6142a9999b9ef99070e,508ba0ab0666054c569f7ced47bfef70dbec8e3c52057e3475f09a1dde54a944
images/non-fire/val_000356_neg2.jpg,non-fire,04030e8119fe0e75ab964fb23f9beab24fdeb5fa29d185e66b672d2ad8cedde0,0e1626aa9a3adae1b63ec874ec1e8d5e8a61bb842a56a916e79fa2b89d035aa5
images/non-fire/val_000356_neg3.jpg,non-fire,6c49619238207a97bb3e49aaae7f86739b1d2d9f76fe95edb531e98e07b142be,ddce1977b80ef2f299c8b2aa43d4020d1867d64e57060d9aa9ba23eabca2bb5a
images/non-fire/val_000356_neg4.jpg,non-fire,537bf2ead0cc593bcb96a103e3df6a8b0c225d537a48bfeb13938973162232eb,ecceae0541e9ca3ec015087374d239c27f45ee5e7589fc8856bcba230a3f214e
images/non-fire/val_000356_neg5.jpg,non-fire,3f2fcf40a627acf61e896ad6a8cc1a39dee5a2ce9639245376c44eee86aa6f38,e29957b176f754499314edb25c6930960d1d97f5707fa67750604bb53b6c018d
images/non-fire/val_000356_neg6.jpg,non-fire,ecfca380df2129212d0840a4e9039b5130874f642e4cc2798c4d92cf01394169,75185dcb31f2b21df87e621e8a7b2fd5e3805ff4cda578a157bc3f75cd669b2f
images/non-fire/val_000356_neg7.jpg,non-fire,0591e64498151a28f28a2db9ee87f4bc5c87b940264c45885e737bf7ca4964ad,376643416ace3417e69ec0d4bde93b7bfc5198827c1b898e053a51f1e1c946a8
images/non-fire/val_000356_neg8.jpg,non-fire,766dab72e768f488aa310ce6c8c63eadc47e42650ea44e6ea38d65297f683b07,7a2f4a17ac5e8655786337b9dcb230fe1639a21617ed7912355eccab2b6bf156
images/non-fire/val_000356_neg9.jpg,non-fire,1efa00c7acfcb043e10c998e6f3e1499ca4d5a53f1b88643438c8bc859516095,82d1010b694d61eba1e29deb4d39b92ab0159f5044f26825e6cb6dd9ee007770
images/non-fire/val_000396_neg1.jpg,non-fire,ff606537802e83ce2ed2722b4e99a5d86f4d3e3c1d42cde12ada1908a924abb5,992b5db0f2b1e17da84db1008d80b81601e187e30884f038b0c7c47fd871c332
images/non-fire/val_000396_neg2.jpg,non-fire,0be5ea5d641107e24edced33f7d6be89fd335f79957d9c67430efd1e6cd2295c,5d7055864fddcd3d4cefb8ed717bbc940b8a379e860c48ac6ff3f589eb3ac032
images/non-fire/val_000398_neg0.jpg,non-fire,f33c6e089a015a0724524c3e14c5697cc5cc97dc191faa3501f95001c9154510,3f6ecc1035bc7ade12ed57f30da835542b48070f9cc9943059f7c2b140ac6698
images/non-fire/val_000398_neg1.jpg,non-fire,210f431958d0fd17416848751081ec022f67a59034e86cb0e8303eff296fe10b,e9c195ccdd4de5c1e1a9fdcc866830dc2607be8137ea3690311987554652f597
images/non-fire/val_000398_neg10.jpg,non-fire,c3977507e2f78785912a8020c4d4385abbeceadfe7cf794a99fa234abcbcc3eb,290f1f0e6f4e624ee650986bdcd5a0e2fa2629f0199d023c8deda9c9b8770ffa
images/non-fire/val_000398_neg11.jpg,non-fire,f18703133f011981df83562d2b99bc6045dafe8b39968775327a0935b3de3702,920b195d853dc1dd62c4f7a5297e640251ec446d54cfda215c821c9ea39404ed
images/non-fire/val_000398_neg2.jpg,non-fire,89da69a4ae7106db2a0dea8a94fd7a851812805b76e4b67faa41362684cc122e,b29b1d01dd5d7d6499f57fc473c60e4da9eaf07b1b360fec09b8d591fa3c035c
images/non-fire/val_000398_neg3.jpg,non-fire,2a842c28c0432c730a09d91dae52e2da30ec100ff7b18bb657137cfc0cd2a13a,abfd45e2dceeec7e46f61866367f1abd0d028d612ad59011a688250dc67b213b
images/non-fire/val_000398_neg4.jpg,non-fire,c4eee6e4f52f9c63b74d0eeeabd731b5b96ced6b50fca7235b4ec712003743b8,dd2b5b24c904774389be087d93f1a2d66a08c5913be084295711719d31eabbea
images/non-fire/val_000398_neg5.jpg,non-fire,9ec0dc5b20763045f6e86bd877d6bb225601212673b5151e49ca1c5bb61c010b,92264aae232a168bdf345d5d63ee3b4aa0f3099f7f5a5b397ff59438bb71fbd3
images/non-fire/val_000398_neg6.jpg,non-fire,c93710ec23e0107cc0bbd106e402f1d769fd4a5c64d115288a223f8a76d93b07,181e6f5661fdcb0910ee8750404b49f2fa1c5c4edb0695a8a68d6e33313d2ae3
images/non-fire/val_000398_neg7.jpg,non-fire,87d7b12800f0a4f4730ac6c870881541d7eb707ea7b2fd5afc415ba3d51aa649,c4819f7c40fc98de079a11f63c362d8b34fb8500264ed9fc2033d27344937d64
images/non-fire/val_000398_neg8.jpg,non-fire,85d97752d9cdcaad14258ebccb2f9b31ef90d1107672aa12f2d3401249e8fde5,8d9bdfd7fe723e495d27094ac2688df81233d6f08b07e0b3049c7a9560fe3a0e
images/non-fire/val_000398_neg9.jpg,non-fire,3d082ac937d40c2b95a4d803ca114599514433b40bf8ce576cfe9c56d7600902,8d7877315dcd5d5f57758151b0e0bcdb5b14f36714614175c1b08795c491ecdd
images/non-fire/val_000410_neg0.jpg,non-fire,7c5e0684c8e9333041acaeb3a8b2d6e69d8e10e06069bc90f52d78e86232a53d,c3f4ef313ba05b1cf0348390e24cd05f9d596e47c8768ffd588af0ca18c401fd
images/non-fire/val_000410_neg1.jpg,non-fire,ee2c04ebc966d2767a055f2c34f8f4e6bce748de13facd74d431d87cbfd95281,40255227d94dfa151b380a79694b21e80b1bc5e3b1ca5c55e7da1a5c377cf0bc
images/non-fire/val_000410_neg10.jpg,non-fire,0d16578179095916c2b7ec54e9073244d1e2dccdae7c6f88f176d0df585d1c55,7f6a0996e9da32f62e6dfb93fa6be6461dc41f73a89b913cd3e5da02a624915c
images/non-fire/val_000410_neg11.jpg,non-fire,035c179ba4c673e74a3311bcf6a953996d9fcdcc20ba7d035835ecbef7843b20,bc3bf2302dfe02bf5ee98c740a1c8c90305c8f2a232288bb60f5b7d2cf4bef39
images/non-fire/val_000410_neg2.jpg,non-fire,fde2078d35c3149eed84969739cfb427f55639e6beac264df568439a0a077243,ec9ad33591b64322a430d36a930f535251ebb4e9b55c6beb3380b43f2ecc1e0f
images/non-fire/val_000410_neg3.jpg,non-fire,0125b12de07e30a9d9459da84a3eb330332efc417e77411d3ee652ba383ca040,3cf90b3e0eb125d93fedb9aef82cabb3f6a31b0b6449b62af36fb9d1bd370c3b
images/non-fire/val_000410_neg4.jpg,non-fire,aa74a7bddd74e5e926a950fc534f2550be256a3097ff73fe56ca1187868acd70,0092e3edaf8b81e355adc2b01e87684b6514148c6fbba71ef13d2c70002269b2
images/non-fire/val_000410_neg5.jpg,non-fire,3aba25958c0209e1b5e1f3fbf285b463c32823dc03c0fa35672fae730af7fee7,5607e64f8ee3f1298896288f40b2e46fedc85f2838981ae05a5d45b32c38d1e5
images/non-fire/val_000410_neg6.jpg,non-fire,aea569e4def0655897b908297da080eeb2c78af87b445915166edb89723781e0,c054241f8fa49dce88aa8457ac7c7cba97a62785eea3491aff95c11b9fd55e33
images/non-fire/val_000410_neg7.jpg,non-fire,f50d14c937bc601c144a18b35d087a278246a4c14cf2d839c2ad86f5774f0a39,3c061135b97680229b692368d1942b19485539ab6127ea55cf7f193a72e433a2
images/non-fire/val_000410_neg8.jpg,non-fire,9979694807c8500bf40224e3b9dd3b9835d5a59554200afbe58b8f4c4012a871,183c05367f278ac4ed7ac2d47647df8046c02f6267a7520634a59303a359fa4d
images/non-fire/val_000410_neg9.jpg,non-fire,c1218ae70246de8b4bbf154d21da92452acfb314206cbf796262e310ddc17d39,870e02ec94d202b08342f698a0fb8ea8f50945bb371d17170880e51ae231b2ab
images/non-fire/val_000423_neg0.jpg,non-fire,cc52fb7e0d516fba850ad52e627081941457b0a0898d9d4ec91e32ccf0105128,5b4f1be23c91a1c604766ba0cf7e06390857651de7ce95ea188c5bbd76cd6282
images/non-fire/val_000423_neg1.jpg,non-fire,d0d9cb738e4bda3aadbdc5ddc887531aab5b35e7a02f575a88d97e079b38b602,98c532bea4634c18fd7b46eaffd54970dd9b815da120c7f9caf7e0b340eee1cd
images/non-fire/val_000423_neg10.jpg,non-fire,230191d402bc64160b493ae474794daae9e792b074ddec25965ab4ee04114b2e,d6ed7a7e829bbf319728d3c1a68cb6f6c139632b43582ab50b165a19b724d2b9
images/non-fire/val_000423_neg11.jpg,non-fire,c5682b84317adbb475c21d6f9bc44bc33bd10748f4dac8b736c52930d5db26a5,a25731c38e59328efb97cfdfe976a47d84e987c4807fc53fb3f3621ae1729fc2
images/non-fire/val_000423_neg2.jpg,non-fire,dfe34a18779716dbbc3fa603693cad25d2cdeddff6f84c0d23cc210df3621a27,5d09bfa34aec288ede1bcd0c3d50f2adbb049a27b4988a4e49bab59593c69e7b
images/non-fire/val_000423_neg3.jpg,non-fire,b7730a7d5fb5d36f78f54577506f1d74553e9f2aa8b3dc459f05b76f07c80fcc,5eb19a819c379c99c3bf1b3a2f73004b43531ffa57a9393471720447c28050e1
images/non-fire/val_000423_neg4.jpg,non-fire,f066f5f37a253fd1254791e9ef14d083c1ccbe67b39b9eb679d09a2862c16af9,95fa6a463d8e78bb7380f906ae83455da1f3d51d43511f0195be90719d7d5727
images/non-fire/val_000423_neg5.jpg,non-fire,28c9997cfa7868498566597cd3bbcece47bdaedcd40423f8e3f23b85c539899d,f5b76f6f04329c19bb22e8a8231e6088f67fce924d9c1861a21ddedde1c39b41
images/non-fire/val_000423_neg6.jpg,non-fire,06d0ff97a6629956501892b989f5b90b1aa1915393cd09b1a2b75dc1f0aaa692,9aed15570cab1f6e65d39bb7bb8ecfaab8d475f21bf69f0da83aaa28cdc04ae5
images/non-fire/val_000423_neg7.jpg,non-fire,0e11b6800c1c5e2e648e4a9a3c4037e79a8719dacbfdb72bed8b0cf6b54f5080,dd45a96e69a5eb63508cb3b9cb41b40501a52a951e97ca88554ea972e69b026f
images/non-fire/val_000423_neg8.jpg,non-fire,8fe068b5a7c89c1086f1f33da282197a4e06f1684a4d0523afa47f382f86ee2f,52a172028a2ef1ece75233a36141c9a00259b96c3b48ee64c9950ce66802c4fe
images/non-fire/val_000423_neg9.jpg,non-fire,6468b0592fc207d50240c40df0d62711a2b6658546ccbd1927abb7c3b4de3767,88e7506c7b67eedf1c0cbcb7ac5e2ebbcc30623bfde551d1c2a0aab9d6682c49
images/non-fire/val_000425_neg0.jpg,non-fire,98d945a85cdf18957128fe71e5f6e1831e368e97d59b4a456809ae4aa06038d8,b9580ff1803f9a53f565ecb4f83c0c8af92236e52fe79466322329fc5886dff3
images/non-fire/val_000426_neg1.jpg,non-fire,33879aa1fa243cecc96d6a9171bd0ab4599356dd6776616e25d9b71292cc7be1,2f0f773eaf8af43e04dbf06769c5fcfae678ff10f1f52735101dea4fbd654050
images/non-fire/val_000426_neg2.jpg,non-fire,7b81eff25c143dfe164dacf4c1f8fa91626f8006e5a9daf9b46d02bd2e0fe486,6634bd392e5c72dbcc2dfce5a47cf80990d1821483926b58ecb5a264b26e09c4
images/non-fire/val_000426_neg3.jpg,non-fire,bd342efac8c7c7cfd0aeca8cd028b972b2078e388dabfdfee176abc2545c1748,50ff29adfdf8ba7849b56a27c838f5a10431487ae55d172470a74a7421ed75f3
images/non-fire/val_000426_neg4.jpg,non-fire,9d1432472941af3b1640872a1ef2e6821c912b7585c11652d17436c3f36e4f1e,dde2af49bb6d240d760208f290992da130cf4345e56209b6f4bc34e2a8e71732
images/non-fire/val_000426_neg5.jpg,non-fire,71425456a49fdbff574bdcc389be30444ed59004fa45db9c6f709a1ce0aeb8c5,377a47b32db7056f231f7c4a65166addde387f6f2e10c4a39dbcb717f7c05fe8
images/non-fire/val_000426_neg6.jpg,non-fire,e96217d74684abbfcffd4fc045aa1f5f0205a1b8a86178ecb2c86d0b788e9228,e47279761bf9572d63988a512eed0b07c34d841937c5960d7b77d6f017231f4d
images/non-fire/val_000426_neg7.jpg,non-fire,2a72d56f22868fab52a4265d488ff959b5d620717331ab7e50b86fdc3722078c,39a89d0ce0f3f20dadac33c3669e80f4ce1dbe115337ffbc38c30c0aa6081d03
images/non-fire/val_000426_neg8.jpg,non-fire,2e44ada75f286d67d47bb518912581e60e91da1fb2a7af86670f074e376bcd14,9002e3ad01d14cddffdb8c8567510648c4a00d367f2760ed2928e2db8f7cc719
images/non-fire/val_000426_neg9.jpg,non-fire,aeeb301c4f3a8bf74f16ba53aa3b65875d868a8e924ddba3794158b8d3bd486c,f3a934dba0b64a0d1f6f5b38e729ce90b3464715e39500053abb28f6aeb27bba
images/non-fire/val_000429_neg0.jpg,non-fire,69f6699cb82055726c4bec7d8fe967bd6daa1a2c522591ad3d6159f193c3b093,86cffa693d9f1eada440cbf1e730d23d089e19497eda0fdede11d3cda7553807
images/non-fire/val_000429_neg1.jpg,non-fire,293feca43f17df667be58264a47a6bb2e7a51a72879b05aafcfc10b3d769695a,281ec0f655ed6cc099e4257d1361306829f179b7f17f0552a7bed3eb26654878
images/non-fire/val_000429_neg10.jpg,non-fire,c48003a108c69576aa39099e9d1c556444effffdf91ba66db60a312f6e868e24,906d8b40d671e92b15afd5b1f2a5e4611c9be4c77792e5b43da129b5b153d322
images/non-fire/val_000429_neg11.jpg,non-fire,e51de189a66990f8246d75dd0172ee3b4237721374b213517e353ca41ce686b5,8a80413b11dc62c5503678869dc75e011cfd00e8b9488ef3679840cd0a5f07cd
images/non-fire/val_000429_neg2.jpg,non-fire,a105737717768228e3a128f68a515a2a7b34a13f535afa2b848f8ac92d00e3ac,1fa03773d2469c9eea6a1d155b47d621a204319ab9e1c3e9364387722d00b457
images/non-fire/val_000429_neg3.jpg,non-fire,7775937fcc854836a011898dfb20291bec1edc4a811a6c9d34162aaf778b1623,876106e1c825e42865bfd21f30110f6d2fc56b5048e85b3c7bc6077fb4b774b6
images/non-fire/val_000429_neg4.jpg,non-fire,9100c52a294706929c00f0d8b13ac45f20c2d0182aa145807853a680dc949187,5da2b43b4da5f7300ac3badc9316032346f9a09fc24055bf71b9df8023d4e5ed
images/non-fire/val_000429_neg5.jpg,non-fire,b379b12d2e23c3e9ef11ac8d058f820bb503015d0ca29eed88988724562df8a8,6df58238b008fca2ef8f5264a2a771f712c539719732d3b13c4a3bba7bfdbace
images/non-fire/val_000429_neg6.jpg,non-fire,911155fa42278071ae3570fbf49fab8af649d3a0d91ad30315a57b68f1820e25,11e983fc4e023ae6f1a62be1cb9273c1734b85fab03bccaf1b4cdf94c9017ad6
images/non-fire/val_000429_neg7.jpg,non-fire,210946b78a1bfcced0053d85f12c376db8a366201f49e3a03a1dca73ad543039,155be86b851e348858bc128d8bf7b19f4c992e0143eaa766e631706620423964
images/non-fire/val_000429_neg8.jpg,non-fire,56b41ef8004c18737930ee5200f72467e2a291f78ae034870e350c2c77095b56,98131784dc7b720d286a0a060dac3f4e72dee612b865f451295046b4dd7de6c5
images/non-fire/val_000429_neg9.jpg,non-fire,2184ff84b5c1f6ea7aaed97326b99114795ea3c71f4fbae6084a9e435e761541,b545a3927dfe72623be5e78a3a7ac900b74b7f1aa5c3e7a12ce68c8ee7baec69
images/non-fire/val_000432_neg1.jpg,non-fire,3c8514019e4cdb2495711d2e1c572a749dc79d8a74f88190bf5c35f978cb2094,575b97c882be39545a7fea4954c95a195ca093b2070cef28882c2f9cb6a6fc35
images/non-fire/val_000432_neg10.jpg,non-fire,03216b34909e013f98a51f03cc1b639b2d2150e317905a2502f631a93480f48d,e9bee7e3b30f9e54d654def21263af47d0096593ccf3d7fdd7d8b0a26fff0210
images/non-fire/val_000432_neg2.jpg,non-fire,ff49500dabbf3de32e572df23d2493bfb789e3331a06da8a9540bdcc9818c18b,fe4aae1ee1b8e5759dd60a2e6c40b8b07faaef6255deee584a1b197580d8c270
images/non-fire/val_000432_neg3.jpg,non-fire,ca84473c6dc3942be9ce916f18195fc08a29e7211a672b7f42bd0acea745d79a,1984e8d1710dd1a2cb02102e3c36a7daf75867da6add46a8d93248b44652082e
images/non-fire/val_000432_neg4.jpg,non-fire,d252f22b61cce9564cff786afd87da89d304aaca92defd16cec40eb6c9bcf9fa,be08e8ebd406569c5a2c7a54317a3efb2403305ecd33ac7062429a3b697d7d7b
images/non-fire/val_000432_neg5.jpg,non-fire,ea6009338ad5b1119a569eb8438d994b57e3a22b4df4267df0d459778b308330,529d23e3fa62b200f5e965ba2ccae7eb04f8d3a4fd5c4703c6cc6a4f2dc25fd2
images/non-fire/val_000432_neg6.jpg,non-fire,36e1874bb5a42fa5d38171ed90df1b7b97cdaf6c9650ed60013980610363628a,d4d4ff4c745b662a91c0c60668795f82df859f77fb632d416008c6cedb4b282a
images/non-fire/val_000432_neg7.jpg,non-fire,e951edcead66f39bb2267c62d53b9a48705046dfee56e354f554da298e3bc17d,66b94663619344a5d2c3ec87dd2c4ece53736a19366672a32ff960be9d5f992d
images/non-fire/val_000432_neg8.jpg,non-fire,3b8cedff639cf085e0fbec72535d1141c74fe1a4d23b29e686120a94ea854c51,cadfacd5b6905d96aa010c910b4354db735db365a4b621accbc78a600f9fae9b
images/non-fire/val_000432_neg9.jpg,non-fire,16bc2ef01d9400082ee66b81212010dcef51bf517169e726abbabb9db87b7fe3,3921a5c7a04caccd0a39bb69e67691e9ac75f0f960163e6a5eb229750505b028
images/non-fire/val_000436_neg0.jpg,non-fire,1c55052d832fbdcc01b1ccef1ea4449b878aa285d83f051df9f090d33bb2d6f7,d00eca7b68b700df08bd995adc669a2d5c075daf96d46735283dbdf1f94b0e19
images/non-fire/val_000436_neg1.jpg,non-fire,8fc44ed83ebd75003420efc9d386654dbbc328593c325728817772b798532c66,c9fef697bbfea17cbc2ce877863e70d38b56f89f4d3724a11f538e7d5413483a
images/non-fire/val_000436_neg10.jpg,non-fire,1cdd4ae5dfe971f473ed9927f1ac1c01f9ef2e1696571550d98bcbd008742cc8,b5c951af2a38ae7945dd1834803254ce3cb530f4817f3ab9984b2c60d710aea2
images/non-fire/val_000436_neg11.jpg,non-fire,214a4fc7493b7f42281200825699a90a665625ac87074cb5dd2848c40e463d74,a4b8a7c4b6c0fdc089d97e054cdc6808fd1eb072ee26086f4d791ffa4457e08a
images/non-fire/val_000436_neg2.jpg,non-fire,8eaac42857d5699f29241350f5ecefb080b089c8f3e10d96547c92214c907cad,a89b311487f9589a34df023e91873011e2686aaa6b7d056549ce0eca85cf2f5a
images/non-fire/val_000436_neg3.jpg,non-fire,b4feb7c2a4957c8adaa4bb0c9621bb632ff5034172cf1c8fcfe61283a08fd5a6,fbcd3e357f78d8278c48687a06f1e24406d533ee7b87a4cdd953959fae02d037
images/non-fire/val_000436_neg4.jpg,non-fire,3e1f1e9174e4c9826c46edf375bb3e73533d988089d2ba4e7c1355668add19c0,9a64ce53187e64a4367e6da2eb2229b0362415b12e150a040ae7c0b90ee52bec
images/non-fire/val_000436_neg5.jpg,non-fire,19cd50c3f25d8489a92918f0deae3e021f3f351b4594f6e258b8f7f6759146cb,c75d6eac54fc3912cf4251c32f70c002116ad812e5a9b867b9cf22508cc11891
images/non-fire/val_000436_neg6.jpg,non-fire,785972715e2f7b552d0e0887fff32f37f2f52bc9ea1b99a64ec78ef9035ee8a8,2c838fd5e09278a9f251bf8d3596964f703ba42c41e48f42b3895402c58cda00
images/non-fire/val_000436_neg7.jpg,non-fire,446b775aac5238deb2b45ddcabfe4532ffeb92a60ca4c881dba7f755a1dc1b77,adae3f494fc50d6f5aef35ab4ca61163c74fe1486a133dc98bdc6cf2016aebae
images/non-fire/val_000436_neg8.jpg,non-fire,a8bc23e4bc4651c7a21bc1cbc1c0b426147705835914b778e01819d6618bd2b1,2881efa9040a71f7c65941030a91da4bb4cb0d14ea0c005fef1d7f821867a39c
images/non-fire/val_000436_neg9.jpg,non-fire,3c9cd6fa3eaacce2442476126ce8e4f768e9addbd465fe4feab60fa7d836bb18,b83cfd98ff71c7a5aaf402a04cb0b22d58d85f5e9db342ea3a4dae270ed3627b
images/non-fire/val_000444_neg0.jpg,non-fire,c207968dd85bb10bfedbfaacb5f579112d828e44c39e3600f18ed6469f8309cf,21500c3c434a39c2db632dc464c705fa4fd6e22118866f7ced99f661bc19309b
images/non-fire/val_000455_neg0.jpg,non-fire,b1b151f604af5db9d0aa3089ae5c488784b76d31ed7dff7be1f953176eb3db0c,07f38d2a6bbc1f0e5fa52dfd734e10b89e84f8908984894766e2df3a35c1ca0a
images/non-fire/val_000455_neg1.jpg,non-fire,6c7309dd56d5b0c0b442c0469c2f09ba8df3eb77f9b01fecc1c825f359dc4fe0,43e499d9da8ba4a0527ef90d545b407de7b047c5781849c16280f7cdf71e0078
images/non-fire/val_000455_neg10.jpg,non-fire,404277e337bd660e0a3c2ba3ad3b54905b5fc971965b233f3be2a6f286b32f93,2b4fdeac4962a4f35332b5a9997f87b7cb9804dd0e71660e7ea97b85f92c4a24
images/non-fire/val_000455_neg11.jpg,non-fire,929376cb037187bc27c05803cfbdb6df9b9f3cbd3a18af256884d7a8f97a1a18,e6d80f72e59131ba9023a65b14034b11fc79992d1df76d89dba53027fa05467f
images/non-fire/val_000455_neg2.jpg,non-fire,88889e90c8f55a04ff5c6c04eef4257498bb67fda8dfb47aedcb9f04b1cd2def,ab776f61673988a2acbe01dd636846f14887b2348ecdfe171cf90d9671cb60ec
images/non-fire/val_000455_neg3.jpg,non-fire,e409c821febc2145ca2fe020b52018bdf7f569a40365ea448e3830df69d697e4,0c9d9a6380118118e8b6e87ed72331130992e5ae832c4f30f352935e4d287c31
images/non-fire/val_000455_neg4.jpg,non-fire,02110a13f776004a7876d76c5f5fb21ced8ac0a4876e6732da8511b91bc33616,237f67a85f798c30c4442904f8017292c704a9e1278a90eddce76c9fe735fbec
images/non-fire/val_000455_neg5.jpg,non-fire,92d5b826e7a5dbc5ac2ee585fb99dca61299f44e683ed3ff7e5a50b3e8fd7e68,92437d96fa309315098988304684736868c28cfceecc8c2062465e3377c569ea
images/non-fire/val_000455_neg6.jpg,non-fire,b416159748cf524489ca63ca51670a2c4af5378ad23717a9bd1083c5675179bf,abceef9494ff9222dbc78c43526a89df18ec3ded31f312f872a69bfd5c6ed2c6
images/non-fire/val_000455_neg7.jpg,non-fire,070791879c37e828a1daa57ded5da251c5619f7bf62df5ed2a15e0a7f9bd1347,f6423d1d62c49bdfade613df17534abd734d7d0f101c1bdca4a844f1fa63a427
images/non-fire/val_000455_neg8.jpg,non-fire,c4edc488d6bb838e685efcd5bab973c5bf9010042445462de3d78b5842751715,06eb5571b2a36ad59b9e049144697864f43de72fd8a7b816efc823f6e773d84d
images/non-fire/val_000455_neg9.jpg,non-fire,fb00d82419ac69b41fcd481372c5fb7d744b27f30b2aab9e85c16e4b7ce2e492,6c949b6f7e6f38f7d3767b4b40e80c11f1825d7e3aa359a906007747e10d291c
images/non-fire/val_000464_neg0.jpg,non-fire,7d28b573fc03fb559ace97702a5e2a72ed293bbcd7ac5e24bd374f06dc1b56a4,ce92a6e70e1d5e08f071248c0f3966025dcaff04704a6996f1550951a6a59765
images/non-fire/val_000464_neg1.jpg,non-fire,53e11dbede34ca9b897e798d058c9d20627fc12518fdf0f7bbc503e50975eaf7,15a47fee91d2dc163024a24ce4069618445d604f10a950419b9035871dd98bef
images/non-fire/val_000464_neg10.jpg,non-fire,fba19eeafb4ef4ba7e54f19841832d7c4368101dd946b13661f4068804082fa3,382a073cada1b53976bc956e2630032d9ca312784b32e675fe19097fd5b378cf
images/non-fire/val_000464_neg11.jpg,non-fire,68223cdee444002bfa44103b4369c29978a3e5467997b967938f537870c966dd,002537b53446bc46f23e733d7fdbb80e31d0f84084f7d18645c988e145f775c7
images/non-fire/val_000464_neg2.jpg,non-fire,346c43314c5a36139df9c64eba5d7e27c1bbd5bc0af551a004e7271f2f0c31d6,444078367382133bca8178a7aab7c2e56e1ae3985d53722660f623b7ac1d507d
images/non-fire/val_000464_neg3.jpg,non-fire,6f79ad7352cb39f0ebcffc5512d602caeeac639c43d6506dfc66ebacb366613b,e1b007504e7f5519f6128eabaac26d7df8b60fba4e1245d3bf326dff7ac96b4a
images/non-fire/val_000464_neg4.jpg,non-fire,60f859d03189d3050e56fd73258c3f8dcbf2e51f22e8b89bbd380a6537e1ce15,b53049fea6e8a550de67f31f28d28ee357c8446907737f02c3bdc0bce0523e87
images/non-fire/val_000464_neg5.jpg,non-fire,aaa08cc1fa3d31c7f6f5fd80f9c7d0300fdc47d7e9fe861550954237fc94b877,c3a7695b08597ead154bb30447cbcb01b3f7c51854fe6d9e1ec18c9561202a9b
images/non-fire/val_000464_neg6.jpg,non-fire,f801a42f36e6c2a7a9634537e38db249fe1028a77615798142f72080a3083000,1e807caa0a4749e8c42f8a16329fb9a649da8bde009a94e5300fd177452c24da
images/non-fire/val_000464_neg7.jpg,non-fire,16a8da8f48080a3387839a6a6c0e7c5af8233e767790fb934684c9b2ec9940da,eb99c227650ff53aa1b06a35660b88b2f5dfe3dc795836663ec4ce70bc06b978
images/non-fire/val_000464_neg8.jpg,non-fire,76771bb15630bdaf8f02b0d2f9e401898225bb2c5016803a892538220912cba7,673fb158e0822451070cf7953b240ac52b72269ea6d330ee5347f6ce2f1853dc
images/non-fire/val_000464_neg9.jpg,non-fire,5862edced1d5a9a6378e39c6b9b43ecd12b47575704b64d34e7a826a94ecb99f,835f92f2d0bf0057e8d7dff3be9e1a45b5229ad5f32edca912c20a2b11bb822d
images/non-fire/val_000474_neg0.jpg,non-fire,e9ba2007029068b19dce1c2bf838eabc07bbc6ee7fb7616d34bede2502a8ff8d,7ef27420bdf666200a917ece7424b6fe27725565342b0e0edfcd83cfbbdb883a
images/non-fire/val_000474_neg1.jpg,non-fire,c2d872ec842a7a8bc649ee28d4e67e3a7c86d2fe785ccb5bca5e2ab23558881b,6e96ea9b4ac4f2a6f383f7aafbd77119548d2dd15335436acb77d1778fff8dbb
images/non-fire/val_000474_neg3.jpg,non-fire,82c6f1f7b190cabd1049467d32b42f238192957aca9c309e8b308793a076ff50,5160ab6db22eede79a5df99233f3d21732cacfe601f988b39ccef9b5eb341863
images/non-fire/val_000474_neg5.jpg,non-fire,6006c39dd79cff66a0c32469a73ec6fa3ac7d60ead6efc6b0f9e1aaae65d76ef,c07616eeed6f59385cd52e24d8ae75dd1a6a95cf10534c8a88d6a2b16c7025f6
images/non-fire/val_000476_neg0.jpg,non-fire,7b8b22d438d9375f0fb70cd00a2f6694d493b94fdec22371486bf2817d6add70,4dfde359683f319046b9e603313151e5d744a69fa59918c3252fc89ac6308be2
images/non-fire/val_000476_neg1.jpg,non-fire,5cc36f52ef0b5edcb07c24e7e3977e806e20772f35f094ed63fdef2fc7c2c788,dae46b06c2468fbc31a454c32d5cf346a5a59080a48e0c423cb729f62e86fdbc
images/non-fire/val_000476_neg10.jpg,non-fire,3bdab3ac4e257b6be58cae07a66069458f9f0779d7edd238f5b4081745241329,c7dc51505e4c222e6499127426b771c9a8c24d4f2280928e99ca27c4836ea585
images/non-fire/val_000476_neg11.jpg,non-fire,8d38fa02acd5479f3527ba064c88b4c6c94fc1d849af7c54d0fc383893ec7bfa,b853db1fabd9e366e9208bdb40372a70b446fd717abb895382e46b0d711cd8a0
images/non-fire/val_000476_neg2.jpg,non-fire,4f192369a376719e4ca3197146a3ea23e5881bb7a8066ceeea54201a290d3ff7,07ae140adeafc45d2ae78cc5b7fd0f6236f03ff2ed50e0363439f1d8020961e3
images/non-fire/val_000476_neg3.jpg,non-fire,e7771acbe1932363a111c5a4ebfd28d5384e18d039bf357301dece83d9cffe14,a92995a5068f98f4110e1bfc13da093ade6d67dda69fd6db4013a8423500d775
images/non-fire/val_000476_neg4.jpg,non-fire,a04839e7136e8babdc3932b73d9cfef8d5f8fc8b69a9722d0f4985f1d90e080e,b0c8a55341b32cece649f6bb7c5327776318aec23f391f65dda9410f9649c03d
images/non-fire/val_000476_neg5.jpg,non-fire,0a929431a637780e12b39bbfccc33c244b5e724808363e89380992afb93d6001,08d17b3aa19bdbf5d5e3872c5b716e1d23af8d44ec0c51ae169f98a74a51cf5a
images/non-fire/val_000476_neg6.jpg,non-fire,bcdd31333f60712ed040ed917f0dedc0662bf894b26cd646942f00c0639f4cdf,2d91368286f68a5a9016e34e898f33530c32c33912ca14e08573786e5d166435
images/non-fire/val_000476_neg7.jpg,non-fire,a8f87e100cc673ff6a680f957ddf40053b614aba5e6936aa3a5567649a06c2de,8968d3a1a3293f80be1b409f69e4eac797972847821079bfa7720d71f6299077
images/non-fire/val_000476_neg8.jpg,non-fire,09634f27bfb5908ffd0d635ae8b387be41fcd565be1a0fffaae90c73f2ce06a4,b49536a452c72b3d6a21cc7e9bb9a934965d960d318a290feea97b868f2488c8
images/non-fire/val_000476_neg9.jpg,non-fire,809732d0d929b7c76b4afb51f9590a51860ea50fe50e7352ca812c2c09f698f9,e46117cc8bbbd85bc5350f9781a3a05bc8ed9df93ea1efc55a1b35e10fc58043
images/non-fire/val_000500_neg2.jpg,non-fire,2bdb6c52c5c080a59f795c4f745ed4b9344a575ef774174a2d7f5527ddbdfd57,f9cc15f527dfe7e1ed5a3c600149ab2c33ea5286a4c893b78494ce390108ad1e
images/non-fire/val_000500_neg3.jpg,non-fire,4cff41f70db5a0bf23587b9a50b125d536b3ce9df76d9b8b1e9cdd1e5f136c76,2c0e8f6eb998f830be3fe904046b114a74e7a15ba9b1524af42ef64ce8055ec3
images/non-fire/val_000500_neg4.jpg,non-fire,fe1d1b09126fb569bd7c9375d7a7aa85dbf4b353b0af8874e9a2e0a080c6a547,95d2c2383ae26502c1bf120e69e7b1f5ca0be287fd3d10c31412a5857637361f
images/non-fire/val_000500_neg5.jpg,non-fire,b2fa7a7ce940aaa38f6899c7168c417416ae1d62e4586ceae9d2b253d3a017e9,b81032a041dd5941bef95e807babf719948b1ea7fca2f7367fe8b4aee5f22c44
images/non-fire/val_000500_neg6.jpg,non-fire,a31f4cbc65d8c57419e7be4d2faef934e466aa8a3a483fad06383dee78be6c26,49f64305191d56ae2048839164101785aa6238fe36802ce8041e6573bc27fbe7
images/non-fire/val_000500_neg7.jpg,non-fire,242e15ba91cb11fa15dff50857e3d7111227140e2c007b348014d3a84cf6711e,8082b494bbc478f1eae87ffcdda5176e3d0334625862b66e3fb74d6fb71dd60c
images/non-fire/val_000500_neg8.jpg,non-fire,fb33c6d79c729b9b44afb9c257fd960b5c739ceb34c4d8198b4fe1cfc6b49495,3fdff1357b5af278f2c6e65d2f6f7e3ef59b1905b4d71a52f2d6acef797227a8
images/non-fire/val_000558_neg3.jpg,non-fire,9754f4b6294035a183f8d8a9c17304307cacebf99be1380faacf7d6ebf9a11a2,02c9c67574ce11d7dca9d439b87f51a614261f69fb3d0f68dbd45c8b8e0a2355
images/non-fire/val_000571_neg0.jpg,non-fire,0437a184f6b884079b45c24b71fe064afb2c13778f55bd40606d71d633e7073b,8aa4a31c1fdfa17c9edb1054c31fd4e57327fc79abb9f9ed2e551a7e141dd8ae
images/non-fire/val_000571_neg1.jpg,non-fire,1384cdbc4182175b4bbe95d6cbdfd1c70f92b80f32068161545b5a404eac0958,a65da0e1b8538e228dee9fca9169a118c1819b72ffafb62e93544729181c490b
images/non-fire/val_000571_neg10.jpg,non-fire,4be62a3c60f995f28c348e35faa5f0d50f62ae5949cb5571eb426611b4de680b,2d163d50531f1ad8b9ee77e02c39c758914606dd98b0273da9ff3989be32dc9d
images/non-fire/val_000571_neg11.jpg,non-fire,ae34e217b531a85ac71279b0f19fa69e0dfc5c05402e19e0dae7e6dcc770472a,456d054b457d6a480ac76b751aca6aff35b3614ae0724c8c460d3e2ad1125b93
images/non-fire/val_000571_neg2.jpg,non-fire,d220ec39abc8712eaffe2b04e4168bf177993937ce7df41393d51d1cc4043097,50f3af6810abb20c64d5250f2d8e7e6f0597f0b514f270a73552a369de46c591
images/non-fire/val_000589_neg1.jpg,non-fire,d8a466f7629dd52f4f72897334d282653c17b83e97bdd0b3daac9626f3b284a6,171fa32840382d821aff80240071aa734581dfbfae3d01a3ea9be394bcf0beee
images/non-fire/val_000589_neg2.jpg,non-fire,c74082a593d60f242b1778280f3811579c348c396aacca10d620efa73c131c1c,3b5f13e0ff2d1debbd7d8eacd6f11ab4fb0235f0573deae8829f5780747df19d
images/non-fire/val_000589_neg3.jpg,non-fire,dbdba5010adf2da40ddd1b4ff6bb03457d2932ab06866b8d0186d67b7846b3de,38879ea160e2e16dd429a8b4ffe32ee4a39968dccfcd1ab00420e44e842180ff
images/non-fire/val_000589_neg4.jpg,non-fire,e5009873fdceab2661f5dad611917678b63012b231dd50f75203ee3fc89afa98,5cab022db9aed02a2b49ac3594b85bcf566d90896cdccf2ddd65238d28d93f1b
images/non-fire/val_000589_neg5.jpg,non-fire,6b613916ca99885474d20972f058f6a30c5a99ecae5158fc793056e54fbac454,893e331edb1246f0a9ed0e8d7cff94b89a254ae54eb7bcb56834d819d705de76
images/non-fire/val_000589_neg6.jpg,non-fire,d2213c44fe8acfd05b365d4785e277cdcb7f329ac5ac6a1a9cf6209e1a32feb2,4b1ce7918c79f097f8bdfb986acd74d7005dfdf3344f630358cd453c2a0cf29b
images/non-fire/val_000589_neg7.jpg,non-fire,80569ee99ae63af1a561ba007bac494691678659bfd8daba98182db9e5ddb91a,18e92687c1cc264ec195937691f3f9f3a6004617e84d65ad23bca8cfb59b6786
images/non-fire/val_000589_neg8.jpg,non-fire,86e2a992a977f31e0183d2230e01f2f63586c7691fca753591268b085624781d,85be68903a83b50612b7ad88bfe86ce5aecd43d4bacb87b1a39ec845339dc874
images/non-fire/val_000609_neg10.jpg,non-fire,bedd08546b4b1964e255512e477c54cbcf051611cd8a97c3c463bb7e0265117a,16c73a1ad476e9bd34fbb7d92c9e93fb2b678da1e70a01fdf7c5c7619fc19f10
images/non-fire/val_000609_neg4.jpg,non-fire,52803948e89aad50bd9f178336949178ad4066e7705e61db2083bc1dc176fdb6,d4a844a99a4fd9f5fec376df1db97e2f4c5273135754e4719356fb391aee5c4e
images/non-fire/val_000609_neg5.jpg,non-fire,1baeb85b5f71fc10425ac9fb170b178feaa6a6b46585def45cbd181d150f5609,3f828cccaeaeb4bdd6ea27483a6eeb36c1d2b6c387e226231e2468c48e6af473
images/non-fire/val_000609_neg6.jpg,non-fire,fd3e0637d4e03ae4303bcdeffc003cb080cddc96e8349f5538d5518f50c45b1c,63e63d32198304dea819cce60815464a9ed69a92b25a07699845024a77978495
images/non-fire/val_000609_neg7.jpg,non-fire,eeeb254c29d5ea1e4f1cd63bc9e823a98db5e75f9168e7eda687315f3ebfe603,9dd1905f2a3591f31ce8f022c8ccb9af98ea5f9ac8856b35a08d66ffcf3791a2
images/non-fire/val_000609_neg8.jpg,non-fire,cc4596002baa9501143261194bf22370b509a84188b0dc833a51dd7f197e2c54,ed9c3cf50527a2f9e982d45e1e49ea1827b307f0bb03a950411f0ac5f402b76c
images/non-fire/val_000609_neg9.jpg,non-fire,bb7065822fa68b6216b3e4cae776571499dc5ef54296124604251f6d26d5946c,2db4ef03120d0b075f87a349c61b734d9c16185d49c2578ff22a48fb37090538
images/non-fire/val_000617_neg0.jpg,non-fire,338a64c93e84036aeb5a8ee0df90df963079a33d629417fb23baf2f74df13ce3,42d13d1df4db3a9eb6bbaedf76fe57ceb95eebf25cd1e8489f85bdc4e9e6d427
images/non-fire/val_000617_neg1.jpg,non-fire,95e28b69861e3c67c503827c9ad3d85396f66bb0858e9448e43ba39dbeb47497,c0bbccb33875fda12c3f9861675fcb9234f1becae48875f501c4e1ff202ac9cb
images/non-fire/val_000617_neg2.jpg,non-fire,b00fd8dd1701be0b9fac32b5f81cf772bce5e9c1e8c3ac4b94dfe21b59e13b0f,fd99d503a1d197c8c5ede4bc13733cdeb3e25d1808ad61745d17a70d8ab16b16
images/non-fire/val_000617_neg3.jpg,non-fire,a203e5c562f3af34c3c99295394bf249e3f28f70d24c564247e5620200b70a1a,60d4f1506d1e277f69b4afd221c96f2fdcd942f70ef8af52b98c218db42206d1
images/non-fire/val_000617_neg4.jpg,non-fire,852eb5d07483f1f1ad46b0f63b5f3045fdf61b988b780cd9410a1800313a1f8f,4a6eb24a7f105c2cd0b1c4b7e80f7819a28e84c1b698406b43cfc8905a5bde16
images/non-fire/val_000653_neg10.jpg,non-fire,12ff8bab9405a1b39bfb043679e3c2bec2cd88e3d13255f5a6e960ee1cc03021,53469d8291c37150032713ff988238b3c3eafbe945881ddc50f222920c287393
images/non-fire/val_000653_neg11.jpg,non-fire,4db4d6e856040349e040f725d0a4942b51c1e6dce6ef52cfbdc9f2ad055e30d3,a9560f50d39219a0b5af99a03bc3ca4d77eccfec8ae00c736a02ac0fd38e01c7
images/non-fire/val_000655_neg0.jpg,non-fire,be41385e35946011c5d38ed2e35009e1b1132e20edf0d72edea45f151df63760,b8344a1765b05e6ab45902b01899d550597794dca06f2d2d2f8cfb0a62e8e463
images/non-fire/val_000655_neg1.jpg,non-fire,652ea316a9bfcfda7a32a320660e69b7787574a91238e26be9dd979f2d0648c7,2d801efcbe82421a6e42976d0e704c20496d8edbd1e72b9c9ab95d4c9fd19470
images/non-fire/val_000655_neg10.jpg,non-fire,fa5d7900d39ed71653f19e912b9448ae4132a03e25ea6f147c0ccb9d6468115a,0cb36fe604f456329d6a5e3f3f240115922438d669714a63ceb7fa76a8c8cc4a
images/non-fire/val_000655_neg2.jpg,non-fire,89f86edb7af64e2813737e25dc644df62acb400dd8da43f33c4a8967133c146a,b8067ec904abb7943f321785834b2cfe1a634b0417af378ef665565e41201b1e
images/non-fire/val_000655_neg3.jpg,non-fire,669fd2fbf1a6e1a17b0392928139d42866a0bf2122d49f4cea817d4a2379cefd,b457e815f4250113441c4d03665e19ef3f7fed6a78637928f997e7dfdc93634b
images/non-fire/val_000655_neg4.jpg,non-fire,f889c10e6dff431da14381d316dbf270c411a31e23a7d5962d9b7098f92b08b3,a229e92c69aff00aaf9d3b547e0c925c6aca36ad5dbcd2220ba0a9570b373fe5
images/non-fire/val_000655_neg5.jpg,non-fire,6cc240d4284ebd147733262d84ec1f7dbaf7f157bbe1b58aec73b97b5483a8cd,f378ec93c982bb435d22fb957d6b5251b69dafb68dcc494d3a07f481ddc49ba7
images/non-fire/val_000655_neg6.jpg,non-fire,0f015437d8b5a923a7e5ea3b63f16eed1ef9531cf11d5a58e1a1f0546d13aefd,62f6e0912e9bcfd634abf4471e1a32f62dbf33e41f7d8a8f0d2b14995286dc12
images/non-fire/val_000655_neg7.jpg,non-fire,aad47229c6926fa3ad3ac8232fb848b5a68dd2f33fa545415e656997e67b5993,ba976c6d4f0f42c60468a21725d83324212aaf4db558a22fc1606a30529c2279
images/non-fire/val_000655_neg8.jpg,non-fire,87fda9d38d797a962c165067911a7881ae1593980fce67bf77cc7d33bf80c373,b2b847e3052f160de12fe06dfc744e9320a181281035d55c6253d7b34a17834e
images/non-fire/val_000655_neg9.jpg,non-fire,11fe47faa2fb0072f1a95c288cde162c364496e18894b1e3caad209a16af9c24,9f5e670492bc7840794a3ddf3bd55bb235eb345f6998f23210bedaf4c200d754
images/non-fire/val_000670_neg0.jpg,non-fire,a6da6a0a77995ea2b27ead742dcb02931160a5d21c847e4c26862bb04ecd6a31,c36ded765b6f659e7bf871ff7372ea3a9537d6a35eeceb445a6d30d5a9c3aad1
images/non-fire/val_000670_neg1.jpg,non-fire,3333893155d992b5c5742b95c3421a503d84c1b78714ec76946c30adea668243,663d61414f28de4a43ff270af45e0a9dec38462296f7202b7c3fa18ed0f012f5
images/non-fire/val_000670_neg10.jpg,non-fire,6abe2709e3425c5bb4f11b30054dc44e39a6736a7679f6e9c469a78eb72a1a65,a9f02417f49f1fa59add33a725075f9439f502d04f02d9550a7e6c65174d848f
images/non-fire/val_000670_neg11.jpg,non-fire,ff29cd293773412cb0c3d6909531355653e7a6b96c2045313b45dd6c264734a7,263000e0fff8bc4fd74fcbb2e6890dfc1eca95b9b309eaa641a80397c451a69b
images/non-fire/val_000670_neg2.jpg,non-fire,7a287240f556d4d2e3efcc7ce2bc2ec680e222777fddc804b65fe34c85d77dd6,ddbd760aa2b8ee0eae5e71150ff3e3f47978a312fd6fdd8119a95eba518ef6c1
images/non-fire/val_000670_neg3.jpg,non-fire,e51629ac5b3e17a2159d9142e72c6f87f4f432305471552752ec5bb5c5a88828,c8fddf3d70117e1814162cfe5c38b2a6247d146c3fd73fc5844bcd57bbf18841
images/non-fire/val_000670_neg4.jpg,non-fire,ee862987f9f475f87a8ad528e06cead7d67b4b7b40e57f352ddcaae92b47c6d9,d1c3f6570430261d747ad0c496b4a69ae47fb46dbd5e209d5e2202db5131b11f
images/non-fire/val_000670_neg5.jpg,non-fire,74d2f1c66436635625ffb03e15c897004989cef6a00109cb648f3aed1c11a024,93856120b05a652095a383ad2a713b762d8019419152b21d677cfd0f2da67f2a
images/non-fire/val_000670_neg6.jpg,non-fire,e77cb2492c2f8b436901b72aace31f63ff3b9153203eca5081b02bfc5be0b6e9,17fcb09491ba953eb330100eba1fbec1f64ad815b0fb64481e12560f57f13b7a
images/non-fire/val_000670_neg7.jpg,non-fire,416728aba36b038e6406478a2b84a029853f0487ea1e462228b9926a725adb7c,fc5af157a10b2b187fc37cd85b562f24055316f9683117631183b4c6b1183c70
images/non-fire/val_000670_neg8.jpg,non-fire,65f01e38754bb077e93fe9099d7702f130db78499757b368ace69ec464b65629,0da0502e1bc9a5c853841dbd731c84db1fe431b97b6cb675f3712a4af4999936
images/non-fire/val_000670_neg9.jpg,non-fire,3ed092e9875309770c2fee17f0452b00b6e5837c7f2bd57954d567d3b547dddd,3ffaf0e468862a7c03632db4495b2b0fca45a81fae7e1598d9c1e06898373e20
images/non-fire/val_000672_neg0.jpg,non-fire,1a60318dc0d88745ccdae47543e93f902b70169a1bec4aa9a073b3f74b14eee6,14bfaa60fb8c3f7d073475593e98c5c2779e5a7aabd05174bc596f33583cd16a
images/non-fire/val_000672_neg1.jpg,non-fire,097897db9c0698208428baa4db3a189fde702f0b296db0904dd0aec7bd9d4ce2,aae62a7487e20485445af1367a9568a914a82ed0823a0ff46d462b64d68a2c16
images/non-fire/val_000672_neg10.jpg,non-fire,37fb7d74c829ddc008cdca0571d23fa6f0f7c4b4b5c2f2c2feee668bd1f36ce4,34ff9bc1389e818180c9969a50f43c3800dfa0801f6525f0d6e4eeaaa108db26
images/non-fire/val_000672_neg11.jpg,non-fire,25fb739a3a334f4f309d7c4050a39ef9be6d1c717679bbd6dc725e3e59d2f9a7,654f4d00da7ef4502febefa57acc61d573342f1ea4ba13e20f4891b53abd1550
images/non-fire/val_000672_neg2.jpg,non-fire,137543160b51acd91e06bc006a58d172ee32c616bb1d900b003fc2b21b5c69d5,b7330165042bc07095b12fce00fdd28470a797a71bc3817d37bb98dd58ce8a6d
images/non-fire/val_000672_neg3.jpg,non-fire,81d277f36bc24b28fcde7b423cd9da75cf8e44b25cb950e05e7224e3d0eacd58,4c9eb7d14776b158da13c6aaf4fddc02f1d9b4a5f71b97d7107f24c85a00346e
images/non-fire/val_000672_neg4.jpg,non-fire,3c157778edb7b10b6ccb313f6dd6da4b6ad9816c5c857312184d1809a4e87580,9e05cee1c78614760e7f6d3af45d5572acd415fb25876b176a055d978e3fc71a
images/non-fire/val_000672_neg5.jpg,non-fire,f4cff4dd70868d39279e31ec63aa654211aaf139307e46caf35755b6d1db182a,079aa281e296fc959a3ece9d8fdd21fbbaff1ad571e15223bb9befe47ee87633
images/non-fire/val_000672_neg6.jpg,non-fire,b98c32ef5a6163643506eb7250bfad9cc77ff8fe59a3d0f770bb08c040f05241,b8f0ed3fcefa7c42c6679189b6d21f47fed1cb82efec2571c05d4771e6b8b381
images/non-fire/val_000672_neg7.jpg,non-fire,a1a3330f1e85258ff2bc53128e1d9c32e331e50977b449d7c9384ec5530bfd68,c2ad5e5d950d6844140cc6083eb84b059ee2b1d5b58ed2b8df9f12157d00a8c8
images/non-fire/val_000672_neg8.jpg,non-fire,d7f2daf8c05fd18454c7f32fce6c72707ed788035d88f50158f51626bcab1ec4,501f9af7e297476487009106a07336b2e1a1e96df7ed733b8cfe3becbf7e6998
images/non-fire/val_000672_neg9.jpg,non-fire,3cf7f728e67f5216b0c0186bd5faba5560914975da8581b0c5f500fe29122723,d0e12653abc30e1c2dfa4008445d8a911ebc15a7daa7349615fa4db099d1a339
images/non-fire/val_000675_neg0.jpg,non-fire,cdf0ad37faaed0be0985a29517762b9d9db1e45b83dc1338646bb9d8dbd156d2,11678ecd773a2370e1a5fd6a1c4bd3e72bb6137bf6f68dea6da61667a5a23165
images/non-fire/val_000675_neg1.jpg,non-fire,c07c01f5a3900a9cf724218b5770ece9eab9c521c1ee43aeacd4828207961171,58a571506eb3bf4e520f58f9714115af40e5f0aea00c48897de98483752f36d2
images/non-fire/val_000675_neg10.jpg,non-fire,26fdcadf1c75e4d59385f4bda16d9107fd4e8441021d74664950a8b186ef8ee1,f522865bdf3aadc338ee5b62b7b2a3b9cd8bd0e2b31ec4e1ee6f94a065575e2e
images/non-fire/val_000675_neg11.jpg,non-fire,ba81093b1bfa8e6e21022ffefca245d68ff9f028b919c3ca7f2ab9f74db2782c,b86428347b96c12f0d2223a4c90ca767f1d147edef9f74df739bffd504ff16c8
images/non-fire/val_000675_neg2.jpg,non-fire,c3be318fc5153a25444f13a819dc3a0c1d1d454ada5417bf53d6e6cb9b225824,a9268c99cb939fceded3ecc411494627e180e1015598d9fc78004a6e1b5d0bcb
images/non-fire/val_000675_neg3.jpg,non-fire,6b0cc9b4bdba62e4c74583b2f933d6c5ade0cca67221c5c63f487f23cee19522,4f599fa68c278fb427f618a7f4187cbeb932cd70e9f562292788100fb6908190
images/non-fire/val_000675_neg4.jpg,non-fire,58c1abdba55b617ae110ca3d046c3c0f0c8cdc5db64a98b8c17ca6f61f07e1b0,05ee1d12e75b3ed3c25994c36cb8ed3927055d535d91f70f2539a80f07473624
images/non-fire/val_000675_neg5.jpg,non-fire,d9f318683445db6457a70364b85fdac4f9748e1081bd59aea72fb2d3712f325c,43154a0cdede301e1452c37cfef57b3ef39c8e231b69c12db274ef582874f8b6
images/non-fire/val_000675_neg6.jpg,non-fire,d4e0f3d636dd5c13830b116d57839f8289d5df3769829a84f485e6f5bdd1b6e2,916c983912ed977cf17ca08e5302baba52835e3944dab5436f8a6b24fc65ae22
images/non-fire/val_000675_neg7.jpg,non-fire,bca4a371605c92e1acd28bacf35a6665cdca32485dfb7cb808206e4619a9a7d2,c026e13419df370f4582334c7fa7b68f5aec5542eceb7a6acf023b9c28f766b7
images/non-fire/val_000675_neg8.jpg,non-fire,2e73c29621a7a87656ba5a9895308f3d136b0996d4a258bdc975771fb051dc4b,f45164dbcabe99cfaf1a86d32f43d16e3de3c8e462ae056c522a01fe107abc13
images/non-fire/val_000675_neg9.jpg,non-fire,b39e9216ba77ddb1bf1987c748fa301c6517cd314c79b18000b19b7be418c30a,80abc406faf94be556466bad4e5a5a410fdad68148478221e9486e817b2adea3
images/non-fire/val_000680_neg0.jpg,non-fire,5a71c61f47e5f3e2a7d6ac3c7039d43998b9e1d43de61484141be4c85b9ff52a,52118bb08ffc5fa3a3c1b476cc345645ff23d8ca90d04a8eff25f4ac32f599f1
images/non-fire/val_000680_neg1.jpg,non-fire,61355716f55dcda4a400bef37c29f77ae9ea0eb9b58e82d0afc5b6ed43a08ae6,585397125f0863238463245a67a7c90c451ef9ec76aaa35453549b3193e1ede5
images/non-fire/val_000680_neg10.jpg,non-fire,b0cb4be4d86681b61621e1b7d4093c725f69167905e32da167e3acc6e10198df,b0b7e905787c1ff45dd0e4fb78154036c3baefbf2a01aee9f8af114990f4ec24
images/non-fire/val_000680_neg11.jpg,non-fire,e9a08c457e719ddba9d0bfd17030eeef7749479e60f9095f79d9015a6e4918b7,bb05b2bf19b2e22adef64831991c94c111bed37c18556d7a226a005bd13626e4
images/non-fire/val_000680_neg2.jpg,non-fire,d3472bb3d287f04eb5cdc0b3d832a59c389685dc0cca40db7966dcc0946bd896,ca0a80055a110cf78b8787c9fe70b9b5603f06171d80a79a782eeae31efedb29
images/non-fire/val_000680_neg3.jpg,non-fire,9268b186a5c69f1d509530db03d58547bb01ec1d12915701f80c13939090d7d8,e7cb96550a012d6bb01de5a604ede461ace20011180f1ad390c44b0279889f04
images/non-fire/val_000680_neg4.jpg,non-fire,da7215b377e6030a1aabcd43f7d4f98a3cdf2da70218b5d1e6c128d18c593cba,ad73a10fcfa8521488da100dfa3fc2c12df589d61c36f63d0f65cda577219d92
images/non-fire/val_000680_neg5.jpg,non-fire,0c8b20a20ea1cedf263850c8b4da78c8602b04a297269b418ac49f19c23720e4,2797caecee75ff81adc4874ce9c08e68053c9310eadf50c825d5ce90b134bd46
images/non-fire/val_000680_neg6.jpg,non-fire,61b3309a3cc821f7e8c56a6969b90d8a83976d7e6ab1bf2b282f6da349b29355,d7bdc5cd999793fb29e0039c3adf3f2f3e475a309e0963b03822fb950e1f5f8b
images/non-fire/val_000680_neg7.jpg,non-fire,aa3ce942e9c664f18d4704500f56748ef17b1ac5e67f5ba730a1a7dac74432d5,525bcac4205f459ebc6fe235e9e1930fdb185e4cb8730df6d1d4fb8da9fc1382
images/non-fire/val_000680_neg8.jpg,non-fire,c76d383c5a31a2f84a4799a86418a3bf8d3d5a3dcf855d995022dbd52a033147,f69d1e3ca89e0e55e01121d0fac41c06e4a70fc52906d7a57f44bdd3e846dbda
images/non-fire/val_000680_neg9.jpg,non-fire,f905a5e242124d53e1cc5cc932c8c753471a472daa257f16fa2d812d516ad21b,550be6c2e804f0b90fbf00fe0783265818de6bc31bd00e13a9f9c243bd4ed86a
images/non-fire/val_000683_neg0.jpg,non-fire,4733801bf41898a0e5f69462ba6481ec9224b773d2da35338134648659ccdadd,6785390afd30dd9251408ee65a6b1aef894c986971f7aef5f155a7773cb7ab44
images/non-fire/val_000683_neg1.jpg,non-fire,e17eea33082380c857b7ca0f4cea3c842c81c2330ff2d5873ef27f93f2b9fc9a,88f6c7c5cc4cc7e58e419df855a28808445954eff292e59944c13527e7ba1e1f
images/non-fire/val_000683_neg10.jpg,non-fire,589c2c20d192cfdf0a7857c4f3052f85de608fb732f29b494aa02bce8d80b90a,034d8d2185cd1e64107f7723d19bfc54d136fc137c8caa4a0dd02dcf49173789
images/non-fire/val_000683_neg11.jpg,non-fire,374b61de99be9d43a33aa2ddd9e7556a8543ac84d21bf883c6588baa49db23e5,24989b36900b73e5c60b014636bc86d8d8231a4ef6c703ebaab0084ed35a4772
images/non-fire/val_000683_neg2.jpg,non-fire,5bd432f112e20725f1e85c32555e6c137c4d9ecd3dd5b5ddc859e0922c1378a9,e5df3acdaab95bc0937e1e029f4647c77ab544151c2f31faf7405814e611bb13
images/non-fire/val_000683_neg3.jpg,non-fire,bef5d27c70b13b5c4b9f7e82df8eeecaf3c6bb533859973463e0bd9088418e64,81a71835c5504bb5303441639fa248b64918118265090e93a177a3c736d544ba
images/non-fire/val_000683_neg4.jpg,non-fire,a00a7d38a46eb127b78ba9fdbedada184c29a17c2cdf591561c3e4b21fcc3311,0563b44e629f3a8c058ed4c7cb59bbda753fa6f8d946ee7619520b356183300b
images/non-fire/val_000683_neg5.jpg,non-fire,23a8b959bda373185f08ab0f71675010106c9d518fae16e82d5b342d30bfdd62,7d0b44ce5ba8c7b53de7d4d31ab0f0f7aca2065395393b0b1b802239576bb78b
images/non-fire/val_000683_neg6.jpg,non-fire,aeb56935128a46576f4a190a485c81aba3cc607e7d35cad7a7c9404ada43a1b9,bd8d9f88a59b14dbb9480ea71f4ce00fe74c90ccfb6934a67aabadc2d34640a2
images/non-fire/val_000683_neg7.jpg,non-fire,79b91a324aacbb52d60aa2cefbbb42f83d24f97daffd8ddbd00b55c86854abce,77dbde7d2b1b0856cf2a6c28238711b9244b7b5e772805cf9fc66c5fe6bcb90e
images/non-fire/val_000683_neg8.jpg,non-fire,37a7b56410ba9e4b6e25aacabd28c07e692b851e45e366b14fae61106616cbfa,3d84f9ab5a9af1931bd19d6e8a5e6d48ad274dccbe85ddc6e705460925d97f60
images/non-fire/val_000683_neg9.jpg,non-fire,b38fcb1674d4b35ad705f863a303633b1e91511de1cd4d3c0cfd65249143ddbf,88dcbf1f36881d7840461d962b824caf7fc8c0b40472272a04f59362176b82bb
images/non-fire/val_000693_neg0.jpg,non-fire,4a59154e25fc55d1071db546721e0d6a3ed8ca3ff37c5c53a32dfb609d472c85,ee12e2e1ee9b5943c57b55b6f8fd52d69a0f8dafa7fbd800ad8b87ffa4970eb9
images/non-fire/val_000693_neg1.jpg,non-fire,0eb21d0631a0ecbbee4a899cb22448a002fbdc7b89fa92d6f7e3e657e38a429d,8b270ae8e70bd95a47f2f56d999a5e399cf9b3bdf7c75be1e78ef4822a2a3ff7
images/non-fire/val_000693_neg10.jpg,non-fire,a18c5feb7101db10c0b624017a22fbf67f2f8aed33b8f51cdced4fbdb35b459d,50ddf0be3383631226a82d50600aec77b0d28a29e4ce565b57b8b1a4dcb84714
images/non-fire/val_000693_neg11.jpg,non-fire,199e0edde0a08cd09148746246fedcf38223cbcf86b84a98da904bd92d1e55ee,2c74ddabc94bc8f32641bd0e5b860d3dc3ee59ebfb1328de016589c6c5c12e6c
images/non-fire/val_000693_neg2.jpg,non-fire,eaac06727995a2ef5957548e1371897f327049ffc879027b40dfe5f03c608edc,7e6d158723fefa0c9ad5c8e8e10144e7d09fc7bb97d0cb74fcfb39aab5fcb0a9
images/non-fire/val_000693_neg3.jpg,non-fire,4b790894c734245b51bc0cf0a2a893677a3855ded63ecd6407c0d6633b34665c,cf18ee402e6e8b715d77af8ea4c586d8ece3f44b2d399c0c852ec976220d83bd
images/non-fire/val_000693_neg4.jpg,non-fire,0a7e165633b4208a3f6067c6a94baf8ab82e2d49a751b172821314a11fdd59ab,091fe33fab41e2d9d2f339a4d86cfe529b69e49556073da7b56ff2e458944b4e
images/non-fire/val_000693_neg5.jpg,non-fire,227f97bda05bd9628543c66504643abe2125efbfaf30c78710df3f2df84ff89c,f8b76706610f38845720118d1afa3dc602e8b36215f4871590ff19dbc52a843a
images/non-fire/val_000693_neg6.jpg,non-fire,0d160ee3c99a98ae10afd44f74e6875a9ee25ace10de7aecef76c1d0de19130b,8000b1d36ca7c59824767cddb7be296542642cf63e00cdd092a842c30105249d
images/non-fire/val_000693_neg7.jpg,non-fire,f9896f58c0676500a8e9cb51ac069dc329c3ba48e62169b76ba1557d764c4395,ccf6e61e7fab285c20c6c2caea51f5886e73a73bb7388fd5e6a7d1a07f890d62
images/non-fire/val_000693_neg8.jpg,non-fire,05cfd332e7a679811fc62fd1780e15eb397a4d20ce64c5c5013facc0ab37c788,72e6e806bd08323b9e3b1ab09ac3832c914645658167629d036e6c5242591555
images/non-fire/val_000693_neg9.jpg,non-fire,5b0a0b5b4265a980bfdb79791a0d7b3a1afc3252f906934d7b015367e8124f29,933e33fca923040e9658e275ed524b7fff8d53dd8a690bab815b6d1fb8823442
images/non-fire/val_000697_neg0.jpg,non-fire,541e20db380864209de0d4ae63eb448faa882be015df85d1eb2913766cb33946,1c4c9bc1df29cf3848eedc104bd08aea88539d09159b3af78910b02273dfd4b8
images/non-fire/val_000697_neg1.jpg,non-fire,392ac1b077d23436a77b9457621244f9f23ba8f5e18f3cf5ed3634803dd7d26e,b45136d26a22df6e6bba89f88a0e366787beb0d6ab4f7d09d6785415a7447497
images/non-fire/val_000697_neg10.jpg,non-fire,e6f6062274637a202b57ab8420cb3dfce20bd82896eca5581b8b21f8662c0dc5,4639c9614527325e859d80ba00d09903936b14b78cb98b9e22ebd42e1dec111c
images/non-fire/val_000697_neg11.jpg,non-fire,60619df402384858f4271c73f8dbeda00370d23cad5d5f1f6a915cba083442dc,25ab616538940a73bfc18eae099b78d5005af929107512d72aff78c05000af19
images/non-fire/val_000697_neg3.jpg,non-fire,4680502c1417beacdb875125bde251a78858ca5929777f1cd980f26dd438968e,926186c7e25fcf938d0a2bb50693ebc46c47eed882470e38fc0a563a293b4147
images/non-fire/val_000697_neg5.jpg,non-fire,18cf6c5afc7e46ee169e506c58e3e84c6e8c3160d76f88519fd5e9583f699f9a,b4ba67283442dcaa972a8c6ee6c73637459a16192d54070f822c4fe254c8dac2
images/non-fire/val_000697_neg6.jpg,non-fire,8281ac539811b304e44f17e112119d529d234ee9d713af54f0255b527cf51df9,2decbd64f351e7b047d382f2f81d7b5f941e7a87557dcbb9d637f79fbb395482
images/non-fire/val_000697_neg8.jpg,non-fire,ebe57a269b67e4b29ccde5369d571d07a8fac49fb3ed55bc34a02fecd46c1add,23020994c84e8502099fa2b5eba523aa5a3b7d510c3ed31f14ab221eece3319c
images/non-fire/val_000697_neg9.jpg,non-fire,884ab9e1478285a97a173d36c06d38d829f939809fafbb02966e7ab5f3f0eb22,1d5871fb5d804176fbe237042c074fab4aacbb46a061c300001862a4365df11b
images/non-fire/val_000699_neg0.jpg,non-fire,c7e385df69728e9bed31ed90f350c1b9fa593aaee9265cd94fae8facf037c82f,d47f93576a618ad2147a9447b34a242e5653e618efe5286157eb94af7c9bbf66
images/non-fire/val_000699_neg1.jpg,non-fire,e3652e416c69ffada2fc0e56707e00971683f56fd62c49416b46699be82e48b4,e7b89d448c7965a5936cf7ac0f6cefa045ac8578fbd520233a25cef15eda6053
images/non-fire/val_000699_neg11.jpg,non-fire,d4dfdbf2e35f7c3af343cac990ed8a9f53436eda4f87fb43110dc080f04e50cd,2f0e88bfe00de73aaa9a6babaf19767a1e02a9e7b8013204b3d87b8dbe18986c
images/non-fire/val_000699_neg2.jpg,non-fire,649144a4b96813b51eb61bfc89296cd0d15e2d6c7a5c5c7e14b615f132bbc9c4,95e5667641169e7ff230830068b5c73f0082611b0269d8d66bf103bc29ab5339
images/non-fire/val_000699_neg3.jpg,non-fire,f41f87c40ac98ebc0c54b8b3e2f39abbece20d427099f0aeedf9db346e76ba9a,33cbc727af5512933640781e5742007e5406ab584b7dda1176beca6a7a65f5e3
images/non-fire/val_000699_neg4.jpg,non-fire,929ae06a5e135b9db13dbf9e12b235867e71f80bdd20567475845257f1a501de,3657ec415f6f590c52668f820a4659005cd758a075f4e44897ca92b926b1111d
images/non-fire/val_000699_neg5.jpg,non-fire,885878f1b78e4183937464e5321c20caf2b83962cc83de45154cc2a3bbf0125c,053716bdbb82bb9f68d3cf42e76d5c4debbc2518f7ee86bcbf612334be7305bc
images/non-fire/val_000699_neg6.jpg,non-fire,a93442fe5c6c7628f91f5ca6f62ef04a4fc17ce80d82d674a812858909573a6d,89034b561e992b26a94433d22972390648d8073c96e02f61368d92bdd7c6115b
images/non-fire/val_000699_neg7.jpg,non-fire,4c167abfaf1fd9f4b69e702ca681c0fecb23af1d8aa7105c59de8a1986683dbe,b603f17c548ea4518e1630531c16c063d3e0baad3d03fcaef15f7775fdbc9560
images/non-fire/val_000699_neg8.jpg,non-fire,05b290a61e38a6ba861202d7ade542d1b667cc6b140390475daa21ba1850d650,efb04df8dd487bc189c0e54a882485d5b359eb18d6b27193f9cb118af82a5ae6
images/non-fire/val_000699_neg9.jpg,non-fire,60bfe33c0d2a018c57d43c6d3103d497c8c0bc42f2ef84fbd206c6a145446e26,1a3d727a7ae146f2ff16f0bcf866331794a5696920fb357aeef534cccbebaa0c
images/non-fire/val_000700_neg0.jpg,non-fire,6a184547024b0c3fc99833a802dbceab951375a60c46aa4549af3bd7676c165e,18a268655291e12812f93f8ffa5c98c346e34a6657e54d30a79221710115d135
images/non-fire/val_000700_neg1.jpg,non-fire,753817f21b588859fc435651075d5518ecc4cc91f9846411fdaa80099d07f904,49377dd50950dc386baf4d95813fee392206735a53167b0d96dcaa4da951552b
images/non-fire/val_000700_neg10.jpg,non-fire,def6f113b8144dd2f4a53e89be97dc92a58b0fb6492ad0827a84a5588b3affa6,54bb5526ee53a03a5869af6c41b8c076c4654c5a435c2810bb0415490beb7db6
images/non-fire/val_000700_neg2.jpg,non-fire,966c87f40b135b3ad4d92a253657039a05eeac5e7c80210217cf1b6be2bcd86b,91dbdfa0a680a489b79332946389d62f9502bc686407c87c9b27e16f190adeeb
images/non-fire/val_000700_neg3.jpg,non-fire,eb6b4bf30c5eab437a7700b7f6bb328370c20e94dc1f171e59484457537d7ca9,636b47c0f29536cb4f8c49f62dad8a04be860754884c397fbb48ac09118bce1b
images/non-fire/val_000700_neg4.jpg,non-fire,e7ead0fb3e236c0556739f65e0382438b63bc8d9a9f7887b5505146a1fb14a2f,b22233daf83a801558bf5fd9b616193f4fd399ee3add340a665256917fa0d143
images/non-fire/val_000700_neg5.jpg,non-fire,0b1963a7686b714c6fb0368e38e81455eaaf671efb19350e9ee401fcdc1f6b93,9aeaacabbf5a8c6a5f3cffb5fea507191f98788cbad4c74baf2e73fabd47c9c2
images/non-fire/val_000700_neg6.jpg,non-fire,f99ef884771e95fe7a8e6a1bbda422b6dc20685ce8a6f2420b0157a4af2e6847,17b81f74006cdcbff398d21153fb30fd4f0303f788939ab6546ae0e7f48eb3e8
images/non-fire/val_000700_neg7.jpg,non-fire,09b5681fc9901aa79e8c27c43a43e64a130a5d0ab085e9172ab2c7264f3124d3,aa00df43d61bc545c209d1d089969e3ae2749dc7bab09e0a493f442ee6474c33
images/non-fire/val_000700_neg8.jpg,non-fire,5a9b85ccfb7d9525dd8d1c432577e8c294a9e7045538c25e4314c742d2688f8e,dca49fe98b3ac608eaf74cd4169b635bf1474181e6bf918b043f2710266a5cfa
images/non-fire/val_000700_neg9.jpg,non-fire,39c76ad3e4d79986df43bea20c67f5b3da793da6becc467265b9a2fcd5230931,c957e18dcc15ed4739fdd8b98fc3c546fe106c8f34061eea56232b67457fe170
images/non-fire/val_000702_neg0.jpg,non-fire,e4ca5ff593073eaf31cb7c98d0bc87e4d3b5c534244c0b0f345fe88bd257c571,08f8550699fc8890463f2cef80e304b3797f11dd0f8017dd760c524b9928671f
