train_000001	train_000001	train	train	fire	fire/train_000001_box0_0.jpg
train_000001	train_000001	train	train	non_fire	non-fire/train_000001_neg0.jpg
train_000001	train_000001	train	train	non_fire	non-fire/train_000001_neg6.jpg
train_000001	train_000001	train	train	non_fire	non-fire/train_000001_neg7.jpg
train_000001	train_000001	train	train	non_fire	non-fire/train_000001_neg8.jpg
train_000001	train_000001	train	train	non_fire	non-fire/train_000001_neg9.jpg
train_000002	train_000002	val	val	fire	fire/train_000002_box0_0.jpg
train_000002	train_000002	val	val	fire	fire/train_000002_box1_0.jpg
train_000002	train_000002	val	val	non_fire	non-fire/train_000002_neg11.jpg
train_000002	train_000002	val	val	non_fire	non-fire/train_000002_neg3.jpg
train_000002	train_000002	val	val	non_fire	non-fire/train_000002_neg5.jpg
train_000002	train_000002	val	val	non_fire	non-fire/train_000002_neg7.jpg
train_000002	train_000002	val	val	non_fire	non-fire/train_000002_neg8.jpg
train_000003	train_000003	val	val	fire	fire/train_000003_box0_0.jpg
train_000003	train_000003	val	val	fire	fire/train_000003_box1_0.jpg
train_000003	train_000003	val	val	fire	fire/train_000003_box2_0.jpg
train_000003	train_000003	val	val	fire	fire/train_000003_box3_0.jpg
train_000003	train_000003	val	val	non_fire	non-fire/train_000003_neg1.jpg
train_000003	train_000003	val	val	non_fire	non-fire/train_000003_neg11.jpg
train_000003	train_000003	val	val	non_fire	non-fire/train_000003_neg2.jpg
train_000003	train_000003	val	val	non_fire	non-fire/train_000003_neg3.jpg
train_000003	train_000003	val	val	non_fire	non-fire/train_000003_neg4.jpg
train_000003	train_000003	val	val	non_fire	non-fire/train_000003_neg5.jpg
train_000003	train_000003	val	val	non_fire	non-fire/train_000003_neg6.jpg
train_000003	train_000003	val	val	non_fire	non-fire/train_000003_neg9.jpg
train_000004	train_000004	test	test	fire	fire/train_000004_box0_0.jpg
train_000004	train_000004	test	test	fire	fire/train_000004_box1_0.jpg
train_000004	train_000004	test	test	non_fire	non-fire/train_000004_neg0.jpg
train_000004	train_000004	test	test	non_fire	non-fire/train_000004_neg11.jpg
train_000004	train_000004	test	test	non_fire	non-fire/train_000004_neg2.jpg
train_000004	train_000004	test	test	non_fire	non-fire/train_000004_neg3.jpg
train_000004	train_000004	test	test	non_fire	non-fire/train_000004_neg4.jpg
train_000004	train_000004	test	test	non_fire	non-fire/train_000004_neg5.jpg
train_000004	train_000004	test	test	non_fire	non-fire/train_000004_neg6.jpg
train_000004	train_000004	test	test	non_fire	non-fire/train_000004_neg9.jpg
train_000005	train_000005	test	test	fire	fire/train_000005_box0_0.jpg
train_000005	train_000005	test	test	fire	fire/train_000005_box1_0.jpg
train_000005	train_000005	test	test	fire	fire/train_000005_box2_0.jpg
train_000005	train_000005	test	test	non_fire	non-fire/train_000005_neg1.jpg
train_000005	train_000005	test	test	non_fire	non-fire/train_000005_neg3.jpg
train_000005	train_000005	test	test	non_fire	non-fire/train_000005_neg4.jpg
train_000005	train_000005	test	test	non_fire	non-fire/train_000005_neg5.jpg
train_000005	train_000005	test	test	non_fire	non-fire/train_000005_neg6.jpg
train_000005	train_000005	test	test	non_fire	non-fire/train_000005_neg7.jpg
train_000005	train_000005	test	test	non_fire	non-fire/train_000005_neg8.jpg
train_000005	train_000005	test	test	non_fire	non-fire/train_000005_neg9.jpg
train_000006	train_000006	train	train	fire	fire/train_000006_box0_0.jpg
train_000006	train_000006	train	train	fire	fire/train_000006_box1_0.jpg
train_000006	train_000006	train	train	non_fire	non-fire/train_000006_neg0.jpg
train_000007	train_000007	test	test	fire	fire/train_000007_box0_0.jpg
train_000008	train_000008	val	val	fire	fire/train_000008_box0_0.jpg
train_000008	train_000008	val	val	fire	fire/train_000008_box1_0.jpg
train_000008	train_000008	val	val	fire	fire/train_000008_box2_0.jpg
train_000008	train_000008	val	val	fire	fire/train_000008_box3_0.jpg
train_000008	train_000008	val	val	non_fire	non-fire/train_000008_neg11.jpg
train_000010	train_000010	train	train	fire	fire/train_000010_box0_0.jpg
train_000010	train_000010	train	train	fire	fire/train_000010_box1_0.jpg
train_000011	train_000011	train	train	fire	fire/train_000011_box0_0.jpg
train_000012	train_000012	train	train	fire	fire/train_000012_box0_0.jpg
train_000012	train_000012	train	train	fire	fire/train_000012_box1_0.jpg
train_000013	train_000013	train	train	fire	fire/train_000013_box0_0.jpg
train_000013	train_000013	train	train	non_fire	non-fire/train_000013_neg0.jpg
train_000013	train_000013	train	train	non_fire	non-fire/train_000013_neg1.jpg
train_000013	train_000013	train	train	non_fire	non-fire/train_000013_neg10.jpg
train_000013	train_000013	train	train	non_fire	non-fire/train_000013_neg11.jpg
train_000013	train_000013	train	train	non_fire	non-fire/train_000013_neg2.jpg
train_000013	train_000013	train	train	non_fire	non-fire/train_000013_neg3.jpg
train_000013	train_000013	train	train	non_fire	non-fire/train_000013_neg4.jpg
train_000013	train_000013	train	train	non_fire	non-fire/train_000013_neg5.jpg
train_000013	train_000013	train	train	non_fire	non-fire/train_000013_neg6.jpg
train_000013	train_000013	train	train	non_fire	non-fire/train_000013_neg7.jpg
train_000013	train_000013	train	train	non_fire	non-fire/train_000013_neg8.jpg
train_000013	train_000013	train	train	non_fire	non-fire/train_000013_neg9.jpg
train_000016	train_000016	train	train	fire	fire/train_000016_box0_0.jpg
train_000017	train_000017	train	train	fire	fire/train_000017_box0_0.jpg
train_000017	train_000017	train	train	fire	fire/train_000017_box1_0.jpg
train_000019	train_000019	train	train	fire	fire/train_000019_box0_0.jpg
train_000020	train_000020	train	train	fire	fire/train_000020_box0_0.jpg
train_000022	train_000022	train	train	fire	fire/train_000022_box0_0.jpg
train_000023	train_000023	train	train	fire	fire/train_000023_box0_0.jpg
train_000023	train_000023	train	train	non_fire	non-fire/train_000023_neg1.jpg
train_000023	train_000023	train	train	non_fire	non-fire/train_000023_neg3.jpg
train_000023	train_000023	train	train	non_fire	non-fire/train_000023_neg5.jpg
train_000023	train_000023	train	train	non_fire	non-fire/train_000023_neg6.jpg
train_000023	train_000023	train	train	non_fire	non-fire/train_000023_neg9.jpg
train_000026	train_000026	train	train	fire	fire/train_000026_box0_0.jpg
train_000027	train_000027	train	train	fire	fire/train_000027_box0_0.jpg
train_000027	train_000027	train	train	fire	fire/train_000027_box1_0.jpg
train_000028	train_000028	train	train	fire	fire/train_000028_box0_0.jpg
train_000028	train_000028	train	train	fire	fire/train_000028_box1_0.jpg
train_000028	train_000028	train	train	non_fire	non-fire/train_000028_neg0.jpg
train_000028	train_000028	train	train	non_fire	non-fire/train_000028_neg10.jpg
train_000028	train_000028	train	train	non_fire	non-fire/train_000028_neg3.jpg
train_000028	train_000028	train	train	non_fire	non-fire/train_000028_neg5.jpg
train_000028	train_000028	train	train	non_fire	non-fire/train_000028_neg6.jpg
train_000028	train_000028	train	train	non_fire	non-fire/train_000028_neg8.jpg
train_000028	train_000028	train	train	non_fire	non-fire/train_000028_neg9.jpg
train_000029	train_000029	val	val	fire	fire/train_000029_box0_0.jpg
train_000029	train_000029	val	val	fire	fire/train_000029_box1_0.jpg
train_000029	train_000029	val	val	fire	fire/train_000029_box2_0.jpg
train_000029	train_000029	val	val	fire	fire/train_000029_box3_0.jpg
train_000030	train_000030	train	train	fire	fire/train_000030_box0_0.jpg
train_000030	train_000030	train	train	non_fire	non-fire/train_000030_neg0.jpg
train_000030	train_000030	train	train	non_fire	non-fire/train_000030_neg1.jpg
train_000030	train_000030	train	train	non_fire	non-fire/train_000030_neg10.jpg
train_000030	train_000030	train	train	non_fire	non-fire/train_000030_neg11.jpg
train_000030	train_000030	train	train	non_fire	non-fire/train_000030_neg2.jpg
train_000030	train_000030	train	train	non_fire	non-fire/train_000030_neg3.jpg
train_000030	train_000030	train	train	non_fire	non-fire/train_000030_neg4.jpg
train_000030	train_000030	train	train	non_fire	non-fire/train_000030_neg5.jpg
train_000030	train_000030	train	train	non_fire	non-fire/train_000030_neg6.jpg
train_000030	train_000030	train	train	non_fire	non-fire/train_000030_neg9.jpg
train_000031	train_000031	train	train	fire	fire/train_000031_box0_0.jpg
train_000032	train_000032	train	train	fire	fire/train_000032_box0_0.jpg
merged_a0d2943cbe6f	train_000033	train	train	fire	fire/train_000033_box0_0.jpg
train_000034	train_000034	train	train	fire	fire/train_000034_box0_0.jpg
train_000034	train_000034	train	train	fire	fire/train_000034_box1_0.jpg
train_000036	train_000036	train	train	fire	fire/train_000036_box0_0.jpg
train_000036	train_000036	train	train	non_fire	non-fire/train_000036_neg1.jpg
train_000036	train_000036	train	train	non_fire	non-fire/train_000036_neg10.jpg
train_000036	train_000036	train	train	non_fire	non-fire/train_000036_neg11.jpg
train_000036	train_000036	train	train	non_fire	non-fire/train_000036_neg2.jpg
train_000036	train_000036	train	train	non_fire	non-fire/train_000036_neg3.jpg
train_000036	train_000036	train	train	non_fire	non-fire/train_000036_neg8.jpg
train_000036	train_000036	train	train	non_fire	non-fire/train_000036_neg9.jpg
train_000037	train_000037	train	train	fire	fire/train_000037_box0_0.jpg
train_000038	train_000038	train	train	fire	fire/train_000038_box0_0.jpg
train_000038	train_000038	train	train	non_fire	non-fire/train_000038_neg0.jpg
train_000039	train_000039	train	train	fire	fire/train_000039_box0_0.jpg
train_000039	train_000039	train	train	fire	fire/train_000039_box1_0.jpg
train_000040	train_000040	test	test	fire	fire/train_000040_box0_0.jpg
train_000040	train_000040	test	test	fire	fire/train_000040_box1_0.jpg
train_000040	train_000040	test	test	fire	fire/train_000040_box2_0.jpg
train_000040	train_000040	test	test	non_fire	non-fire/train_000040_neg0.jpg
train_000040	train_000040	test	test	non_fire	non-fire/train_000040_neg1.jpg
train_000041	train_000041	train	train	fire	fire/train_000041_box0_0.jpg
merged_bc60e5d3ff9c	train_000042	train	train	fire	fire/train_000042_box0_0.jpg
train_000044	train_000044	train	train	fire	fire/train_000044_box0_0.jpg
train_000044	train_000044	train	train	fire	fire/train_000044_box1_0.jpg
train_000045	train_000045	train	train	fire	fire/train_000045_box0_0.jpg
train_000046	train_000046	train	train	fire	fire/train_000046_box0_0.jpg
train_000046	train_000046	train	train	fire	fire/train_000046_box1_0.jpg
train_000047	train_000047	train	train	fire	fire/train_000047_box0_0.jpg
train_000048	train_000048	train	train	fire	fire/train_000048_box0_0.jpg
train_000049	train_000049	test	test	fire	fire/train_000049_box0_0.jpg
train_000052	train_000052	train	train	fire	fire/train_000052_box0_0.jpg
train_000053	train_000053	train	train	fire	fire/train_000053_box0_0.jpg
train_000054	train_000054	train	train	fire	fire/train_000054_box0_0.jpg
train_000054	train_000054	train	train	fire	fire/train_000054_box1_0.jpg
train_000055	train_000055	train	train	fire	fire/train_000055_box0_0.jpg
train_000056	train_000056	train	train	fire	fire/train_000056_box0_0.jpg
train_000057	train_000057	train	train	fire	fire/train_000057_box0_0.jpg
train_000061	train_000061	val	val	fire	fire/train_000061_box0_0.jpg
train_000061	train_000061	val	val	fire	fire/train_000061_box1_0.jpg
train_000061	train_000061	val	val	fire	fire/train_000061_box3_0.jpg
train_000061	train_000061	val	val	fire	fire/train_000061_box4_0.jpg
train_000061	train_000061	val	val	non_fire	non-fire/train_000061_neg11.jpg
train_000062	train_000062	train	train	fire	fire/train_000062_box0_0.jpg
train_000062	train_000062	train	train	fire	fire/train_000062_box1_0.jpg
train_000063	train_000063	train	train	fire	fire/train_000063_box0_0.jpg
train_000063	train_000063	train	train	non_fire	non-fire/train_000063_neg11.jpg
train_000064	train_000064	train	train	fire	fire/train_000064_box0_0.jpg
train_000064	train_000064	train	train	non_fire	non-fire/train_000064_neg0.jpg
train_000064	train_000064	train	train	non_fire	non-fire/train_000064_neg1.jpg
train_000064	train_000064	train	train	non_fire	non-fire/train_000064_neg10.jpg
train_000064	train_000064	train	train	non_fire	non-fire/train_000064_neg2.jpg
train_000064	train_000064	train	train	non_fire	non-fire/train_000064_neg3.jpg
train_000064	train_000064	train	train	non_fire	non-fire/train_000064_neg6.jpg
train_000064	train_000064	train	train	non_fire	non-fire/train_000064_neg7.jpg
train_000064	train_000064	train	train	non_fire	non-fire/train_000064_neg8.jpg
train_000064	train_000064	train	train	non_fire	non-fire/train_000064_neg9.jpg
train_000065	train_000065	train	train	fire	fire/train_000065_box0_0.jpg
train_000066	train_000066	train	train	fire	fire/train_000066_box0_0.jpg
train_000066	train_000066	train	train	non_fire	non-fire/train_000066_neg0.jpg
train_000066	train_000066	train	train	non_fire	non-fire/train_000066_neg1.jpg
train_000066	train_000066	train	train	non_fire	non-fire/train_000066_neg10.jpg
train_000066	train_000066	train	train	non_fire	non-fire/train_000066_neg11.jpg
train_000066	train_000066	train	train	non_fire	non-fire/train_000066_neg2.jpg
train_000066	train_000066	train	train	non_fire	non-fire/train_000066_neg3.jpg
train_000066	train_000066	train	train	non_fire	non-fire/train_000066_neg4.jpg
train_000066	train_000066	train	train	non_fire	non-fire/train_000066_neg5.jpg
train_000066	train_000066	train	train	non_fire	non-fire/train_000066_neg6.jpg
train_000066	train_000066	train	train	non_fire	non-fire/train_000066_neg7.jpg
train_000066	train_000066	train	train	non_fire	non-fire/train_000066_neg8.jpg
train_000066	train_000066	train	train	non_fire	non-fire/train_000066_neg9.jpg
train_000067	train_000067	train	train	fire	fire/train_000067_box0_0.jpg
train_000067	train_000067	train	train	non_fire	non-fire/train_000067_neg0.jpg
train_000067	train_000067	train	train	non_fire	non-fire/train_000067_neg1.jpg
train_000067	train_000067	train	train	non_fire	non-fire/train_000067_neg10.jpg
train_000067	train_000067	train	train	non_fire	non-fire/train_000067_neg11.jpg
train_000067	train_000067	train	train	non_fire	non-fire/train_000067_neg2.jpg
train_000067	train_000067	train	train	non_fire	non-fire/train_000067_neg3.jpg
train_000067	train_000067	train	train	non_fire	non-fire/train_000067_neg4.jpg
train_000067	train_000067	train	train	non_fire	non-fire/train_000067_neg5.jpg
train_000067	train_000067	train	train	non_fire	non-fire/train_000067_neg6.jpg
train_000067	train_000067	train	train	non_fire	non-fire/train_000067_neg7.jpg
train_000067	train_000067	train	train	non_fire	non-fire/train_000067_neg8.jpg
train_000067	train_000067	train	train	non_fire	non-fire/train_000067_neg9.jpg
train_000068	train_000068	val	val	fire	fire/train_000068_box0_0.jpg
train_000068	train_000068	val	val	fire	fire/train_000068_box1_0.jpg
train_000068	train_000068	val	val	fire	fire/train_000068_box2_0.jpg
train_000068	train_000068	val	val	fire	fire/train_000068_box3_0.jpg
train_000069	train_000069	test	test	fire	fire/train_000069_box0_0.jpg
train_000069	train_000069	test	test	fire	fire/train_000069_box1_0.jpg
train_000069	train_000069	test	test	fire	fire/train_000069_box2_0.jpg
train_000069	train_000069	test	test	fire	fire/train_000069_box3_0.jpg
train_000069	train_000069	test	test	non_fire	non-fire/train_000069_neg11.jpg
train_000070	train_000070	val	val	fire	fire/train_000070_box0_0.jpg
train_000070	train_000070	val	val	fire	fire/train_000070_box1_0.jpg
train_000070	train_000070	val	val	fire	fire/train_000070_box2_0.jpg
train_000070	train_000070	val	val	non_fire	non-fire/train_000070_neg0.jpg
train_000070	train_000070	val	val	non_fire	non-fire/train_000070_neg1.jpg
train_000070	train_000070	val	val	non_fire	non-fire/train_000070_neg10.jpg
train_000070	train_000070	val	val	non_fire	non-fire/train_000070_neg11.jpg
train_000070	train_000070	val	val	non_fire	non-fire/train_000070_neg2.jpg
train_000070	train_000070	val	val	non_fire	non-fire/train_000070_neg3.jpg
train_000070	train_000070	val	val	non_fire	non-fire/train_000070_neg4.jpg
train_000070	train_000070	val	val	non_fire	non-fire/train_000070_neg5.jpg
train_000070	train_000070	val	val	non_fire	non-fire/train_000070_neg6.jpg
train_000070	train_000070	val	val	non_fire	non-fire/train_000070_neg7.jpg
train_000070	train_000070	val	val	non_fire	non-fire/train_000070_neg8.jpg
train_000070	train_000070	val	val	non_fire	non-fire/train_000070_neg9.jpg
train_000071	train_000071	train	train	fire	fire/train_000071_box0_0.jpg
train_000071	train_000071	train	train	non_fire	non-fire/train_000071_neg0.jpg
train_000071	train_000071	train	train	non_fire	non-fire/train_000071_neg5.jpg
train_000071	train_000071	train	train	non_fire	non-fire/train_000071_neg8.jpg
train_000071	train_000071	train	train	non_fire	non-fire/train_000071_neg9.jpg
train_000072	train_000072	train	train	fire	fire/train_000072_box0_0.jpg
train_000072	train_000072	train	train	non_fire	non-fire/train_000072_neg0.jpg
train_000072	train_000072	train	train	non_fire	non-fire/train_000072_neg9.jpg
train_000073	train_000073	train	train	fire	fire/train_000073_box0_0.jpg
train_000073	train_000073	train	train	non_fire	non-fire/train_000073_neg0.jpg
train_000073	train_000073	train	train	non_fire	non-fire/train_000073_neg1.jpg
train_000073	train_000073	train	train	non_fire	non-fire/train_000073_neg10.jpg
train_000073	train_000073	train	train	non_fire	non-fire/train_000073_neg11.jpg
train_000073	train_000073	train	train	non_fire	non-fire/train_000073_neg2.jpg
train_000073	train_000073	train	train	non_fire	non-fire/train_000073_neg3.jpg
train_000073	train_000073	train	train	non_fire	non-fire/train_000073_neg4.jpg
train_000073	train_000073	train	train	non_fire	non-fire/train_000073_neg5.jpg
train_000073	train_000073	train	train	non_fire	non-fire/train_000073_neg6.jpg
train_000073	train_000073	train	train	non_fire	non-fire/train_000073_neg7.jpg
train_000073	train_000073	train	train	non_fire	non-fire/train_000073_neg8.jpg
train_000073	train_000073	train	train	non_fire	non-fire/train_000073_neg9.jpg
train_000074	train_000074	train	train	fire	fire/train_000074_box0_0.jpg
train_000075	train_000075	val	val	fire	fire/train_000075_box0_0.jpg
train_000075	train_000075	val	val	fire	fire/train_000075_box1_0.jpg
train_000075	train_000075	val	val	fire	fire/train_000075_box2_0.jpg
train_000075	train_000075	val	val	fire	fire/train_000075_box3_0.jpg
train_000076	train_000076	train	train	fire	fire/train_000076_box0_0.jpg
train_000078	train_000078	train	train	fire	fire/train_000078_box0_0.jpg
train_000079	train_000079	train	train	fire	fire/train_000079_box0_0.jpg
train_000079	train_000079	train	train	non_fire	non-fire/train_000079_neg0.jpg
train_000079	train_000079	train	train	non_fire	non-fire/train_000079_neg1.jpg
train_000079	train_000079	train	train	non_fire	non-fire/train_000079_neg10.jpg
train_000079	train_000079	train	train	non_fire	non-fire/train_000079_neg11.jpg
train_000079	train_000079	train	train	non_fire	non-fire/train_000079_neg2.jpg
train_000079	train_000079	train	train	non_fire	non-fire/train_000079_neg3.jpg
train_000079	train_000079	train	train	non_fire	non-fire/train_000079_neg4.jpg
train_000079	train_000079	train	train	non_fire	non-fire/train_000079_neg5.jpg
train_000079	train_000079	train	train	non_fire	non-fire/train_000079_neg6.jpg
train_000079	train_000079	train	train	non_fire	non-fire/train_000079_neg7.jpg
train_000079	train_000079	train	train	non_fire	non-fire/train_000079_neg8.jpg
train_000079	train_000079	train	train	non_fire	non-fire/train_000079_neg9.jpg
train_000080	train_000080	train	train	fire	fire/train_000080_box0_0.jpg
train_000083	train_000083	train	train	fire	fire/train_000083_box0_0.jpg
train_000084	train_000084	test	test	fire	fire/train_000084_box0_0.jpg
train_000084	train_000084	test	test	non_fire	non-fire/train_000084_neg0.jpg
train_000084	train_000084	test	test	non_fire	non-fire/train_000084_neg1.jpg
train_000084	train_000084	test	test	non_fire	non-fire/train_000084_neg10.jpg
train_000084	train_000084	test	test	non_fire	non-fire/train_000084_neg11.jpg
train_000084	train_000084	test	test	non_fire	non-fire/train_000084_neg2.jpg
train_000084	train_000084	test	test	non_fire	non-fire/train_000084_neg3.jpg
train_000084	train_000084	test	test	non_fire	non-fire/train_000084_neg4.jpg
train_000084	train_000084	test	test	non_fire	non-fire/train_000084_neg5.jpg
train_000084	train_000084	test	test	non_fire	non-fire/train_000084_neg6.jpg
train_000084	train_000084	test	test	non_fire	non-fire/train_000084_neg7.jpg
train_000084	train_000084	test	test	non_fire	non-fire/train_000084_neg8.jpg
train_000084	train_000084	test	test	non_fire	non-fire/train_000084_neg9.jpg
train_000085	train_000085	train	train	fire	fire/train_000085_box0_0.jpg
train_000087	train_000087	train	train	fire	fire/train_000087_box0_0.jpg
train_000087	train_000087	train	train	non_fire	non-fire/train_000087_neg10.jpg
train_000087	train_000087	train	train	non_fire	non-fire/train_000087_neg11.jpg
train_000087	train_000087	train	train	non_fire	non-fire/train_000087_neg7.jpg
train_000087	train_000087	train	train	non_fire	non-fire/train_000087_neg8.jpg
train_000087	train_000087	train	train	non_fire	non-fire/train_000087_neg9.jpg
train_000088	train_000088	train	train	fire	fire/train_000088_box0_0.jpg
train_000090	train_000090	train	train	fire	fire/train_000090_box0_0.jpg
train_000091	train_000091	train	train	fire	fire/train_000091_box0_0.jpg
train_000091	train_000091	train	train	fire	fire/train_000091_box1_0.jpg
train_000091	train_000091	train	train	non_fire	non-fire/train_000091_neg10.jpg
train_000091	train_000091	train	train	non_fire	non-fire/train_000091_neg11.jpg
train_000091	train_000091	train	train	non_fire	non-fire/train_000091_neg5.jpg
train_000091	train_000091	train	train	non_fire	non-fire/train_000091_neg6.jpg
train_000091	train_000091	train	train	non_fire	non-fire/train_000091_neg7.jpg
train_000091	train_000091	train	train	non_fire	non-fire/train_000091_neg8.jpg
train_000091	train_000091	train	train	non_fire	non-fire/train_000091_neg9.jpg
train_000092	train_000092	train	train	fire	fire/train_000092_box0_0.jpg
train_000093	train_000093	val	val	fire	fire/train_000093_box0_0.jpg
train_000093	train_000093	val	val	fire	fire/train_000093_box1_0.jpg
train_000093	train_000093	val	val	fire	fire/train_000093_box2_0.jpg
train_000093	train_000093	val	val	fire	fire/train_000093_box3_0.jpg
train_000093	train_000093	val	val	non_fire	non-fire/train_000093_neg0.jpg
train_000093	train_000093	val	val	non_fire	non-fire/train_000093_neg1.jpg
train_000093	train_000093	val	val	non_fire	non-fire/train_000093_neg10.jpg
train_000093	train_000093	val	val	non_fire	non-fire/train_000093_neg11.jpg
train_000093	train_000093	val	val	non_fire	non-fire/train_000093_neg2.jpg
train_000093	train_000093	val	val	non_fire	non-fire/train_000093_neg3.jpg
train_000093	train_000093	val	val	non_fire	non-fire/train_000093_neg4.jpg
train_000093	train_000093	val	val	non_fire	non-fire/train_000093_neg5.jpg
train_000093	train_000093	val	val	non_fire	non-fire/train_000093_neg6.jpg
train_000093	train_000093	val	val	non_fire	non-fire/train_000093_neg7.jpg
train_000093	train_000093	val	val	non_fire	non-fire/train_000093_neg8.jpg
train_000093	train_000093	val	val	non_fire	non-fire/train_000093_neg9.jpg
merged_3a4caa042570	train_000094	test	test	fire	fire/train_000094_box0_0.jpg
train_000095	train_000095	train	train	fire	fire/train_000095_box0_0.jpg
train_000095	train_000095	train	train	non_fire	non-fire/train_000095_neg0.jpg
train_000095	train_000095	train	train	non_fire	non-fire/train_000095_neg1.jpg
train_000095	train_000095	train	train	non_fire	non-fire/train_000095_neg10.jpg
train_000095	train_000095	train	train	non_fire	non-fire/train_000095_neg11.jpg
train_000095	train_000095	train	train	non_fire	non-fire/train_000095_neg2.jpg
train_000095	train_000095	train	train	non_fire	non-fire/train_000095_neg3.jpg
train_000095	train_000095	train	train	non_fire	non-fire/train_000095_neg4.jpg
train_000095	train_000095	train	train	non_fire	non-fire/train_000095_neg5.jpg
train_000095	train_000095	train	train	non_fire	non-fire/train_000095_neg6.jpg
train_000095	train_000095	train	train	non_fire	non-fire/train_000095_neg7.jpg
train_000095	train_000095	train	train	non_fire	non-fire/train_000095_neg8.jpg
train_000095	train_000095	train	train	non_fire	non-fire/train_000095_neg9.jpg
train_000096	train_000096	train	train	fire	fire/train_000096_box0_0.jpg
train_000096	train_000096	train	train	non_fire	non-fire/train_000096_neg0.jpg
train_000096	train_000096	train	train	non_fire	non-fire/train_000096_neg1.jpg
train_000096	train_000096	train	train	non_fire	non-fire/train_000096_neg11.jpg
train_000096	train_000096	train	train	non_fire	non-fire/train_000096_neg2.jpg
train_000096	train_000096	train	train	non_fire	non-fire/train_000096_neg3.jpg
train_000096	train_000096	train	train	non_fire	non-fire/train_000096_neg4.jpg
train_000096	train_000096	train	train	non_fire	non-fire/train_000096_neg5.jpg
train_000096	train_000096	train	train	non_fire	non-fire/train_000096_neg6.jpg
train_000096	train_000096	train	train	non_fire	non-fire/train_000096_neg7.jpg
train_000096	train_000096	train	train	non_fire	non-fire/train_000096_neg8.jpg
train_000096	train_000096	train	train	non_fire	non-fire/train_000096_neg9.jpg
train_000097	train_000097	train	train	non_fire	non-fire/train_000097_neg10.jpg
train_000097	train_000097	train	train	non_fire	non-fire/train_000097_neg11.jpg
train_000097	train_000097	train	train	non_fire	non-fire/train_000097_neg5.jpg
train_000097	train_000097	train	train	non_fire	non-fire/train_000097_neg6.jpg
train_000097	train_000097	train	train	non_fire	non-fire/train_000097_neg7.jpg
train_000097	train_000097	train	train	non_fire	non-fire/train_000097_neg8.jpg
train_000097	train_000097	train	train	non_fire	non-fire/train_000097_neg9.jpg
train_000099	train_000099	val	val	fire	fire/train_000099_box0_0.jpg
train_000099	train_000099	val	val	fire	fire/train_000099_box1_0.jpg
train_000099	train_000099	val	val	non_fire	non-fire/train_000099_neg0.jpg
train_000099	train_000099	val	val	non_fire	non-fire/train_000099_neg10.jpg
train_000099	train_000099	val	val	non_fire	non-fire/train_000099_neg11.jpg
train_000099	train_000099	val	val	non_fire	non-fire/train_000099_neg4.jpg
train_000099	train_000099	val	val	non_fire	non-fire/train_000099_neg5.jpg
train_000099	train_000099	val	val	non_fire	non-fire/train_000099_neg6.jpg
train_000099	train_000099	val	val	non_fire	non-fire/train_000099_neg7.jpg
train_000099	train_000099	val	val	non_fire	non-fire/train_000099_neg8.jpg
train_000099	train_000099	val	val	non_fire	non-fire/train_000099_neg9.jpg
merged_14b09ba4d880	train_000100	train	train	fire	fire/train_000100_box0_0.jpg
merged_14b09ba4d880	train_000100	train	train	non_fire	non-fire/train_000100_neg0.jpg
merged_14b09ba4d880	train_000100	train	train	non_fire	non-fire/train_000100_neg1.jpg
merged_14b09ba4d880	train_000100	train	train	non_fire	non-fire/train_000100_neg10.jpg
merged_14b09ba4d880	train_000100	train	train	non_fire	non-fire/train_000100_neg11.jpg
merged_14b09ba4d880	train_000100	train	train	non_fire	non-fire/train_000100_neg2.jpg
merged_14b09ba4d880	train_000100	train	train	non_fire	non-fire/train_000100_neg5.jpg
merged_14b09ba4d880	train_000100	train	train	non_fire	non-fire/train_000100_neg6.jpg
merged_14b09ba4d880	train_000100	train	train	non_fire	non-fire/train_000100_neg7.jpg
merged_14b09ba4d880	train_000100	train	train	non_fire	non-fire/train_000100_neg8.jpg
merged_14b09ba4d880	train_000100	train	train	non_fire	non-fire/train_000100_neg9.jpg
train_000101	train_000101	train	train	fire	fire/train_000101_box0_0.jpg
train_000102	train_000102	train	train	fire	fire/train_000102_box0_0.jpg
train_000102	train_000102	train	train	non_fire	non-fire/train_000102_neg0.jpg
train_000102	train_000102	train	train	non_fire	non-fire/train_000102_neg1.jpg
train_000102	train_000102	train	train	non_fire	non-fire/train_000102_neg10.jpg
train_000102	train_000102	train	train	non_fire	non-fire/train_000102_neg11.jpg
train_000102	train_000102	train	train	non_fire	non-fire/train_000102_neg2.jpg
train_000102	train_000102	train	train	non_fire	non-fire/train_000102_neg3.jpg
train_000102	train_000102	train	train	non_fire	non-fire/train_000102_neg5.jpg
train_000102	train_000102	train	train	non_fire	non-fire/train_000102_neg6.jpg
train_000102	train_000102	train	train	non_fire	non-fire/train_000102_neg8.jpg
train_000103	train_000103	train	train	fire	fire/train_000103_box0_0.jpg
train_000103	train_000103	train	train	non_fire	non-fire/train_000103_neg0.jpg
train_000103	train_000103	train	train	non_fire	non-fire/train_000103_neg1.jpg
train_000103	train_000103	train	train	non_fire	non-fire/train_000103_neg10.jpg
train_000103	train_000103	train	train	non_fire	non-fire/train_000103_neg11.jpg
train_000103	train_000103	train	train	non_fire	non-fire/train_000103_neg2.jpg
train_000103	train_000103	train	train	non_fire	non-fire/train_000103_neg3.jpg
train_000103	train_000103	train	train	non_fire	non-fire/train_000103_neg4.jpg
train_000103	train_000103	train	train	non_fire	non-fire/train_000103_neg5.jpg
train_000103	train_000103	train	train	non_fire	non-fire/train_000103_neg6.jpg
train_000103	train_000103	train	train	non_fire	non-fire/train_000103_neg7.jpg
train_000103	train_000103	train	train	non_fire	non-fire/train_000103_neg8.jpg
train_000103	train_000103	train	train	non_fire	non-fire/train_000103_neg9.jpg
train_000104	train_000104	val	val	fire	fire/train_000104_box0_0.jpg
train_000104	train_000104	val	val	non_fire	non-fire/train_000104_neg0.jpg
train_000104	train_000104	val	val	non_fire	non-fire/train_000104_neg1.jpg
train_000104	train_000104	val	val	non_fire	non-fire/train_000104_neg10.jpg
train_000104	train_000104	val	val	non_fire	non-fire/train_000104_neg11.jpg
train_000104	train_000104	val	val	non_fire	non-fire/train_000104_neg2.jpg
train_000104	train_000104	val	val	non_fire	non-fire/train_000104_neg3.jpg
train_000104	train_000104	val	val	non_fire	non-fire/train_000104_neg4.jpg
train_000104	train_000104	val	val	non_fire	non-fire/train_000104_neg5.jpg
train_000104	train_000104	val	val	non_fire	non-fire/train_000104_neg6.jpg
train_000104	train_000104	val	val	non_fire	non-fire/train_000104_neg7.jpg
train_000104	train_000104	val	val	non_fire	non-fire/train_000104_neg8.jpg
train_000104	train_000104	val	val	non_fire	non-fire/train_000104_neg9.jpg
train_000106	train_000106	train	train	non_fire	non-fire/train_000106_neg0.jpg
train_000107	train_000107	train	train	fire	fire/train_000107_box0_0.jpg
train_000107	train_000107	train	train	non_fire	non-fire/train_000107_neg2.jpg
train_000107	train_000107	train	train	non_fire	non-fire/train_000107_neg3.jpg
train_000109	train_000109	train	train	fire	fire/train_000109_box0_0.jpg
train_000109	train_000109	train	train	non_fire	non-fire/train_000109_neg10.jpg
train_000109	train_000109	train	train	non_fire	non-fire/train_000109_neg11.jpg
train_000109	train_000109	train	train	non_fire	non-fire/train_000109_neg3.jpg
train_000109	train_000109	train	train	non_fire	non-fire/train_000109_neg4.jpg
train_000109	train_000109	train	train	non_fire	non-fire/train_000109_neg5.jpg
train_000109	train_000109	train	train	non_fire	non-fire/train_000109_neg6.jpg
train_000109	train_000109	train	train	non_fire	non-fire/train_000109_neg7.jpg
train_000109	train_000109	train	train	non_fire	non-fire/train_000109_neg8.jpg
train_000109	train_000109	train	train	non_fire	non-fire/train_000109_neg9.jpg
train_000110	train_000110	train	train	fire	fire/train_000110_box0_0.jpg
train_000110	train_000110	train	train	non_fire	non-fire/train_000110_neg0.jpg
train_000110	train_000110	train	train	non_fire	non-fire/train_000110_neg10.jpg
train_000110	train_000110	train	train	non_fire	non-fire/train_000110_neg8.jpg
train_000110	train_000110	train	train	non_fire	non-fire/train_000110_neg9.jpg
train_000111	train_000111	test	test	fire	fire/train_000111_box0_0.jpg
train_000111	train_000111	test	test	fire	fire/train_000111_box1_0.jpg
train_000111	train_000111	test	test	fire	fire/train_000111_box2_0.jpg
train_000111	train_000111	test	test	fire	fire/train_000111_box3_0.jpg
train_000113	train_000113	train	train	fire	fire/train_000113_box0_0.jpg
train_000114	train_000114	val	val	fire	fire/train_000114_box0_0.jpg
train_000114	train_000114	val	val	fire	fire/train_000114_box1_0.jpg
train_000114	train_000114	val	val	fire	fire/train_000114_box2_0.jpg
train_000115	train_000115	test	test	fire	fire/train_000115_box0_0.jpg
train_000115	train_000115	test	test	fire	fire/train_000115_box1_0.jpg
train_000115	train_000115	test	test	fire	fire/train_000115_box2_0.jpg
train_000115	train_000115	test	test	fire	fire/train_000115_box3_0.jpg
train_000116	train_000116	train	train	fire	fire/train_000116_box0_0.jpg
train_000120	train_000120	test	test	fire	fire/train_000120_box0_0.jpg
train_000120	train_000120	test	test	fire	fire/train_000120_box1_0.jpg
train_000120	train_000120	test	test	non_fire	non-fire/train_000120_neg10.jpg
train_000120	train_000120	test	test	non_fire	non-fire/train_000120_neg6.jpg
train_000120	train_000120	test	test	non_fire	non-fire/train_000120_neg7.jpg
train_000123	train_000123	train	train	fire	fire/train_000123_box0_0.jpg
train_000123	train_000123	train	train	non_fire	non-fire/train_000123_neg0.jpg
train_000123	train_000123	train	train	non_fire	non-fire/train_000123_neg1.jpg
train_000123	train_000123	train	train	non_fire	non-fire/train_000123_neg10.jpg
train_000123	train_000123	train	train	non_fire	non-fire/train_000123_neg11.jpg
train_000123	train_000123	train	train	non_fire	non-fire/train_000123_neg2.jpg
train_000123	train_000123	train	train	non_fire	non-fire/train_000123_neg3.jpg
train_000123	train_000123	train	train	non_fire	non-fire/train_000123_neg4.jpg
train_000123	train_000123	train	train	non_fire	non-fire/train_000123_neg5.jpg
train_000123	train_000123	train	train	non_fire	non-fire/train_000123_neg6.jpg
train_000123	train_000123	train	train	non_fire	non-fire/train_000123_neg7.jpg
train_000123	train_000123	train	train	non_fire	non-fire/train_000123_neg8.jpg
train_000123	train_000123	train	train	non_fire	non-fire/train_000123_neg9.jpg
train_000124	train_000124	train	train	fire	fire/train_000124_box0_0.jpg
train_000124	train_000124	train	train	non_fire	non-fire/train_000124_neg0.jpg
train_000124	train_000124	train	train	non_fire	non-fire/train_000124_neg1.jpg
train_000124	train_000124	train	train	non_fire	non-fire/train_000124_neg10.jpg
train_000124	train_000124	train	train	non_fire	non-fire/train_000124_neg2.jpg
train_000124	train_000124	train	train	non_fire	non-fire/train_000124_neg3.jpg
train_000124	train_000124	train	train	non_fire	non-fire/train_000124_neg4.jpg
train_000124	train_000124	train	train	non_fire	non-fire/train_000124_neg5.jpg
train_000124	train_000124	train	train	non_fire	non-fire/train_000124_neg6.jpg
train_000124	train_000124	train	train	non_fire	non-fire/train_000124_neg7.jpg
train_000124	train_000124	train	train	non_fire	non-fire/train_000124_neg8.jpg
train_000124	train_000124	train	train	non_fire	non-fire/train_000124_neg9.jpg
merged_a90356761ad6	train_000125	train	train	fire	fire/train_000125_box0_0.jpg
merged_a90356761ad6	train_000125	train	train	fire	fire/train_000125_box1_0.jpg
train_000126	train_000126	val	val	fire	fire/train_000126_box0_0.jpg
train_000126	train_000126	val	val	fire	fire/train_000126_box1_0.jpg
train_000126	train_000126	val	val	non_fire	non-fire/train_000126_neg0.jpg
train_000126	train_000126	val	val	non_fire	non-fire/train_000126_neg2.jpg
train_000126	train_000126	val	val	non_fire	non-fire/train_000126_neg3.jpg
train_000126	train_000126	val	val	non_fire	non-fire/train_000126_neg4.jpg
train_000126	train_000126	val	val	non_fire	non-fire/train_000126_neg6.jpg
train_000126	train_000126	val	val	non_fire	non-fire/train_000126_neg7.jpg
train_000128	train_000128	train	train	fire	fire/train_000128_box2_0.jpg
train_000129	train_000129	train	train	fire	fire/train_000129_box0_0.jpg
train_000129	train_000129	train	train	fire	fire/train_000129_box1_0.jpg
train_000129	train_000129	train	train	non_fire	non-fire/train_000129_neg11.jpg
train_000132	train_000132	val	val	fire	fire/train_000132_box0_0.jpg
train_000132	train_000132	val	val	fire	fire/train_000132_box1_0.jpg
train_000132	train_000132	val	val	fire	fire/train_000132_box2_0.jpg
train_000132	train_000132	val	val	fire	fire/train_000132_box3_0.jpg
train_000132	train_000132	val	val	fire	fire/train_000132_box4_0.jpg
train_000132	train_000132	val	val	non_fire	non-fire/train_000132_neg0.jpg
train_000132	train_000132	val	val	non_fire	non-fire/train_000132_neg1.jpg
train_000132	train_000132	val	val	non_fire	non-fire/train_000132_neg10.jpg
train_000132	train_000132	val	val	non_fire	non-fire/train_000132_neg11.jpg
train_000132	train_000132	val	val	non_fire	non-fire/train_000132_neg2.jpg
train_000132	train_000132	val	val	non_fire	non-fire/train_000132_neg4.jpg
train_000132	train_000132	val	val	non_fire	non-fire/train_000132_neg5.jpg
train_000132	train_000132	val	val	non_fire	non-fire/train_000132_neg6.jpg
train_000132	train_000132	val	val	non_fire	non-fire/train_000132_neg7.jpg
train_000132	train_000132	val	val	non_fire	non-fire/train_000132_neg8.jpg
train_000132	train_000132	val	val	non_fire	non-fire/train_000132_neg9.jpg
train_000133	train_000133	train	train	fire	fire/train_000133_box0_0.jpg
train_000133	train_000133	train	train	fire	fire/train_000133_box1_0.jpg
train_000134	train_000134	val	val	fire	fire/train_000134_box0_0.jpg
train_000134	train_000134	val	val	fire	fire/train_000134_box1_0.jpg
train_000134	train_000134	val	val	fire	fire/train_000134_box2_0.jpg
train_000134	train_000134	val	val	fire	fire/train_000134_box3_0.jpg
train_000134	train_000134	val	val	fire	fire/train_000134_box4_0.jpg
train_000135	train_000135	train	train	fire	fire/train_000135_box0_0.jpg
train_000135	train_000135	train	train	fire	fire/train_000135_box1_0.jpg
train_000136	train_000136	test	test	fire	fire/train_000136_box0_0.jpg
train_000136	train_000136	test	test	fire	fire/train_000136_box1_0.jpg
train_000136	train_000136	test	test	fire	fire/train_000136_box2_0.jpg
train_000136	train_000136	test	test	fire	fire/train_000136_box3_0.jpg
train_000136	train_000136	test	test	non_fire	non-fire/train_000136_neg0.jpg
train_000136	train_000136	test	test	non_fire	non-fire/train_000136_neg1.jpg
train_000136	train_000136	test	test	non_fire	non-fire/train_000136_neg10.jpg
train_000136	train_000136	test	test	non_fire	non-fire/train_000136_neg11.jpg
train_000136	train_000136	test	test	non_fire	non-fire/train_000136_neg2.jpg
train_000136	train_000136	test	test	non_fire	non-fire/train_000136_neg3.jpg
train_000136	train_000136	test	test	non_fire	non-fire/train_000136_neg4.jpg
train_000136	train_000136	test	test	non_fire	non-fire/train_000136_neg5.jpg
train_000136	train_000136	test	test	non_fire	non-fire/train_000136_neg6.jpg
train_000136	train_000136	test	test	non_fire	non-fire/train_000136_neg7.jpg
train_000136	train_000136	test	test	non_fire	non-fire/train_000136_neg8.jpg
train_000136	train_000136	test	test	non_fire	non-fire/train_000136_neg9.jpg
train_000137	train_000137	train	train	fire	fire/train_000137_box0_0.jpg
train_000138	train_000138	train	train	fire	fire/train_000138_box0_0.jpg
train_000139	train_000139	test	test	fire	fire/train_000139_box0_0.jpg
train_000140	train_000140	train	train	fire	fire/train_000140_box0_0.jpg
train_000141	train_000141	train	train	fire	fire/train_000141_box0_0.jpg
train_000141	train_000141	train	train	fire	fire/train_000141_box1_0.jpg
train_000141	train_000141	train	train	fire	fire/train_000141_box2_0.jpg
train_000142	train_000142	train	train	fire	fire/train_000142_box0_0.jpg
train_000142	train_000142	train	train	non_fire	non-fire/train_000142_neg11.jpg
train_000143	train_000143	train	train	fire	fire/train_000143_box0_0.jpg
train_000143	train_000143	train	train	fire	fire/train_000143_box1_0.jpg
train_000144	train_000144	train	train	fire	fire/train_000144_box0_0.jpg
train_000144	train_000144	train	train	fire	fire/train_000144_box2_0.jpg
train_000144	train_000144	train	train	non_fire	non-fire/train_000144_neg1.jpg
train_000145	train_000145	train	train	fire	fire/train_000145_box0_0.jpg
train_000145	train_000145	train	train	non_fire	non-fire/train_000145_neg10.jpg
train_000145	train_000145	train	train	non_fire	non-fire/train_000145_neg11.jpg
train_000145	train_000145	train	train	non_fire	non-fire/train_000145_neg3.jpg
train_000145	train_000145	train	train	non_fire	non-fire/train_000145_neg4.jpg
train_000145	train_000145	train	train	non_fire	non-fire/train_000145_neg5.jpg
train_000145	train_000145	train	train	non_fire	non-fire/train_000145_neg6.jpg
train_000145	train_000145	train	train	non_fire	non-fire/train_000145_neg8.jpg
train_000145	train_000145	train	train	non_fire	non-fire/train_000145_neg9.jpg
train_000146	train_000146	train	train	fire	fire/train_000146_box0_0.jpg
train_000146	train_000146	train	train	non_fire	non-fire/train_000146_neg0.jpg
train_000146	train_000146	train	train	non_fire	non-fire/train_000146_neg1.jpg
train_000146	train_000146	train	train	non_fire	non-fire/train_000146_neg10.jpg
train_000146	train_000146	train	train	non_fire	non-fire/train_000146_neg11.jpg
train_000146	train_000146	train	train	non_fire	non-fire/train_000146_neg2.jpg
train_000146	train_000146	train	train	non_fire	non-fire/train_000146_neg3.jpg
train_000146	train_000146	train	train	non_fire	non-fire/train_000146_neg4.jpg
train_000146	train_000146	train	train	non_fire	non-fire/train_000146_neg5.jpg
train_000146	train_000146	train	train	non_fire	non-fire/train_000146_neg6.jpg
train_000146	train_000146	train	train	non_fire	non-fire/train_000146_neg7.jpg
train_000146	train_000146	train	train	non_fire	non-fire/train_000146_neg8.jpg
train_000146	train_000146	train	train	non_fire	non-fire/train_000146_neg9.jpg
train_000147	train_000147	val	val	fire	fire/train_000147_box0_0.jpg
train_000150	train_000150	train	train	fire	fire/train_000150_box0_0.jpg
train_000150	train_000150	train	train	non_fire	non-fire/train_000150_neg1.jpg
train_000150	train_000150	train	train	non_fire	non-fire/train_000150_neg2.jpg
train_000150	train_000150	train	train	non_fire	non-fire/train_000150_neg6.jpg
train_000150	train_000150	train	train	non_fire	non-fire/train_000150_neg7.jpg
train_000150	train_000150	train	train	non_fire	non-fire/train_000150_neg8.jpg
train_000151	train_000151	train	train	fire	fire/train_000151_box0_0.jpg
train_000151	train_000151	train	train	fire	fire/train_000151_box1_0.jpg
train_000152	train_000152	train	train	fire	fire/train_000152_box0_0.jpg
train_000153	train_000153	train	train	fire	fire/train_000153_box0_0.jpg
train_000154	train_000154	train	train	fire	fire/train_000154_box0_0.jpg
train_000155	train_000155	train	train	fire	fire/train_000155_box0_0.jpg
train_000156	train_000156	train	train	fire	fire/train_000156_box1_0.jpg
train_000156	train_000156	train	train	fire	fire/train_000156_box2_0.jpg
train_000156	train_000156	train	train	non_fire	non-fire/train_000156_neg0.jpg
train_000157	train_000157	train	train	fire	fire/train_000157_box0_0.jpg
train_000157	train_000157	train	train	non_fire	non-fire/train_000157_neg10.jpg
train_000157	train_000157	train	train	non_fire	non-fire/train_000157_neg11.jpg
train_000157	train_000157	train	train	non_fire	non-fire/train_000157_neg2.jpg
train_000157	train_000157	train	train	non_fire	non-fire/train_000157_neg3.jpg
train_000157	train_000157	train	train	non_fire	non-fire/train_000157_neg4.jpg
train_000157	train_000157	train	train	non_fire	non-fire/train_000157_neg5.jpg
train_000157	train_000157	train	train	non_fire	non-fire/train_000157_neg6.jpg
train_000157	train_000157	train	train	non_fire	non-fire/train_000157_neg7.jpg
train_000157	train_000157	train	train	non_fire	non-fire/train_000157_neg8.jpg
train_000157	train_000157	train	train	non_fire	non-fire/train_000157_neg9.jpg
train_000158	train_000158	val	val	fire	fire/train_000158_box0_0.jpg
train_000158	train_000158	val	val	fire	fire/train_000158_box1_0.jpg
train_000158	train_000158	val	val	non_fire	non-fire/train_000158_neg10.jpg
train_000158	train_000158	val	val	non_fire	non-fire/train_000158_neg11.jpg
train_000159	train_000159	train	train	fire	fire/train_000159_box0_0.jpg
train_000159	train_000159	train	train	non_fire	non-fire/train_000159_neg0.jpg
train_000160	train_000160	train	train	fire	fire/train_000160_box0_0.jpg
train_000161	train_000161	train	train	fire	fire/train_000161_box0_0.jpg
train_000164	train_000164	train	train	fire	fire/train_000164_box0_0.jpg
train_000165	train_000165	val	val	fire	fire/train_000165_box0_0.jpg
train_000166	train_000166	val	val	fire	fire/train_000166_box0_0.jpg
train_000166	train_000166	val	val	non_fire	non-fire/train_000166_neg0.jpg
train_000166	train_000166	val	val	non_fire	non-fire/train_000166_neg1.jpg
train_000166	train_000166	val	val	non_fire	non-fire/train_000166_neg10.jpg
train_000166	train_000166	val	val	non_fire	non-fire/train_000166_neg11.jpg
train_000166	train_000166	val	val	non_fire	non-fire/train_000166_neg2.jpg
train_000166	train_000166	val	val	non_fire	non-fire/train_000166_neg3.jpg
train_000166	train_000166	val	val	non_fire	non-fire/train_000166_neg4.jpg
train_000166	train_000166	val	val	non_fire	non-fire/train_000166_neg5.jpg
train_000166	train_000166	val	val	non_fire	non-fire/train_000166_neg6.jpg
train_000166	train_000166	val	val	non_fire	non-fire/train_000166_neg7.jpg
train_000166	train_000166	val	val	non_fire	non-fire/train_000166_neg8.jpg
train_000166	train_000166	val	val	non_fire	non-fire/train_000166_neg9.jpg
train_000167	train_000167	train	train	fire	fire/train_000167_box0_0.jpg
train_000167	train_000167	train	train	non_fire	non-fire/train_000167_neg0.jpg
train_000167	train_000167	train	train	non_fire	non-fire/train_000167_neg1.jpg
train_000167	train_000167	train	train	non_fire	non-fire/train_000167_neg10.jpg
train_000167	train_000167	train	train	non_fire	non-fire/train_000167_neg11.jpg
train_000167	train_000167	train	train	non_fire	non-fire/train_000167_neg2.jpg
train_000167	train_000167	train	train	non_fire	non-fire/train_000167_neg3.jpg
train_000167	train_000167	train	train	non_fire	non-fire/train_000167_neg4.jpg
train_000167	train_000167	train	train	non_fire	non-fire/train_000167_neg5.jpg
train_000167	train_000167	train	train	non_fire	non-fire/train_000167_neg6.jpg
train_000167	train_000167	train	train	non_fire	non-fire/train_000167_neg7.jpg
train_000167	train_000167	train	train	non_fire	non-fire/train_000167_neg8.jpg
train_000167	train_000167	train	train	non_fire	non-fire/train_000167_neg9.jpg
merged_469213f5b26e	train_000168	val	val	fire	fire/train_000168_box0_0.jpg
train_000169	train_000169	train	train	fire	fire/train_000169_box0_0.jpg
train_000171	train_000171	train	train	fire	fire/train_000171_box0_0.jpg
train_000173	train_000173	train	train	fire	fire/train_000173_box0_0.jpg
train_000173	train_000173	train	train	non_fire	non-fire/train_000173_neg0.jpg
train_000173	train_000173	train	train	non_fire	non-fire/train_000173_neg1.jpg
train_000173	train_000173	train	train	non_fire	non-fire/train_000173_neg10.jpg
train_000173	train_000173	train	train	non_fire	non-fire/train_000173_neg11.jpg
train_000173	train_000173	train	train	non_fire	non-fire/train_000173_neg2.jpg
train_000173	train_000173	train	train	non_fire	non-fire/train_000173_neg3.jpg
train_000173	train_000173	train	train	non_fire	non-fire/train_000173_neg4.jpg
train_000173	train_000173	train	train	non_fire	non-fire/train_000173_neg5.jpg
train_000173	train_000173	train	train	non_fire	non-fire/train_000173_neg6.jpg
train_000173	train_000173	train	train	non_fire	non-fire/train_000173_neg7.jpg
train_000173	train_000173	train	train	non_fire	non-fire/train_000173_neg8.jpg
train_000173	train_000173	train	train	non_fire	non-fire/train_000173_neg9.jpg
train_000176	train_000176	train	train	fire	fire/train_000176_box0_0.jpg
train_000177	train_000177	train	train	fire	fire/train_000177_box0_0.jpg
train_000177	train_000177	train	train	non_fire	non-fire/train_000177_neg0.jpg
train_000177	train_000177	train	train	non_fire	non-fire/train_000177_neg1.jpg
train_000177	train_000177	train	train	non_fire	non-fire/train_000177_neg2.jpg
train_000177	train_000177	train	train	non_fire	non-fire/train_000177_neg3.jpg
train_000177	train_000177	train	train	non_fire	non-fire/train_000177_neg4.jpg
train_000177	train_000177	train	train	non_fire	non-fire/train_000177_neg5.jpg
train_000177	train_000177	train	train	non_fire	non-fire/train_000177_neg6.jpg
train_000178	train_000178	train	train	fire	fire/train_000178_box0_0.jpg
train_000179	train_000179	train	train	fire	fire/train_000179_box0_0.jpg
train_000181	train_000181	train	train	fire	fire/train_000181_box0_0.jpg
train_000182	train_000182	train	train	fire	fire/train_000182_box0_0.jpg
train_000183	train_000183	train	train	fire	fire/train_000183_box0_0.jpg
train_000184	train_000184	val	val	fire	fire/train_000184_box0_0.jpg
train_000185	train_000185	train	train	fire	fire/train_000185_box1_0.jpg
train_000185	train_000185	train	train	non_fire	non-fire/train_000185_neg4.jpg
train_000185	train_000185	train	train	non_fire	non-fire/train_000185_neg5.jpg
train_000185	train_000185	train	train	non_fire	non-fire/train_000185_neg6.jpg
train_000187	train_000187	train	train	fire	fire/train_000187_box0_0.jpg
train_000188	train_000188	train	train	fire	fire/train_000188_box0_0.jpg
train_000190	train_000190	train	train	fire	fire/train_000190_box0_0.jpg
train_000192	train_000192	train	train	fire	fire/train_000192_box0_0.jpg
train_000193	train_000193	train	train	fire	fire/train_000193_box0_0.jpg
merged_a6c456142dbe	train_000196	train	train	fire	fire/train_000196_box0_0.jpg
train_000199	train_000199	train	train	fire	fire/train_000199_box0_0.jpg
train_000200	train_000200	val	val	fire	fire/train_000200_box0_0.jpg
train_000200	train_000200	val	val	fire	fire/train_000200_box1_0.jpg
train_000200	train_000200	val	val	non_fire	non-fire/train_000200_neg1.jpg
train_000200	train_000200	val	val	non_fire	non-fire/train_000200_neg10.jpg
train_000200	train_000200	val	val	non_fire	non-fire/train_000200_neg11.jpg
train_000200	train_000200	val	val	non_fire	non-fire/train_000200_neg2.jpg
train_000200	train_000200	val	val	non_fire	non-fire/train_000200_neg3.jpg
train_000200	train_000200	val	val	non_fire	non-fire/train_000200_neg4.jpg
train_000200	train_000200	val	val	non_fire	non-fire/train_000200_neg5.jpg
train_000200	train_000200	val	val	non_fire	non-fire/train_000200_neg6.jpg
train_000200	train_000200	val	val	non_fire	non-fire/train_000200_neg7.jpg
train_000200	train_000200	val	val	non_fire	non-fire/train_000200_neg8.jpg
train_000200	train_000200	val	val	non_fire	non-fire/train_000200_neg9.jpg
train_000201	train_000201	train	train	non_fire	non-fire/train_000201_neg0.jpg
train_000202	train_000202	val	val	fire	fire/train_000202_box0_0.jpg
train_000203	train_000203	val	val	fire	fire/train_000203_box0_0.jpg
train_000203	train_000203	val	val	non_fire	non-fire/train_000203_neg0.jpg
train_000203	train_000203	val	val	non_fire	non-fire/train_000203_neg1.jpg
train_000203	train_000203	val	val	non_fire	non-fire/train_000203_neg10.jpg
train_000203	train_000203	val	val	non_fire	non-fire/train_000203_neg11.jpg
train_000203	train_000203	val	val	non_fire	non-fire/train_000203_neg2.jpg
train_000203	train_000203	val	val	non_fire	non-fire/train_000203_neg3.jpg
train_000203	train_000203	val	val	non_fire	non-fire/train_000203_neg4.jpg
train_000203	train_000203	val	val	non_fire	non-fire/train_000203_neg5.jpg
train_000203	train_000203	val	val	non_fire	non-fire/train_000203_neg6.jpg
train_000203	train_000203	val	val	non_fire	non-fire/train_000203_neg7.jpg
train_000203	train_000203	val	val	non_fire	non-fire/train_000203_neg8.jpg
train_000203	train_000203	val	val	non_fire	non-fire/train_000203_neg9.jpg
train_000204	train_000204	train	train	fire	fire/train_000204_box0_0.jpg
merged_18f48b0c434a	train_000206	train	train	fire	fire/train_000206_box0_0.jpg
merged_18f48b0c434a	train_000206	train	train	fire	fire/train_000206_box1_0.jpg
train_000207	train_000207	train	train	fire	fire/train_000207_box0_0.jpg
train_000207	train_000207	train	train	fire	fire/train_000207_box1_0.jpg
train_000208	train_000208	train	train	fire	fire/train_000208_box0_0.jpg
train_000210	train_000210	train	train	fire	fire/train_000210_box0_0.jpg
train_000211	train_000211	train	train	fire	fire/train_000211_box0_0.jpg
train_000212	train_000212	train	train	fire	fire/train_000212_box0_0.jpg
train_000213	train_000213	train	train	fire	fire/train_000213_box0_0.jpg
train_000214	train_000214	train	train	fire	fire/train_000214_box0_0.jpg
train_000214	train_000214	train	train	non_fire	non-fire/train_000214_neg0.jpg
train_000214	train_000214	train	train	non_fire	non-fire/train_000214_neg1.jpg
train_000214	train_000214	train	train	non_fire	non-fire/train_000214_neg10.jpg
train_000214	train_000214	train	train	non_fire	non-fire/train_000214_neg11.jpg
train_000214	train_000214	train	train	non_fire	non-fire/train_000214_neg2.jpg
train_000214	train_000214	train	train	non_fire	non-fire/train_000214_neg3.jpg
train_000214	train_000214	train	train	non_fire	non-fire/train_000214_neg4.jpg
train_000214	train_000214	train	train	non_fire	non-fire/train_000214_neg5.jpg
train_000214	train_000214	train	train	non_fire	non-fire/train_000214_neg6.jpg
train_000214	train_000214	train	train	non_fire	non-fire/train_000214_neg8.jpg
train_000214	train_000214	train	train	non_fire	non-fire/train_000214_neg9.jpg
train_000216	train_000216	train	train	fire	fire/train_000216_box0_0.jpg
train_000217	train_000217	train	train	fire	fire/train_000217_box0_0.jpg
train_000217	train_000217	train	train	fire	fire/train_000217_box1_0.jpg
train_000217	train_000217	train	train	fire	fire/train_000217_box2_0.jpg
train_000218	train_000218	train	train	fire	fire/train_000218_box0_0.jpg
train_000220	train_000220	train	train	fire	fire/train_000220_box0_0.jpg
train_000222	train_000222	train	train	fire	fire/train_000222_box0_0.jpg
train_000222	train_000222	train	train	fire	fire/train_000222_box1_0.jpg
train_000222	train_000222	train	train	non_fire	non-fire/train_000222_neg0.jpg
train_000222	train_000222	train	train	non_fire	non-fire/train_000222_neg1.jpg
train_000222	train_000222	train	train	non_fire	non-fire/train_000222_neg11.jpg
train_000222	train_000222	train	train	non_fire	non-fire/train_000222_neg2.jpg
train_000222	train_000222	train	train	non_fire	non-fire/train_000222_neg3.jpg
train_000222	train_000222	train	train	non_fire	non-fire/train_000222_neg4.jpg
train_000222	train_000222	train	train	non_fire	non-fire/train_000222_neg6.jpg
train_000224	train_000224	test	test	fire	fire/train_000224_box0_0.jpg
train_000224	train_000224	test	test	non_fire	non-fire/train_000224_neg0.jpg
train_000224	train_000224	test	test	non_fire	non-fire/train_000224_neg1.jpg
train_000224	train_000224	test	test	non_fire	non-fire/train_000224_neg10.jpg
train_000224	train_000224	test	test	non_fire	non-fire/train_000224_neg11.jpg
train_000224	train_000224	test	test	non_fire	non-fire/train_000224_neg2.jpg
train_000224	train_000224	test	test	non_fire	non-fire/train_000224_neg3.jpg
train_000224	train_000224	test	test	non_fire	non-fire/train_000224_neg4.jpg
train_000224	train_000224	test	test	non_fire	non-fire/train_000224_neg5.jpg
train_000224	train_000224	test	test	non_fire	non-fire/train_000224_neg6.jpg
train_000224	train_000224	test	test	non_fire	non-fire/train_000224_neg7.jpg
train_000224	train_000224	test	test	non_fire	non-fire/train_000224_neg9.jpg
train_000227	train_000227	train	train	fire	fire/train_000227_box0_0.jpg
train_000230	train_000230	test	test	fire	fire/train_000230_box0_0.jpg
train_000231	train_000231	train	train	fire	fire/train_000231_box0_0.jpg
merged_3a4caa042570	train_000232	train	test	fire	fire/train_000232_box0_0.jpg
train_000233	train_000233	val	val	fire	fire/train_000233_box0_0.jpg
train_000234	train_000234	val	val	fire	fire/train_000234_box0_0.jpg
train_000234	train_000234	val	val	fire	fire/train_000234_box1_0.jpg
train_000234	train_000234	val	val	non_fire	non-fire/train_000234_neg0.jpg
train_000234	train_000234	val	val	non_fire	non-fire/train_000234_neg1.jpg
train_000234	train_000234	val	val	non_fire	non-fire/train_000234_neg10.jpg
train_000234	train_000234	val	val	non_fire	non-fire/train_000234_neg11.jpg
train_000234	train_000234	val	val	non_fire	non-fire/train_000234_neg2.jpg
train_000234	train_000234	val	val	non_fire	non-fire/train_000234_neg3.jpg
train_000234	train_000234	val	val	non_fire	non-fire/train_000234_neg4.jpg
train_000234	train_000234	val	val	non_fire	non-fire/train_000234_neg5.jpg
train_000234	train_000234	val	val	non_fire	non-fire/train_000234_neg6.jpg
train_000234	train_000234	val	val	non_fire	non-fire/train_000234_neg7.jpg
train_000234	train_000234	val	val	non_fire	non-fire/train_000234_neg8.jpg
train_000234	train_000234	val	val	non_fire	non-fire/train_000234_neg9.jpg
train_000236	train_000236	train	train	fire	fire/train_000236_box0_0.jpg
train_000236	train_000236	train	train	non_fire	non-fire/train_000236_neg1.jpg
train_000236	train_000236	train	train	non_fire	non-fire/train_000236_neg10.jpg
train_000236	train_000236	train	train	non_fire	non-fire/train_000236_neg11.jpg
train_000236	train_000236	train	train	non_fire	non-fire/train_000236_neg2.jpg
train_000236	train_000236	train	train	non_fire	non-fire/train_000236_neg3.jpg
train_000236	train_000236	train	train	non_fire	non-fire/train_000236_neg4.jpg
train_000236	train_000236	train	train	non_fire	non-fire/train_000236_neg5.jpg
train_000236	train_000236	train	train	non_fire	non-fire/train_000236_neg6.jpg
train_000236	train_000236	train	train	non_fire	non-fire/train_000236_neg7.jpg
train_000236	train_000236	train	train	non_fire	non-fire/train_000236_neg8.jpg
train_000236	train_000236	train	train	non_fire	non-fire/train_000236_neg9.jpg
train_000239	train_000239	train	train	fire	fire/train_000239_box0_0.jpg
train_000239	train_000239	train	train	non_fire	non-fire/train_000239_neg0.jpg
train_000239	train_000239	train	train	non_fire	non-fire/train_000239_neg1.jpg
train_000239	train_000239	train	train	non_fire	non-fire/train_000239_neg10.jpg
train_000239	train_000239	train	train	non_fire	non-fire/train_000239_neg11.jpg
train_000239	train_000239	train	train	non_fire	non-fire/train_000239_neg2.jpg
train_000239	train_000239	train	train	non_fire	non-fire/train_000239_neg3.jpg
train_000239	train_000239	train	train	non_fire	non-fire/train_000239_neg4.jpg
train_000239	train_000239	train	train	non_fire	non-fire/train_000239_neg5.jpg
train_000239	train_000239	train	train	non_fire	non-fire/train_000239_neg6.jpg
train_000239	train_000239	train	train	non_fire	non-fire/train_000239_neg7.jpg
train_000239	train_000239	train	train	non_fire	non-fire/train_000239_neg9.jpg
train_000240	train_000240	val	val	fire	fire/train_000240_box0_0.jpg
train_000241	train_000241	train	train	fire	fire/train_000241_box0_0.jpg
train_000242	train_000242	train	train	fire	fire/train_000242_box0_0.jpg
train_000242	train_000242	train	train	fire	fire/train_000242_box1_0.jpg
train_000242	train_000242	train	train	non_fire	non-fire/train_000242_neg0.jpg
train_000242	train_000242	train	train	non_fire	non-fire/train_000242_neg1.jpg
train_000244	train_000244	val	val	fire	fire/train_000244_box0_0.jpg
train_000244	train_000244	val	val	fire	fire/train_000244_box1_0.jpg
train_000244	train_000244	val	val	fire	fire/train_000244_box2_0.jpg
train_000244	train_000244	val	val	fire	fire/train_000244_box3_0.jpg
train_000245	train_000245	train	train	fire	fire/train_000245_box0_0.jpg
train_000246	train_000246	val	val	fire	fire/train_000246_box0_0.jpg
train_000246	train_000246	val	val	fire	fire/train_000246_box1_0.jpg
train_000246	train_000246	val	val	fire	fire/train_000246_box2_0.jpg
train_000246	train_000246	val	val	non_fire	non-fire/train_000246_neg3.jpg
train_000246	train_000246	val	val	non_fire	non-fire/train_000246_neg4.jpg
train_000246	train_000246	val	val	non_fire	non-fire/train_000246_neg5.jpg
train_000247	train_000247	train	train	fire	fire/train_000247_box0_0.jpg
train_000248	train_000248	test	test	fire	fire/train_000248_box0_0.jpg
train_000249	train_000249	train	train	fire	fire/train_000249_box0_0.jpg
train_000249	train_000249	train	train	non_fire	non-fire/train_000249_neg4.jpg
train_000249	train_000249	train	train	non_fire	non-fire/train_000249_neg5.jpg
train_000249	train_000249	train	train	non_fire	non-fire/train_000249_neg6.jpg
train_000250	train_000250	train	train	fire	fire/train_000250_box0_0.jpg
train_000250	train_000250	train	train	non_fire	non-fire/train_000250_neg5.jpg
train_000251	train_000251	val	val	fire	fire/train_000251_box0_0.jpg
train_000251	train_000251	val	val	fire	fire/train_000251_box1_0.jpg
train_000251	train_000251	val	val	fire	fire/train_000251_box2_0.jpg
train_000251	train_000251	val	val	non_fire	non-fire/train_000251_neg6.jpg
train_000252	train_000252	train	train	fire	fire/train_000252_box0_0.jpg
train_000253	train_000253	train	train	fire	fire/train_000253_box0_0.jpg
train_000253	train_000253	train	train	non_fire	non-fire/train_000253_neg0.jpg
train_000253	train_000253	train	train	non_fire	non-fire/train_000253_neg1.jpg
train_000253	train_000253	train	train	non_fire	non-fire/train_000253_neg10.jpg
train_000253	train_000253	train	train	non_fire	non-fire/train_000253_neg11.jpg
train_000253	train_000253	train	train	non_fire	non-fire/train_000253_neg2.jpg
train_000253	train_000253	train	train	non_fire	non-fire/train_000253_neg3.jpg
train_000253	train_000253	train	train	non_fire	non-fire/train_000253_neg4.jpg
train_000253	train_000253	train	train	non_fire	non-fire/train_000253_neg5.jpg
train_000253	train_000253	train	train	non_fire	non-fire/train_000253_neg6.jpg
train_000253	train_000253	train	train	non_fire	non-fire/train_000253_neg7.jpg
train_000253	train_000253	train	train	non_fire	non-fire/train_000253_neg8.jpg
train_000253	train_000253	train	train	non_fire	non-fire/train_000253_neg9.jpg
train_000255	train_000255	train	train	fire	fire/train_000255_box0_0.jpg
train_000255	train_000255	train	train	fire	fire/train_000255_box1_0.jpg
train_000256	train_000256	val	val	fire	fire/train_000256_box0_0.jpg
train_000256	train_000256	val	val	fire	fire/train_000256_box1_0.jpg
train_000256	train_000256	val	val	non_fire	non-fire/train_000256_neg0.jpg
train_000256	train_000256	val	val	non_fire	non-fire/train_000256_neg1.jpg
train_000256	train_000256	val	val	non_fire	non-fire/train_000256_neg2.jpg
train_000256	train_000256	val	val	non_fire	non-fire/train_000256_neg3.jpg
train_000256	train_000256	val	val	non_fire	non-fire/train_000256_neg4.jpg
train_000256	train_000256	val	val	non_fire	non-fire/train_000256_neg5.jpg
train_000257	train_000257	train	train	fire	fire/train_000257_box0_0.jpg
train_000257	train_000257	train	train	fire	fire/train_000257_box1_0.jpg
train_000258	train_000258	train	train	fire	fire/train_000258_box0_0.jpg
train_000258	train_000258	train	train	fire	fire/train_000258_box1_0.jpg
train_000258	train_000258	train	train	non_fire	non-fire/train_000258_neg10.jpg
train_000258	train_000258	train	train	non_fire	non-fire/train_000258_neg11.jpg
train_000260	train_000260	val	val	fire	fire/train_000260_box0_0.jpg
train_000261	train_000261	train	train	fire	fire/train_000261_box0_0.jpg
train_000261	train_000261	train	train	non_fire	non-fire/train_000261_neg11.jpg
train_000262	train_000262	train	train	fire	fire/train_000262_box0_0.jpg
train_000262	train_000262	train	train	non_fire	non-fire/train_000262_neg10.jpg
train_000262	train_000262	train	train	non_fire	non-fire/train_000262_neg11.jpg
train_000263	train_000263	train	train	fire	fire/train_000263_box0_0.jpg
train_000263	train_000263	train	train	non_fire	non-fire/train_000263_neg10.jpg
train_000263	train_000263	train	train	non_fire	non-fire/train_000263_neg11.jpg
train_000265	train_000265	test	test	fire	fire/train_000265_box0_0.jpg
train_000265	train_000265	test	test	fire	fire/train_000265_box1_0.jpg
train_000265	train_000265	test	test	fire	fire/train_000265_box2_0.jpg
train_000265	train_000265	test	test	fire	fire/train_000265_box3_0.jpg
train_000265	train_000265	test	test	non_fire	non-fire/train_000265_neg10.jpg
train_000265	train_000265	test	test	non_fire	non-fire/train_000265_neg11.jpg
train_000265	train_000265	test	test	non_fire	non-fire/train_000265_neg8.jpg
train_000265	train_000265	test	test	non_fire	non-fire/train_000265_neg9.jpg
train_000266	train_000266	train	train	fire	fire/train_000266_box0_0.jpg
train_000266	train_000266	train	train	non_fire	non-fire/train_000266_neg11.jpg
train_000266	train_000266	train	train	non_fire	non-fire/train_000266_neg6.jpg
train_000268	train_000268	val	val	fire	fire/train_000268_box0_0.jpg
train_000268	train_000268	val	val	fire	fire/train_000268_box1_0.jpg
train_000268	train_000268	val	val	non_fire	non-fire/train_000268_neg0.jpg
train_000268	train_000268	val	val	non_fire	non-fire/train_000268_neg1.jpg
train_000268	train_000268	val	val	non_fire	non-fire/train_000268_neg10.jpg
train_000268	train_000268	val	val	non_fire	non-fire/train_000268_neg11.jpg
train_000268	train_000268	val	val	non_fire	non-fire/train_000268_neg2.jpg
train_000268	train_000268	val	val	non_fire	non-fire/train_000268_neg3.jpg
train_000268	train_000268	val	val	non_fire	non-fire/train_000268_neg4.jpg
train_000268	train_000268	val	val	non_fire	non-fire/train_000268_neg5.jpg
train_000268	train_000268	val	val	non_fire	non-fire/train_000268_neg6.jpg
train_000268	train_000268	val	val	non_fire	non-fire/train_000268_neg7.jpg
train_000268	train_000268	val	val	non_fire	non-fire/train_000268_neg8.jpg
train_000268	train_000268	val	val	non_fire	non-fire/train_000268_neg9.jpg
train_000269	train_000269	train	train	fire	fire/train_000269_box0_0.jpg
train_000269	train_000269	train	train	non_fire	non-fire/train_000269_neg0.jpg
train_000269	train_000269	train	train	non_fire	non-fire/train_000269_neg1.jpg
train_000269	train_000269	train	train	non_fire	non-fire/train_000269_neg10.jpg
train_000269	train_000269	train	train	non_fire	non-fire/train_000269_neg11.jpg
train_000269	train_000269	train	train	non_fire	non-fire/train_000269_neg2.jpg
train_000269	train_000269	train	train	non_fire	non-fire/train_000269_neg3.jpg
train_000269	train_000269	train	train	non_fire	non-fire/train_000269_neg4.jpg
train_000269	train_000269	train	train	non_fire	non-fire/train_000269_neg5.jpg
train_000269	train_000269	train	train	non_fire	non-fire/train_000269_neg6.jpg
train_000269	train_000269	train	train	non_fire	non-fire/train_000269_neg7.jpg
train_000269	train_000269	train	train	non_fire	non-fire/train_000269_neg8.jpg
train_000269	train_000269	train	train	non_fire	non-fire/train_000269_neg9.jpg
train_000270	train_000270	val	val	fire	fire/train_000270_box0_0.jpg
train_000272	train_000272	train	train	fire	fire/train_000272_box0_0.jpg
train_000272	train_000272	train	train	non_fire	non-fire/train_000272_neg0.jpg
train_000272	train_000272	train	train	non_fire	non-fire/train_000272_neg1.jpg
train_000274	train_000274	train	train	fire	fire/train_000274_box0_0.jpg
train_000276	train_000276	test	test	fire	fire/train_000276_box0_0.jpg
train_000276	train_000276	test	test	fire	fire/train_000276_box1_0.jpg
train_000278	train_000278	train	train	fire	fire/train_000278_box0_0.jpg
train_000279	train_000279	val	val	fire	fire/train_000279_box0_0.jpg
train_000279	train_000279	val	val	fire	fire/train_000279_box1_0.jpg
train_000279	train_000279	val	val	fire	fire/train_000279_box2_0.jpg
train_000279	train_000279	val	val	fire	fire/train_000279_box3_0.jpg
train_000279	train_000279	val	val	non_fire	non-fire/train_000279_neg10.jpg
train_000279	train_000279	val	val	non_fire	non-fire/train_000279_neg11.jpg
train_000280	train_000280	train	train	fire	fire/train_000280_box0_0.jpg
train_000280	train_000280	train	train	non_fire	non-fire/train_000280_neg0.jpg
train_000280	train_000280	train	train	non_fire	non-fire/train_000280_neg1.jpg
train_000280	train_000280	train	train	non_fire	non-fire/train_000280_neg10.jpg
train_000280	train_000280	train	train	non_fire	non-fire/train_000280_neg11.jpg
train_000280	train_000280	train	train	non_fire	non-fire/train_000280_neg2.jpg
train_000280	train_000280	train	train	non_fire	non-fire/train_000280_neg3.jpg
train_000280	train_000280	train	train	non_fire	non-fire/train_000280_neg4.jpg
train_000280	train_000280	train	train	non_fire	non-fire/train_000280_neg5.jpg
train_000280	train_000280	train	train	non_fire	non-fire/train_000280_neg6.jpg
train_000280	train_000280	train	train	non_fire	non-fire/train_000280_neg7.jpg
train_000280	train_000280	train	train	non_fire	non-fire/train_000280_neg8.jpg
train_000280	train_000280	train	train	non_fire	non-fire/train_000280_neg9.jpg
train_000281	train_000281	val	val	fire	fire/train_000281_box0_0.jpg
train_000281	train_000281	val	val	fire	fire/train_000281_box1_0.jpg
train_000281	train_000281	val	val	fire	fire/train_000281_box2_0.jpg
train_000281	train_000281	val	val	fire	fire/train_000281_box3_0.jpg
train_000281	train_000281	val	val	non_fire	non-fire/train_000281_neg0.jpg
train_000281	train_000281	val	val	non_fire	non-fire/train_000281_neg1.jpg
train_000281	train_000281	val	val	non_fire	non-fire/train_000281_neg10.jpg
train_000281	train_000281	val	val	non_fire	non-fire/train_000281_neg11.jpg
train_000281	train_000281	val	val	non_fire	non-fire/train_000281_neg2.jpg
train_000281	train_000281	val	val	non_fire	non-fire/train_000281_neg3.jpg
train_000281	train_000281	val	val	non_fire	non-fire/train_000281_neg4.jpg
train_000281	train_000281	val	val	non_fire	non-fire/train_000281_neg5.jpg
train_000281	train_000281	val	val	non_fire	non-fire/train_000281_neg6.jpg
train_000281	train_000281	val	val	non_fire	non-fire/train_000281_neg7.jpg
train_000281	train_000281	val	val	non_fire	non-fire/train_000281_neg8.jpg
train_000281	train_000281	val	val	non_fire	non-fire/train_000281_neg9.jpg
train_000282	train_000282	train	train	fire	fire/train_000282_box0_0.jpg
train_000283	train_000283	train	train	fire	fire/train_000283_box0_0.jpg
train_000283	train_000283	train	train	non_fire	non-fire/train_000283_neg0.jpg
train_000283	train_000283	train	train	non_fire	non-fire/train_000283_neg1.jpg
train_000283	train_000283	train	train	non_fire	non-fire/train_000283_neg10.jpg
train_000283	train_000283	train	train	non_fire	non-fire/train_000283_neg11.jpg
train_000283	train_000283	train	train	non_fire	non-fire/train_000283_neg2.jpg
train_000283	train_000283	train	train	non_fire	non-fire/train_000283_neg3.jpg
train_000283	train_000283	train	train	non_fire	non-fire/train_000283_neg4.jpg
train_000283	train_000283	train	train	non_fire	non-fire/train_000283_neg5.jpg
train_000283	train_000283	train	train	non_fire	non-fire/train_000283_neg6.jpg
train_000283	train_000283	train	train	non_fire	non-fire/train_000283_neg7.jpg
train_000283	train_000283	train	train	non_fire	non-fire/train_000283_neg8.jpg
train_000283	train_000283	train	train	non_fire	non-fire/train_000283_neg9.jpg
train_000285	train_000285	train	train	fire	fire/train_000285_box0_0.jpg
train_000285	train_000285	train	train	non_fire	non-fire/train_000285_neg0.jpg
train_000286	train_000286	train	train	fire	fire/train_000286_box0_0.jpg
train_000286	train_000286	train	train	non_fire	non-fire/train_000286_neg0.jpg
train_000286	train_000286	train	train	non_fire	non-fire/train_000286_neg1.jpg
train_000287	train_000287	train	train	fire	fire/train_000287_box0_0.jpg
train_000288	train_000288	train	train	fire	fire/train_000288_box0_0.jpg
train_000289	train_000289	train	train	fire	fire/train_000289_box0_0.jpg
train_000290	train_000290	test	test	fire	fire/train_000290_box0_0.jpg
train_000290	train_000290	test	test	fire	fire/train_000290_box1_0.jpg
train_000290	train_000290	test	test	fire	fire/train_000290_box2_0.jpg
train_000291	train_000291	train	train	fire	fire/train_000291_box0_0.jpg
train_000292	train_000292	train	train	fire	fire/train_000292_box0_0.jpg
train_000293	train_000293	train	train	fire	fire/train_000293_box0_0.jpg
train_000294	train_000294	train	train	fire	fire/train_000294_box0_0.jpg
train_000295	train_000295	train	train	fire	fire/train_000295_box0_0.jpg
train_000298	train_000298	train	train	fire	fire/train_000298_box0_0.jpg
train_000299	train_000299	test	test	fire	fire/train_000299_box0_0.jpg
train_000299	train_000299	test	test	fire	fire/train_000299_box1_0.jpg
train_000299	train_000299	test	test	fire	fire/train_000299_box2_0.jpg
train_000299	train_000299	test	test	non_fire	non-fire/train_000299_neg0.jpg
train_000300	train_000300	test	test	fire	fire/train_000300_box0_0.jpg
train_000300	train_000300	test	test	fire	fire/train_000300_box1_0.jpg
train_000300	train_000300	test	test	fire	fire/train_000300_box2_0.jpg
train_000300	train_000300	test	test	fire	fire/train_000300_box3_0.jpg
train_000301	train_000301	test	test	fire	fire/train_000301_box0_0.jpg
train_000301	train_000301	test	test	fire	fire/train_000301_box1_0.jpg
train_000301	train_000301	test	test	fire	fire/train_000301_box2_0.jpg
train_000301	train_000301	test	test	fire	fire/train_000301_box3_0.jpg
train_000302	train_000302	train	train	fire	fire/train_000302_box0_0.jpg
train_000303	train_000303	train	train	fire	fire/train_000303_box0_0.jpg
train_000304	train_000304	val	val	fire	fire/train_000304_box0_0.jpg
train_000304	train_000304	val	val	fire	fire/train_000304_box1_0.jpg
train_000304	train_000304	val	val	fire	fire/train_000304_box2_0.jpg
train_000304	train_000304	val	val	fire	fire/train_000304_box3_0.jpg
train_000304	train_000304	val	val	fire	fire/train_000304_box4_0.jpg
train_000304	train_000304	val	val	fire	fire/train_000304_box5_0.jpg
train_000305	train_000305	train	train	fire	fire/train_000305_box0_0.jpg
train_000307	train_000307	train	train	fire	fire/train_000307_box0_0.jpg
train_000309	train_000309	val	val	fire	fire/train_000309_box0_0.jpg
train_000309	train_000309	val	val	fire	fire/train_000309_box1_0.jpg
train_000309	train_000309	val	val	fire	fire/train_000309_box2_0.jpg
train_000309	train_000309	val	val	fire	fire/train_000309_box3_0.jpg
train_000310	train_000310	train	train	fire	fire/train_000310_box0_0.jpg
train_000310	train_000310	train	train	fire	fire/train_000310_box1_0.jpg
train_000311	train_000311	train	train	fire	fire/train_000311_box0_0.jpg
train_000312	train_000312	train	train	fire	fire/train_000312_box0_0.jpg
train_000313	train_000313	train	train	fire	fire/train_000313_box0_0.jpg
train_000314	train_000314	train	train	fire	fire/train_000314_box0_0.jpg
train_000315	train_000315	train	train	fire	fire/train_000315_box0_0.jpg
train_000315	train_000315	train	train	non_fire	non-fire/train_000315_neg9.jpg
train_000316	train_000316	test	test	fire	fire/train_000316_box0_0.jpg
train_000316	train_000316	test	test	fire	fire/train_000316_box1_0.jpg
train_000316	train_000316	test	test	fire	fire/train_000316_box2_0.jpg
train_000316	train_000316	test	test	fire	fire/train_000316_box3_0.jpg
train_000316	train_000316	test	test	fire	fire/train_000316_box4_0.jpg
train_000316	train_000316	test	test	non_fire	non-fire/train_000316_neg0.jpg
train_000316	train_000316	test	test	non_fire	non-fire/train_000316_neg1.jpg
train_000316	train_000316	test	test	non_fire	non-fire/train_000316_neg10.jpg
train_000316	train_000316	test	test	non_fire	non-fire/train_000316_neg11.jpg
train_000316	train_000316	test	test	non_fire	non-fire/train_000316_neg2.jpg
train_000316	train_000316	test	test	non_fire	non-fire/train_000316_neg5.jpg
train_000316	train_000316	test	test	non_fire	non-fire/train_000316_neg6.jpg
train_000316	train_000316	test	test	non_fire	non-fire/train_000316_neg8.jpg
train_000316	train_000316	test	test	non_fire	non-fire/train_000316_neg9.jpg
train_000318	train_000318	val	val	fire	fire/train_000318_box0_0.jpg
train_000318	train_000318	val	val	fire	fire/train_000318_box1_0.jpg
train_000318	train_000318	val	val	fire	fire/train_000318_box2_0.jpg
train_000318	train_000318	val	val	fire	fire/train_000318_box3_0.jpg
train_000318	train_000318	val	val	non_fire	non-fire/train_000318_neg0.jpg
train_000318	train_000318	val	val	non_fire	non-fire/train_000318_neg1.jpg
train_000318	train_000318	val	val	non_fire	non-fire/train_000318_neg7.jpg
train_000319	train_000319	test	test	fire	fire/train_000319_box0_0.jpg
train_000321	train_000321	train	train	fire	fire/train_000321_box0_0.jpg
train_000324	train_000324	val	val	fire	fire/train_000324_box0_0.jpg
train_000324	train_000324	val	val	fire	fire/train_000324_box1_0.jpg
train_000324	train_000324	val	val	fire	fire/train_000324_box2_0.jpg
train_000324	train_000324	val	val	fire	fire/train_000324_box3_0.jpg
train_000325	train_000325	train	train	fire	fire/train_000325_box0_0.jpg
train_000325	train_000325	train	train	non_fire	non-fire/train_000325_neg4.jpg
train_000325	train_000325	train	train	non_fire	non-fire/train_000325_neg5.jpg
train_000326	train_000326	train	train	fire	fire/train_000326_box0_0.jpg
train_000326	train_000326	train	train	fire	fire/train_000326_box1_0.jpg
train_000327	train_000327	train	train	fire	fire/train_000327_box0_0.jpg
train_000328	train_000328	train	train	fire	fire/train_000328_box0_0.jpg
train_000329	train_000329	train	train	fire	fire/train_000329_box0_0.jpg
train_000330	train_000330	train	train	fire	fire/train_000330_box0_0.jpg
train_000331	train_000331	test	test	fire	fire/train_000331_box0_0.jpg
train_000331	train_000331	test	test	fire	fire/train_000331_box1_0.jpg
train_000331	train_000331	test	test	fire	fire/train_000331_box2_0.jpg
train_000331	train_000331	test	test	fire	fire/train_000331_box3_0.jpg
train_000331	train_000331	test	test	fire	fire/train_000331_box4_0.jpg
train_000331	train_000331	test	test	non_fire	non-fire/train_000331_neg10.jpg
train_000331	train_000331	test	test	non_fire	non-fire/train_000331_neg3.jpg
train_000331	train_000331	test	test	non_fire	non-fire/train_000331_neg5.jpg
train_000331	train_000331	test	test	non_fire	non-fire/train_000331_neg7.jpg
train_000331	train_000331	test	test	non_fire	non-fire/train_000331_neg9.jpg
train_000333	train_000333	test	test	fire	fire/train_000333_box0_0.jpg
train_000333	train_000333	test	test	fire	fire/train_000333_box1_0.jpg
train_000333	train_000333	test	test	fire	fire/train_000333_box3_0.jpg
train_000333	train_000333	test	test	non_fire	non-fire/train_000333_neg0.jpg
train_000333	train_000333	test	test	non_fire	non-fire/train_000333_neg1.jpg
train_000333	train_000333	test	test	non_fire	non-fire/train_000333_neg10.jpg
train_000333	train_000333	test	test	non_fire	non-fire/train_000333_neg11.jpg
train_000333	train_000333	test	test	non_fire	non-fire/train_000333_neg2.jpg
train_000333	train_000333	test	test	non_fire	non-fire/train_000333_neg3.jpg
train_000333	train_000333	test	test	non_fire	non-fire/train_000333_neg4.jpg
train_000333	train_000333	test	test	non_fire	non-fire/train_000333_neg5.jpg
train_000333	train_000333	test	test	non_fire	non-fire/train_000333_neg6.jpg
train_000333	train_000333	test	test	non_fire	non-fire/train_000333_neg7.jpg
train_000333	train_000333	test	test	non_fire	non-fire/train_000333_neg8.jpg
train_000333	train_000333	test	test	non_fire	non-fire/train_000333_neg9.jpg
train_000334	train_000334	train	train	fire	fire/train_000334_box0_0.jpg
train_000334	train_000334	train	train	non_fire	non-fire/train_000334_neg0.jpg
train_000334	train_000334	train	train	non_fire	non-fire/train_000334_neg1.jpg
train_000334	train_000334	train	train	non_fire	non-fire/train_000334_neg2.jpg
train_000335	train_000335	val	val	fire	fire/train_000335_box0_0.jpg
train_000335	train_000335	val	val	fire	fire/train_000335_box1_0.jpg
train_000335	train_000335	val	val	non_fire	non-fire/train_000335_neg11.jpg
train_000335	train_000335	val	val	non_fire	non-fire/train_000335_neg4.jpg
train_000335	train_000335	val	val	non_fire	non-fire/train_000335_neg5.jpg
train_000335	train_000335	val	val	non_fire	non-fire/train_000335_neg6.jpg
train_000337	train_000337	test	test	fire	fire/train_000337_box0_0.jpg
train_000337	train_000337	test	test	non_fire	non-fire/train_000337_neg0.jpg
train_000337	train_000337	test	test	non_fire	non-fire/train_000337_neg1.jpg
train_000337	train_000337	test	test	non_fire	non-fire/train_000337_neg10.jpg
train_000337	train_000337	test	test	non_fire	non-fire/train_000337_neg11.jpg
train_000337	train_000337	test	test	non_fire	non-fire/train_000337_neg2.jpg
train_000337	train_000337	test	test	non_fire	non-fire/train_000337_neg3.jpg
train_000337	train_000337	test	test	non_fire	non-fire/train_000337_neg4.jpg
train_000337	train_000337	test	test	non_fire	non-fire/train_000337_neg5.jpg
train_000337	train_000337	test	test	non_fire	non-fire/train_000337_neg6.jpg
train_000337	train_000337	test	test	non_fire	non-fire/train_000337_neg7.jpg
train_000337	train_000337	test	test	non_fire	non-fire/train_000337_neg8.jpg
train_000337	train_000337	test	test	non_fire	non-fire/train_000337_neg9.jpg
train_000338	train_000338	train	train	fire	fire/train_000338_box0_0.jpg
train_000338	train_000338	train	train	non_fire	non-fire/train_000338_neg0.jpg
train_000338	train_000338	train	train	non_fire	non-fire/train_000338_neg1.jpg
train_000338	train_000338	train	train	non_fire	non-fire/train_000338_neg10.jpg
train_000338	train_000338	train	train	non_fire	non-fire/train_000338_neg11.jpg
train_000338	train_000338	train	train	non_fire	non-fire/train_000338_neg2.jpg
train_000338	train_000338	train	train	non_fire	non-fire/train_000338_neg3.jpg
train_000338	train_000338	train	train	non_fire	non-fire/train_000338_neg4.jpg
train_000338	train_000338	train	train	non_fire	non-fire/train_000338_neg5.jpg
train_000338	train_000338	train	train	non_fire	non-fire/train_000338_neg6.jpg
train_000338	train_000338	train	train	non_fire	non-fire/train_000338_neg7.jpg
train_000338	train_000338	train	train	non_fire	non-fire/train_000338_neg8.jpg
train_000338	train_000338	train	train	non_fire	non-fire/train_000338_neg9.jpg
train_000340	train_000340	train	train	fire	fire/train_000340_box0_0.jpg
train_000342	train_000342	train	train	fire	fire/train_000342_box0_0.jpg
train_000343	train_000343	train	train	fire	fire/train_000343_box0_0.jpg
train_000344	train_000344	train	train	fire	fire/train_000344_box0_0.jpg
train_000344	train_000344	train	train	non_fire	non-fire/train_000344_neg0.jpg
train_000344	train_000344	train	train	non_fire	non-fire/train_000344_neg1.jpg
train_000344	train_000344	train	train	non_fire	non-fire/train_000344_neg10.jpg
train_000344	train_000344	train	train	non_fire	non-fire/train_000344_neg11.jpg
train_000344	train_000344	train	train	non_fire	non-fire/train_000344_neg2.jpg
train_000344	train_000344	train	train	non_fire	non-fire/train_000344_neg3.jpg
train_000344	train_000344	train	train	non_fire	non-fire/train_000344_neg4.jpg
train_000344	train_000344	train	train	non_fire	non-fire/train_000344_neg5.jpg
train_000344	train_000344	train	train	non_fire	non-fire/train_000344_neg6.jpg
train_000344	train_000344	train	train	non_fire	non-fire/train_000344_neg7.jpg
train_000344	train_000344	train	train	non_fire	non-fire/train_000344_neg8.jpg
train_000344	train_000344	train	train	non_fire	non-fire/train_000344_neg9.jpg
train_000345	train_000345	test	test	fire	fire/train_000345_box0_0.jpg
train_000345	train_000345	test	test	fire	fire/train_000345_box1_0.jpg
train_000345	train_000345	test	test	non_fire	non-fire/train_000345_neg0.jpg
train_000345	train_000345	test	test	non_fire	non-fire/train_000345_neg1.jpg
train_000345	train_000345	test	test	non_fire	non-fire/train_000345_neg10.jpg
train_000345	train_000345	test	test	non_fire	non-fire/train_000345_neg2.jpg
train_000345	train_000345	test	test	non_fire	non-fire/train_000345_neg3.jpg
train_000345	train_000345	test	test	non_fire	non-fire/train_000345_neg4.jpg
train_000345	train_000345	test	test	non_fire	non-fire/train_000345_neg5.jpg
train_000345	train_000345	test	test	non_fire	non-fire/train_000345_neg6.jpg
train_000345	train_000345	test	test	non_fire	non-fire/train_000345_neg7.jpg
train_000345	train_000345	test	test	non_fire	non-fire/train_000345_neg8.jpg
train_000346	train_000346	train	train	fire	fire/train_000346_box0_0.jpg
train_000347	train_000347	val	val	fire	fire/train_000347_box0_0.jpg
train_000349	train_000349	train	train	fire	fire/train_000349_box0_0.jpg
train_000349	train_000349	train	train	non_fire	non-fire/train_000349_neg10.jpg
train_000349	train_000349	train	train	non_fire	non-fire/train_000349_neg11.jpg
train_000349	train_000349	train	train	non_fire	non-fire/train_000349_neg4.jpg
train_000349	train_000349	train	train	non_fire	non-fire/train_000349_neg5.jpg
train_000349	train_000349	train	train	non_fire	non-fire/train_000349_neg6.jpg
train_000349	train_000349	train	train	non_fire	non-fire/train_000349_neg7.jpg
train_000349	train_000349	train	train	non_fire	non-fire/train_000349_neg8.jpg
train_000349	train_000349	train	train	non_fire	non-fire/train_000349_neg9.jpg
train_000350	train_000350	train	train	fire	fire/train_000350_box0_0.jpg
train_000350	train_000350	train	train	non_fire	non-fire/train_000350_neg0.jpg
train_000350	train_000350	train	train	non_fire	non-fire/train_000350_neg1.jpg
train_000350	train_000350	train	train	non_fire	non-fire/train_000350_neg10.jpg
train_000350	train_000350	train	train	non_fire	non-fire/train_000350_neg2.jpg
train_000350	train_000350	train	train	non_fire	non-fire/train_000350_neg3.jpg
train_000350	train_000350	train	train	non_fire	non-fire/train_000350_neg5.jpg
train_000350	train_000350	train	train	non_fire	non-fire/train_000350_neg6.jpg
train_000350	train_000350	train	train	non_fire	non-fire/train_000350_neg7.jpg
train_000350	train_000350	train	train	non_fire	non-fire/train_000350_neg8.jpg
train_000350	train_000350	train	train	non_fire	non-fire/train_000350_neg9.jpg
train_000351	train_000351	train	train	fire	fire/train_000351_box0_0.jpg
train_000351	train_000351	train	train	fire	fire/train_000351_box1_0.jpg
train_000352	train_000352	val	val	fire	fire/train_000352_box0_0.jpg
train_000354	train_000354	test	test	fire	fire/train_000354_box0_0.jpg
train_000354	train_000354	test	test	fire	fire/train_000354_box1_0.jpg
train_000354	train_000354	test	test	fire	fire/train_000354_box2_0.jpg
train_000354	train_000354	test	test	non_fire	non-fire/train_000354_neg0.jpg
train_000354	train_000354	test	test	non_fire	non-fire/train_000354_neg1.jpg
train_000354	train_000354	test	test	non_fire	non-fire/train_000354_neg10.jpg
train_000354	train_000354	test	test	non_fire	non-fire/train_000354_neg11.jpg
train_000354	train_000354	test	test	non_fire	non-fire/train_000354_neg2.jpg
train_000354	train_000354	test	test	non_fire	non-fire/train_000354_neg3.jpg
train_000354	train_000354	test	test	non_fire	non-fire/train_000354_neg4.jpg
train_000354	train_000354	test	test	non_fire	non-fire/train_000354_neg5.jpg
train_000354	train_000354	test	test	non_fire	non-fire/train_000354_neg6.jpg
train_000354	train_000354	test	test	non_fire	non-fire/train_000354_neg7.jpg
train_000354	train_000354	test	test	non_fire	non-fire/train_000354_neg8.jpg
train_000354	train_000354	test	test	non_fire	non-fire/train_000354_neg9.jpg
train_000355	train_000355	train	train	fire	fire/train_000355_box1_0.jpg
train_000357	train_000357	train	train	fire	fire/train_000357_box0_0.jpg
train_000359	train_000359	val	val	fire	fire/train_000359_box0_0.jpg
train_000359	train_000359	val	val	fire	fire/train_000359_box1_0.jpg
train_000359	train_000359	val	val	non_fire	non-fire/train_000359_neg1.jpg
train_000359	train_000359	val	val	non_fire	non-fire/train_000359_neg10.jpg
train_000359	train_000359	val	val	non_fire	non-fire/train_000359_neg11.jpg
train_000359	train_000359	val	val	non_fire	non-fire/train_000359_neg2.jpg
train_000359	train_000359	val	val	non_fire	non-fire/train_000359_neg6.jpg
train_000359	train_000359	val	val	non_fire	non-fire/train_000359_neg7.jpg
train_000359	train_000359	val	val	non_fire	non-fire/train_000359_neg8.jpg
train_000359	train_000359	val	val	non_fire	non-fire/train_000359_neg9.jpg
train_000360	train_000360	train	train	fire	fire/train_000360_box0_0.jpg
train_000360	train_000360	train	train	non_fire	non-fire/train_000360_neg0.jpg
train_000360	train_000360	train	train	non_fire	non-fire/train_000360_neg1.jpg
train_000360	train_000360	train	train	non_fire	non-fire/train_000360_neg10.jpg
train_000360	train_000360	train	train	non_fire	non-fire/train_000360_neg11.jpg
train_000360	train_000360	train	train	non_fire	non-fire/train_000360_neg2.jpg
train_000360	train_000360	train	train	non_fire	non-fire/train_000360_neg3.jpg
train_000360	train_000360	train	train	non_fire	non-fire/train_000360_neg4.jpg
train_000360	train_000360	train	train	non_fire	non-fire/train_000360_neg5.jpg
train_000360	train_000360	train	train	non_fire	non-fire/train_000360_neg6.jpg
train_000360	train_000360	train	train	non_fire	non-fire/train_000360_neg7.jpg
train_000360	train_000360	train	train	non_fire	non-fire/train_000360_neg8.jpg
train_000360	train_000360	train	train	non_fire	non-fire/train_000360_neg9.jpg
train_000361	train_000361	train	train	fire	fire/train_000361_box0_0.jpg
train_000361	train_000361	train	train	non_fire	non-fire/train_000361_neg0.jpg
train_000361	train_000361	train	train	non_fire	non-fire/train_000361_neg1.jpg
train_000361	train_000361	train	train	non_fire	non-fire/train_000361_neg10.jpg
train_000361	train_000361	train	train	non_fire	non-fire/train_000361_neg11.jpg
train_000361	train_000361	train	train	non_fire	non-fire/train_000361_neg2.jpg
train_000361	train_000361	train	train	non_fire	non-fire/train_000361_neg3.jpg
train_000361	train_000361	train	train	non_fire	non-fire/train_000361_neg4.jpg
train_000361	train_000361	train	train	non_fire	non-fire/train_000361_neg5.jpg
train_000361	train_000361	train	train	non_fire	non-fire/train_000361_neg6.jpg
train_000361	train_000361	train	train	non_fire	non-fire/train_000361_neg7.jpg
train_000361	train_000361	train	train	non_fire	non-fire/train_000361_neg8.jpg
train_000361	train_000361	train	train	non_fire	non-fire/train_000361_neg9.jpg
train_000362	train_000362	test	test	fire	fire/train_000362_box0_0.jpg
train_000362	train_000362	test	test	fire	fire/train_000362_box1_0.jpg
train_000362	train_000362	test	test	fire	fire/train_000362_box2_0.jpg
train_000362	train_000362	test	test	non_fire	non-fire/train_000362_neg0.jpg
train_000362	train_000362	test	test	non_fire	non-fire/train_000362_neg1.jpg
train_000362	train_000362	test	test	non_fire	non-fire/train_000362_neg10.jpg
train_000362	train_000362	test	test	non_fire	non-fire/train_000362_neg11.jpg
train_000362	train_000362	test	test	non_fire	non-fire/train_000362_neg2.jpg
train_000362	train_000362	test	test	non_fire	non-fire/train_000362_neg3.jpg
train_000362	train_000362	test	test	non_fire	non-fire/train_000362_neg4.jpg
train_000362	train_000362	test	test	non_fire	non-fire/train_000362_neg5.jpg
train_000362	train_000362	test	test	non_fire	non-fire/train_000362_neg6.jpg
train_000362	train_000362	test	test	non_fire	non-fire/train_000362_neg7.jpg
train_000362	train_000362	test	test	non_fire	non-fire/train_000362_neg8.jpg
train_000362	train_000362	test	test	non_fire	non-fire/train_000362_neg9.jpg
train_000363	train_000363	train	train	fire	fire/train_000363_box0_0.jpg
train_000363	train_000363	train	train	non_fire	non-fire/train_000363_neg0.jpg
train_000363	train_000363	train	train	non_fire	non-fire/train_000363_neg1.jpg
train_000363	train_000363	train	train	non_fire	non-fire/train_000363_neg10.jpg
train_000363	train_000363	train	train	non_fire	non-fire/train_000363_neg11.jpg
train_000363	train_000363	train	train	non_fire	non-fire/train_000363_neg2.jpg
train_000363	train_000363	train	train	non_fire	non-fire/train_000363_neg3.jpg
train_000363	train_000363	train	train	non_fire	non-fire/train_000363_neg4.jpg
train_000363	train_000363	train	train	non_fire	non-fire/train_000363_neg5.jpg
train_000363	train_000363	train	train	non_fire	non-fire/train_000363_neg6.jpg
train_000363	train_000363	train	train	non_fire	non-fire/train_000363_neg7.jpg
train_000363	train_000363	train	train	non_fire	non-fire/train_000363_neg8.jpg
train_000363	train_000363	train	train	non_fire	non-fire/train_000363_neg9.jpg
train_000364	train_000364	val	val	fire	fire/train_000364_box0_0.jpg
train_000366	train_000366	train	train	fire	fire/train_000366_box0_0.jpg
train_000366	train_000366	train	train	non_fire	non-fire/train_000366_neg0.jpg
train_000366	train_000366	train	train	non_fire	non-fire/train_000366_neg1.jpg
train_000366	train_000366	train	train	non_fire	non-fire/train_000366_neg2.jpg
train_000366	train_000366	train	train	non_fire	non-fire/train_000366_neg3.jpg
train_000366	train_000366	train	train	non_fire	non-fire/train_000366_neg4.jpg
train_000366	train_000366	train	train	non_fire	non-fire/train_000366_neg5.jpg
train_000366	train_000366	train	train	non_fire	non-fire/train_000366_neg6.jpg
train_000369	train_000369	train	train	fire	fire/train_000369_box0_0.jpg
train_000370	train_000370	train	train	fire	fire/train_000370_box0_0.jpg
train_000373	train_000373	val	val	fire	fire/train_000373_box0_0.jpg
train_000373	train_000373	val	val	fire	fire/train_000373_box1_0.jpg
train_000373	train_000373	val	val	non_fire	non-fire/train_000373_neg0.jpg
train_000373	train_000373	val	val	non_fire	non-fire/train_000373_neg1.jpg
train_000373	train_000373	val	val	non_fire	non-fire/train_000373_neg10.jpg
train_000373	train_000373	val	val	non_fire	non-fire/train_000373_neg11.jpg
train_000373	train_000373	val	val	non_fire	non-fire/train_000373_neg2.jpg
train_000373	train_000373	val	val	non_fire	non-fire/train_000373_neg3.jpg
train_000373	train_000373	val	val	non_fire	non-fire/train_000373_neg4.jpg
train_000373	train_000373	val	val	non_fire	non-fire/train_000373_neg5.jpg
train_000373	train_000373	val	val	non_fire	non-fire/train_000373_neg6.jpg
train_000373	train_000373	val	val	non_fire	non-fire/train_000373_neg7.jpg
train_000373	train_000373	val	val	non_fire	non-fire/train_000373_neg8.jpg
train_000373	train_000373	val	val	non_fire	non-fire/train_000373_neg9.jpg
train_000374	train_000374	test	test	fire	fire/train_000374_box1_0.jpg
train_000374	train_000374	test	test	fire	fire/train_000374_box2_0.jpg
train_000374	train_000374	test	test	non_fire	non-fire/train_000374_neg0.jpg
train_000374	train_000374	test	test	non_fire	non-fire/train_000374_neg1.jpg
train_000374	train_000374	test	test	non_fire	non-fire/train_000374_neg10.jpg
train_000374	train_000374	test	test	non_fire	non-fire/train_000374_neg11.jpg
train_000374	train_000374	test	test	non_fire	non-fire/train_000374_neg2.jpg
train_000374	train_000374	test	test	non_fire	non-fire/train_000374_neg3.jpg
train_000374	train_000374	test	test	non_fire	non-fire/train_000374_neg4.jpg
train_000374	train_000374	test	test	non_fire	non-fire/train_000374_neg5.jpg
train_000374	train_000374	test	test	non_fire	non-fire/train_000374_neg6.jpg
train_000374	train_000374	test	test	non_fire	non-fire/train_000374_neg7.jpg
train_000374	train_000374	test	test	non_fire	non-fire/train_000374_neg8.jpg
train_000374	train_000374	test	test	non_fire	non-fire/train_000374_neg9.jpg
train_000375	train_000375	test	test	fire	fire/train_000375_box0_0.jpg
train_000375	train_000375	test	test	non_fire	non-fire/train_000375_neg0.jpg
train_000375	train_000375	test	test	non_fire	non-fire/train_000375_neg1.jpg
train_000375	train_000375	test	test	non_fire	non-fire/train_000375_neg10.jpg
train_000375	train_000375	test	test	non_fire	non-fire/train_000375_neg11.jpg
train_000375	train_000375	test	test	non_fire	non-fire/train_000375_neg2.jpg
train_000375	train_000375	test	test	non_fire	non-fire/train_000375_neg3.jpg
train_000375	train_000375	test	test	non_fire	non-fire/train_000375_neg4.jpg
train_000375	train_000375	test	test	non_fire	non-fire/train_000375_neg5.jpg
train_000375	train_000375	test	test	non_fire	non-fire/train_000375_neg6.jpg
train_000375	train_000375	test	test	non_fire	non-fire/train_000375_neg7.jpg
train_000375	train_000375	test	test	non_fire	non-fire/train_000375_neg8.jpg
train_000375	train_000375	test	test	non_fire	non-fire/train_000375_neg9.jpg
train_000376	train_000376	train	train	fire	fire/train_000376_box0_0.jpg
train_000377	train_000377	train	train	fire	fire/train_000377_box0_0.jpg
train_000377	train_000377	train	train	non_fire	non-fire/train_000377_neg10.jpg
train_000377	train_000377	train	train	non_fire	non-fire/train_000377_neg11.jpg
train_000378	train_000378	train	train	fire	fire/train_000378_box0_0.jpg
train_000378	train_000378	train	train	non_fire	non-fire/train_000378_neg0.jpg
train_000378	train_000378	train	train	non_fire	non-fire/train_000378_neg1.jpg
train_000378	train_000378	train	train	non_fire	non-fire/train_000378_neg10.jpg
train_000378	train_000378	train	train	non_fire	non-fire/train_000378_neg11.jpg
train_000378	train_000378	train	train	non_fire	non-fire/train_000378_neg2.jpg
train_000378	train_000378	train	train	non_fire	non-fire/train_000378_neg3.jpg
train_000378	train_000378	train	train	non_fire	non-fire/train_000378_neg4.jpg
train_000378	train_000378	train	train	non_fire	non-fire/train_000378_neg5.jpg
train_000378	train_000378	train	train	non_fire	non-fire/train_000378_neg6.jpg
train_000378	train_000378	train	train	non_fire	non-fire/train_000378_neg7.jpg
train_000378	train_000378	train	train	non_fire	non-fire/train_000378_neg8.jpg
train_000378	train_000378	train	train	non_fire	non-fire/train_000378_neg9.jpg
train_000379	train_000379	test	test	fire	fire/train_000379_box0_0.jpg
train_000379	train_000379	test	test	fire	fire/train_000379_box1_0.jpg
train_000379	train_000379	test	test	non_fire	non-fire/train_000379_neg0.jpg
train_000379	train_000379	test	test	non_fire	non-fire/train_000379_neg1.jpg
train_000379	train_000379	test	test	non_fire	non-fire/train_000379_neg10.jpg
train_000379	train_000379	test	test	non_fire	non-fire/train_000379_neg11.jpg
train_000379	train_000379	test	test	non_fire	non-fire/train_000379_neg2.jpg
train_000379	train_000379	test	test	non_fire	non-fire/train_000379_neg3.jpg
train_000379	train_000379	test	test	non_fire	non-fire/train_000379_neg4.jpg
train_000379	train_000379	test	test	non_fire	non-fire/train_000379_neg5.jpg
train_000379	train_000379	test	test	non_fire	non-fire/train_000379_neg6.jpg
train_000379	train_000379	test	test	non_fire	non-fire/train_000379_neg7.jpg
train_000379	train_000379	test	test	non_fire	non-fire/train_000379_neg8.jpg
train_000379	train_000379	test	test	non_fire	non-fire/train_000379_neg9.jpg
train_000381	train_000381	val	val	fire	fire/train_000381_box0_0.jpg
train_000381	train_000381	val	val	fire	fire/train_000381_box1_0.jpg
train_000381	train_000381	val	val	non_fire	non-fire/train_000381_neg0.jpg
train_000381	train_000381	val	val	non_fire	non-fire/train_000381_neg1.jpg
train_000381	train_000381	val	val	non_fire	non-fire/train_000381_neg10.jpg
train_000381	train_000381	val	val	non_fire	non-fire/train_000381_neg11.jpg
train_000381	train_000381	val	val	non_fire	non-fire/train_000381_neg2.jpg
train_000381	train_000381	val	val	non_fire	non-fire/train_000381_neg3.jpg
train_000381	train_000381	val	val	non_fire	non-fire/train_000381_neg4.jpg
train_000381	train_000381	val	val	non_fire	non-fire/train_000381_neg5.jpg
train_000381	train_000381	val	val	non_fire	non-fire/train_000381_neg6.jpg
train_000381	train_000381	val	val	non_fire	non-fire/train_000381_neg7.jpg
train_000381	train_000381	val	val	non_fire	non-fire/train_000381_neg8.jpg
train_000381	train_000381	val	val	non_fire	non-fire/train_000381_neg9.jpg
train_000382	train_000382	train	train	non_fire	non-fire/train_000382_neg0.jpg
train_000383	train_000383	train	train	fire	fire/train_000383_box0_0.jpg
train_000383	train_000383	train	train	non_fire	non-fire/train_000383_neg0.jpg
train_000383	train_000383	train	train	non_fire	non-fire/train_000383_neg1.jpg
train_000385	train_000385	test	test	fire	fire/train_000385_box0_0.jpg
train_000385	train_000385	test	test	fire	fire/train_000385_box1_0.jpg
train_000385	train_000385	test	test	non_fire	non-fire/train_000385_neg0.jpg
train_000385	train_000385	test	test	non_fire	non-fire/train_000385_neg1.jpg
train_000385	train_000385	test	test	non_fire	non-fire/train_000385_neg10.jpg
train_000385	train_000385	test	test	non_fire	non-fire/train_000385_neg11.jpg
train_000385	train_000385	test	test	non_fire	non-fire/train_000385_neg2.jpg
train_000385	train_000385	test	test	non_fire	non-fire/train_000385_neg3.jpg
train_000385	train_000385	test	test	non_fire	non-fire/train_000385_neg4.jpg
train_000385	train_000385	test	test	non_fire	non-fire/train_000385_neg5.jpg
train_000385	train_000385	test	test	non_fire	non-fire/train_000385_neg6.jpg
train_000385	train_000385	test	test	non_fire	non-fire/train_000385_neg7.jpg
train_000385	train_000385	test	test	non_fire	non-fire/train_000385_neg9.jpg
train_000386	train_000386	test	test	fire	fire/train_000386_box0_0.jpg
train_000386	train_000386	test	test	fire	fire/train_000386_box1_0.jpg
train_000386	train_000386	test	test	non_fire	non-fire/train_000386_neg0.jpg
train_000386	train_000386	test	test	non_fire	non-fire/train_000386_neg10.jpg
train_000386	train_000386	test	test	non_fire	non-fire/train_000386_neg11.jpg
train_000386	train_000386	test	test	non_fire	non-fire/train_000386_neg8.jpg
train_000386	train_000386	test	test	non_fire	non-fire/train_000386_neg9.jpg
train_000387	train_000387	train	train	fire	fire/train_000387_box0_0.jpg
train_000388	train_000388	train	train	non_fire	non-fire/train_000388_neg11.jpg
train_000389	train_000389	train	train	fire	fire/train_000389_box0_0.jpg
train_000390	train_000390	train	train	fire	fire/train_000390_box0_0.jpg
train_000390	train_000390	train	train	fire	fire/train_000390_box1_0.jpg
train_000390	train_000390	train	train	fire	fire/train_000390_box2_0.jpg
train_000391	train_000391	train	train	non_fire	non-fire/train_000391_neg0.jpg
train_000392	train_000392	train	train	fire	fire/train_000392_box0_0.jpg
train_000393	train_000393	train	train	fire	fire/train_000393_box0_0.jpg
train_000393	train_000393	train	train	fire	fire/train_000393_box1_0.jpg
train_000394	train_000394	train	train	fire	fire/train_000394_box0_0.jpg
train_000394	train_000394	train	train	non_fire	non-fire/train_000394_neg1.jpg
train_000397	train_000397	train	train	fire	fire/train_000397_box0_0.jpg
train_000397	train_000397	train	train	non_fire	non-fire/train_000397_neg0.jpg
train_000397	train_000397	train	train	non_fire	non-fire/train_000397_neg1.jpg
train_000397	train_000397	train	train	non_fire	non-fire/train_000397_neg11.jpg
train_000397	train_000397	train	train	non_fire	non-fire/train_000397_neg2.jpg
train_000397	train_000397	train	train	non_fire	non-fire/train_000397_neg3.jpg
train_000397	train_000397	train	train	non_fire	non-fire/train_000397_neg4.jpg
train_000399	train_000399	train	train	fire	fire/train_000399_box0_0.jpg
train_000400	train_000400	train	train	fire	fire/train_000400_box0_0.jpg
train_000401	train_000401	train	train	fire	fire/train_000401_box0_0.jpg
train_000402	train_000402	train	train	fire	fire/train_000402_box0_0.jpg
train_000402	train_000402	train	train	fire	fire/train_000402_box1_0.jpg
train_000403	train_000403	train	train	fire	fire/train_000403_box0_0.jpg
train_000403	train_000403	train	train	non_fire	non-fire/train_000403_neg11.jpg
train_000405	train_000405	train	train	fire	fire/train_000405_box0_0.jpg
train_000406	train_000406	val	val	fire	fire/train_000406_box0_0.jpg
train_000406	train_000406	val	val	non_fire	non-fire/train_000406_neg0.jpg
train_000406	train_000406	val	val	non_fire	non-fire/train_000406_neg1.jpg
train_000406	train_000406	val	val	non_fire	non-fire/train_000406_neg10.jpg
train_000406	train_000406	val	val	non_fire	non-fire/train_000406_neg11.jpg
train_000406	train_000406	val	val	non_fire	non-fire/train_000406_neg2.jpg
train_000406	train_000406	val	val	non_fire	non-fire/train_000406_neg3.jpg
train_000406	train_000406	val	val	non_fire	non-fire/train_000406_neg4.jpg
train_000406	train_000406	val	val	non_fire	non-fire/train_000406_neg5.jpg
train_000406	train_000406	val	val	non_fire	non-fire/train_000406_neg6.jpg
train_000406	train_000406	val	val	non_fire	non-fire/train_000406_neg7.jpg
train_000406	train_000406	val	val	non_fire	non-fire/train_000406_neg8.jpg
train_000406	train_000406	val	val	non_fire	non-fire/train_000406_neg9.jpg
train_000407	train_000407	train	train	fire	fire/train_000407_box0_0.jpg
train_000408	train_000408	train	train	fire	fire/train_000408_box0_0.jpg
train_000408	train_000408	train	train	non_fire	non-fire/train_000408_neg0.jpg
train_000408	train_000408	train	train	non_fire	non-fire/train_000408_neg1.jpg
train_000408	train_000408	train	train	non_fire	non-fire/train_000408_neg2.jpg
train_000408	train_000408	train	train	non_fire	non-fire/train_000408_neg3.jpg
train_000408	train_000408	train	train	non_fire	non-fire/train_000408_neg4.jpg
train_000408	train_000408	train	train	non_fire	non-fire/train_000408_neg5.jpg
train_000408	train_000408	train	train	non_fire	non-fire/train_000408_neg6.jpg
train_000408	train_000408	train	train	non_fire	non-fire/train_000408_neg7.jpg
train_000408	train_000408	train	train	non_fire	non-fire/train_000408_neg8.jpg
train_000408	train_000408	train	train	non_fire	non-fire/train_000408_neg9.jpg
train_000411	train_000411	train	train	fire	fire/train_000411_box0_0.jpg
train_000412	train_000412	train	train	fire	fire/train_000412_box0_0.jpg
train_000414	train_000414	train	train	fire	fire/train_000414_box0_0.jpg
train_000415	train_000415	train	train	fire	fire/train_000415_box0_0.jpg
train_000416	train_000416	train	train	fire	fire/train_000416_box0_0.jpg
train_000416	train_000416	train	train	fire	fire/train_000416_box2_0.jpg
train_000417	train_000417	train	train	fire	fire/train_000417_box0_0.jpg
train_000419	train_000419	train	train	fire	fire/train_000419_box0_0.jpg
train_000419	train_000419	train	train	non_fire	non-fire/train_000419_neg0.jpg
train_000419	train_000419	train	train	non_fire	non-fire/train_000419_neg1.jpg
train_000419	train_000419	train	train	non_fire	non-fire/train_000419_neg10.jpg
train_000419	train_000419	train	train	non_fire	non-fire/train_000419_neg11.jpg
train_000419	train_000419	train	train	non_fire	non-fire/train_000419_neg2.jpg
train_000419	train_000419	train	train	non_fire	non-fire/train_000419_neg3.jpg
train_000419	train_000419	train	train	non_fire	non-fire/train_000419_neg4.jpg
train_000419	train_000419	train	train	non_fire	non-fire/train_000419_neg5.jpg
train_000419	train_000419	train	train	non_fire	non-fire/train_000419_neg6.jpg
train_000419	train_000419	train	train	non_fire	non-fire/train_000419_neg7.jpg
train_000419	train_000419	train	train	non_fire	non-fire/train_000419_neg8.jpg
train_000419	train_000419	train	train	non_fire	non-fire/train_000419_neg9.jpg
train_000420	train_000420	test	test	fire	fire/train_000420_box0_0.jpg
train_000420	train_000420	test	test	fire	fire/train_000420_box1_0.jpg
train_000420	train_000420	test	test	fire	fire/train_000420_box2_0.jpg
train_000420	train_000420	test	test	non_fire	non-fire/train_000420_neg0.jpg
train_000420	train_000420	test	test	non_fire	non-fire/train_000420_neg1.jpg
train_000420	train_000420	test	test	non_fire	non-fire/train_000420_neg2.jpg
train_000420	train_000420	test	test	non_fire	non-fire/train_000420_neg3.jpg
train_000421	train_000421	train	train	fire	fire/train_000421_box0_0.jpg
train_000421	train_000421	train	train	fire	fire/train_000421_box1_0.jpg
train_000421	train_000421	train	train	fire	fire/train_000421_box2_0.jpg
train_000422	train_000422	val	val	fire	fire/train_000422_box0_0.jpg
train_000422	train_000422	val	val	fire	fire/train_000422_box1_0.jpg
train_000422	train_000422	val	val	fire	fire/train_000422_box2_0.jpg
train_000424	train_000424	train	train	fire	fire/train_000424_box0_0.jpg
train_000424	train_000424	train	train	non_fire	non-fire/train_000424_neg10.jpg
train_000424	train_000424	train	train	non_fire	non-fire/train_000424_neg11.jpg
train_000424	train_000424	train	train	non_fire	non-fire/train_000424_neg7.jpg
train_000424	train_000424	train	train	non_fire	non-fire/train_000424_neg8.jpg
train_000424	train_000424	train	train	non_fire	non-fire/train_000424_neg9.jpg
train_000427	train_000427	train	train	fire	fire/train_000427_box0_0.jpg
train_000428	train_000428	train	train	fire	fire/train_000428_box0_0.jpg
train_000430	train_000430	val	val	fire	fire/train_000430_box0_0.jpg
train_000430	train_000430	val	val	fire	fire/train_000430_box1_0.jpg
train_000430	train_000430	val	val	non_fire	non-fire/train_000430_neg10.jpg
train_000430	train_000430	val	val	non_fire	non-fire/train_000430_neg11.jpg
train_000430	train_000430	val	val	non_fire	non-fire/train_000430_neg4.jpg
train_000430	train_000430	val	val	non_fire	non-fire/train_000430_neg5.jpg
train_000430	train_000430	val	val	non_fire	non-fire/train_000430_neg6.jpg
train_000430	train_000430	val	val	non_fire	non-fire/train_000430_neg7.jpg
train_000430	train_000430	val	val	non_fire	non-fire/train_000430_neg8.jpg
train_000430	train_000430	val	val	non_fire	non-fire/train_000430_neg9.jpg
train_000431	train_000431	train	train	fire	fire/train_000431_box0_0.jpg
train_000431	train_000431	train	train	non_fire	non-fire/train_000431_neg0.jpg
train_000431	train_000431	train	train	non_fire	non-fire/train_000431_neg1.jpg
train_000431	train_000431	train	train	non_fire	non-fire/train_000431_neg10.jpg
train_000431	train_000431	train	train	non_fire	non-fire/train_000431_neg11.jpg
train_000431	train_000431	train	train	non_fire	non-fire/train_000431_neg2.jpg
train_000431	train_000431	train	train	non_fire	non-fire/train_000431_neg3.jpg
train_000431	train_000431	train	train	non_fire	non-fire/train_000431_neg4.jpg
train_000431	train_000431	train	train	non_fire	non-fire/train_000431_neg5.jpg
train_000431	train_000431	train	train	non_fire	non-fire/train_000431_neg6.jpg
train_000431	train_000431	train	train	non_fire	non-fire/train_000431_neg7.jpg
train_000431	train_000431	train	train	non_fire	non-fire/train_000431_neg8.jpg
train_000431	train_000431	train	train	non_fire	non-fire/train_000431_neg9.jpg
train_000433	train_000433	train	train	fire	fire/train_000433_box0_0.jpg
train_000433	train_000433	train	train	non_fire	non-fire/train_000433_neg0.jpg
train_000433	train_000433	train	train	non_fire	non-fire/train_000433_neg1.jpg
train_000433	train_000433	train	train	non_fire	non-fire/train_000433_neg2.jpg
train_000433	train_000433	train	train	non_fire	non-fire/train_000433_neg3.jpg
train_000433	train_000433	train	train	non_fire	non-fire/train_000433_neg4.jpg
train_000433	train_000433	train	train	non_fire	non-fire/train_000433_neg5.jpg
train_000433	train_000433	train	train	non_fire	non-fire/train_000433_neg6.jpg
train_000434	train_000434	train	train	fire	fire/train_000434_box0_0.jpg
train_000435	train_000435	train	train	fire	fire/train_000435_box0_0.jpg
train_000435	train_000435	train	train	non_fire	non-fire/train_000435_neg2.jpg
train_000435	train_000435	train	train	non_fire	non-fire/train_000435_neg3.jpg
train_000435	train_000435	train	train	non_fire	non-fire/train_000435_neg4.jpg
train_000435	train_000435	train	train	non_fire	non-fire/train_000435_neg5.jpg
train_000435	train_000435	train	train	non_fire	non-fire/train_000435_neg6.jpg
train_000435	train_000435	train	train	non_fire	non-fire/train_000435_neg7.jpg
train_000435	train_000435	train	train	non_fire	non-fire/train_000435_neg8.jpg
train_000437	train_000437	train	train	fire	fire/train_000437_box0_0.jpg
train_000437	train_000437	train	train	fire	fire/train_000437_box1_0.jpg
train_000437	train_000437	train	train	fire	fire/train_000437_box2_0.jpg
train_000438	train_000438	train	train	fire	fire/train_000438_box0_0.jpg
train_000439	train_000439	train	train	fire	fire/train_000439_box0_0.jpg
train_000440	train_000440	train	train	fire	fire/train_000440_box0_0.jpg
train_000441	train_000441	train	train	fire	fire/train_000441_box0_0.jpg
train_000441	train_000441	train	train	non_fire	non-fire/train_000441_neg11.jpg
train_000442	train_000442	train	train	fire	fire/train_000442_box0_0.jpg
train_000442	train_000442	train	train	non_fire	non-fire/train_000442_neg10.jpg
train_000442	train_000442	train	train	non_fire	non-fire/train_000442_neg11.jpg
train_000443	train_000443	train	train	fire	fire/train_000443_box0_0.jpg
train_000446	train_000446	train	train	fire	fire/train_000446_box0_0.jpg
train_000446	train_000446	train	train	non_fire	non-fire/train_000446_neg0.jpg
train_000446	train_000446	train	train	non_fire	non-fire/train_000446_neg1.jpg
train_000446	train_000446	train	train	non_fire	non-fire/train_000446_neg10.jpg
train_000446	train_000446	train	train	non_fire	non-fire/train_000446_neg11.jpg
train_000446	train_000446	train	train	non_fire	non-fire/train_000446_neg2.jpg
train_000446	train_000446	train	train	non_fire	non-fire/train_000446_neg3.jpg
train_000446	train_000446	train	train	non_fire	non-fire/train_000446_neg4.jpg
train_000446	train_000446	train	train	non_fire	non-fire/train_000446_neg5.jpg
train_000446	train_000446	train	train	non_fire	non-fire/train_000446_neg6.jpg
train_000446	train_000446	train	train	non_fire	non-fire/train_000446_neg7.jpg
train_000446	train_000446	train	train	non_fire	non-fire/train_000446_neg8.jpg
train_000446	train_000446	train	train	non_fire	non-fire/train_000446_neg9.jpg
train_000447	train_000447	train	train	fire	fire/train_000447_box0_0.jpg
train_000447	train_000447	train	train	non_fire	non-fire/train_000447_neg0.jpg
train_000447	train_000447	train	train	non_fire	non-fire/train_000447_neg1.jpg
train_000447	train_000447	train	train	non_fire	non-fire/train_000447_neg2.jpg
train_000447	train_000447	train	train	non_fire	non-fire/train_000447_neg3.jpg
train_000447	train_000447	train	train	non_fire	non-fire/train_000447_neg4.jpg
train_000448	train_000448	test	test	fire	fire/train_000448_box0_0.jpg
train_000448	train_000448	test	test	non_fire	non-fire/train_000448_neg0.jpg
train_000448	train_000448	test	test	non_fire	non-fire/train_000448_neg1.jpg
train_000448	train_000448	test	test	non_fire	non-fire/train_000448_neg10.jpg
train_000448	train_000448	test	test	non_fire	non-fire/train_000448_neg11.jpg
train_000448	train_000448	test	test	non_fire	non-fire/train_000448_neg2.jpg
train_000448	train_000448	test	test	non_fire	non-fire/train_000448_neg3.jpg
train_000448	train_000448	test	test	non_fire	non-fire/train_000448_neg4.jpg
train_000448	train_000448	test	test	non_fire	non-fire/train_000448_neg5.jpg
train_000448	train_000448	test	test	non_fire	non-fire/train_000448_neg6.jpg
train_000448	train_000448	test	test	non_fire	non-fire/train_000448_neg7.jpg
train_000448	train_000448	test	test	non_fire	non-fire/train_000448_neg8.jpg
train_000448	train_000448	test	test	non_fire	non-fire/train_000448_neg9.jpg
train_000449	train_000449	train	train	fire	fire/train_000449_box0_0.jpg
train_000449	train_000449	train	train	fire	fire/train_000449_box1_0.jpg
train_000449	train_000449	train	train	non_fire	non-fire/train_000449_neg0.jpg
train_000449	train_000449	train	train	non_fire	non-fire/train_000449_neg2.jpg
train_000449	train_000449	train	train	non_fire	non-fire/train_000449_neg3.jpg
train_000450	train_000450	train	train	fire	fire/train_000450_box0_0.jpg
train_000450	train_000450	train	train	non_fire	non-fire/train_000450_neg0.jpg
train_000450	train_000450	train	train	non_fire	non-fire/train_000450_neg1.jpg
train_000450	train_000450	train	train	non_fire	non-fire/train_000450_neg10.jpg
train_000450	train_000450	train	train	non_fire	non-fire/train_000450_neg11.jpg
train_000450	train_000450	train	train	non_fire	non-fire/train_000450_neg2.jpg
train_000450	train_000450	train	train	non_fire	non-fire/train_000450_neg3.jpg
train_000450	train_000450	train	train	non_fire	non-fire/train_000450_neg4.jpg
train_000450	train_000450	train	train	non_fire	non-fire/train_000450_neg5.jpg
train_000450	train_000450	train	train	non_fire	non-fire/train_000450_neg6.jpg
train_000450	train_000450	train	train	non_fire	non-fire/train_000450_neg7.jpg
train_000450	train_000450	train	train	non_fire	non-fire/train_000450_neg8.jpg
train_000450	train_000450	train	train	non_fire	non-fire/train_000450_neg9.jpg
train_000451	train_000451	train	train	fire	fire/train_000451_box0_0.jpg
train_000451	train_000451	train	train	non_fire	non-fire/train_000451_neg0.jpg
train_000451	train_000451	train	train	non_fire	non-fire/train_000451_neg1.jpg
train_000451	train_000451	train	train	non_fire	non-fire/train_000451_neg10.jpg
train_000451	train_000451	train	train	non_fire	non-fire/train_000451_neg11.jpg
train_000451	train_000451	train	train	non_fire	non-fire/train_000451_neg2.jpg
train_000451	train_000451	train	train	non_fire	non-fire/train_000451_neg3.jpg
train_000451	train_000451	train	train	non_fire	non-fire/train_000451_neg4.jpg
train_000451	train_000451	train	train	non_fire	non-fire/train_000451_neg5.jpg
train_000451	train_000451	train	train	non_fire	non-fire/train_000451_neg6.jpg
train_000451	train_000451	train	train	non_fire	non-fire/train_000451_neg7.jpg
train_000451	train_000451	train	train	non_fire	non-fire/train_000451_neg8.jpg
train_000451	train_000451	train	train	non_fire	non-fire/train_000451_neg9.jpg
train_000452	train_000452	val	val	fire	fire/train_000452_box0_0.jpg
train_000452	train_000452	val	val	fire	fire/train_000452_box2_0.jpg
train_000452	train_000452	val	val	non_fire	non-fire/train_000452_neg0.jpg
train_000452	train_000452	val	val	non_fire	non-fire/train_000452_neg1.jpg
train_000452	train_000452	val	val	non_fire	non-fire/train_000452_neg10.jpg
train_000452	train_000452	val	val	non_fire	non-fire/train_000452_neg11.jpg
train_000452	train_000452	val	val	non_fire	non-fire/train_000452_neg2.jpg
train_000452	train_000452	val	val	non_fire	non-fire/train_000452_neg3.jpg
train_000452	train_000452	val	val	non_fire	non-fire/train_000452_neg4.jpg
train_000452	train_000452	val	val	non_fire	non-fire/train_000452_neg5.jpg
train_000452	train_000452	val	val	non_fire	non-fire/train_000452_neg6.jpg
train_000452	train_000452	val	val	non_fire	non-fire/train_000452_neg7.jpg
train_000452	train_000452	val	val	non_fire	non-fire/train_000452_neg8.jpg
train_000452	train_000452	val	val	non_fire	non-fire/train_000452_neg9.jpg
train_000453	train_000453	train	train	fire	fire/train_000453_box0_0.jpg
train_000453	train_000453	train	train	non_fire	non-fire/train_000453_neg0.jpg
train_000453	train_000453	train	train	non_fire	non-fire/train_000453_neg1.jpg
train_000453	train_000453	train	train	non_fire	non-fire/train_000453_neg10.jpg
train_000453	train_000453	train	train	non_fire	non-fire/train_000453_neg11.jpg
train_000453	train_000453	train	train	non_fire	non-fire/train_000453_neg2.jpg
train_000453	train_000453	train	train	non_fire	non-fire/train_000453_neg3.jpg
train_000453	train_000453	train	train	non_fire	non-fire/train_000453_neg4.jpg
train_000453	train_000453	train	train	non_fire	non-fire/train_000453_neg5.jpg
train_000453	train_000453	train	train	non_fire	non-fire/train_000453_neg6.jpg
train_000453	train_000453	train	train	non_fire	non-fire/train_000453_neg7.jpg
train_000453	train_000453	train	train	non_fire	non-fire/train_000453_neg8.jpg
train_000453	train_000453	train	train	non_fire	non-fire/train_000453_neg9.jpg
train_000454	train_000454	test	test	fire	fire/train_000454_box0_0.jpg
train_000454	train_000454	test	test	fire	fire/train_000454_box1_0.jpg
train_000454	train_000454	test	test	non_fire	non-fire/train_000454_neg0.jpg
train_000454	train_000454	test	test	non_fire	non-fire/train_000454_neg1.jpg
train_000454	train_000454	test	test	non_fire	non-fire/train_000454_neg10.jpg
train_000454	train_000454	test	test	non_fire	non-fire/train_000454_neg11.jpg
train_000454	train_000454	test	test	non_fire	non-fire/train_000454_neg2.jpg
train_000454	train_000454	test	test	non_fire	non-fire/train_000454_neg3.jpg
train_000454	train_000454	test	test	non_fire	non-fire/train_000454_neg4.jpg
train_000454	train_000454	test	test	non_fire	non-fire/train_000454_neg5.jpg
train_000454	train_000454	test	test	non_fire	non-fire/train_000454_neg6.jpg
train_000454	train_000454	test	test	non_fire	non-fire/train_000454_neg7.jpg
train_000454	train_000454	test	test	non_fire	non-fire/train_000454_neg8.jpg
train_000454	train_000454	test	test	non_fire	non-fire/train_000454_neg9.jpg
train_000458	train_000458	train	train	fire	fire/train_000458_box0_0.jpg
train_000458	train_000458	train	train	non_fire	non-fire/train_000458_neg10.jpg
train_000458	train_000458	train	train	non_fire	non-fire/train_000458_neg11.jpg
train_000459	train_000459	train	train	fire	fire/train_000459_box0_0.jpg
train_000460	train_000460	train	train	non_fire	non-fire/train_000460_neg0.jpg
train_000460	train_000460	train	train	non_fire	non-fire/train_000460_neg1.jpg
train_000460	train_000460	train	train	non_fire	non-fire/train_000460_neg2.jpg
train_000460	train_000460	train	train	non_fire	non-fire/train_000460_neg3.jpg
train_000460	train_000460	train	train	non_fire	non-fire/train_000460_neg4.jpg
train_000460	train_000460	train	train	non_fire	non-fire/train_000460_neg5.jpg
train_000460	train_000460	train	train	non_fire	non-fire/train_000460_neg6.jpg
train_000460	train_000460	train	train	non_fire	non-fire/train_000460_neg7.jpg
train_000461	train_000461	train	train	fire	fire/train_000461_box0_0.jpg
train_000462	train_000462	train	train	non_fire	non-fire/train_000462_neg10.jpg
train_000462	train_000462	train	train	non_fire	non-fire/train_000462_neg11.jpg
train_000463	train_000463	train	train	fire	fire/train_000463_box0_0.jpg
train_000463	train_000463	train	train	non_fire	non-fire/train_000463_neg0.jpg
train_000463	train_000463	train	train	non_fire	non-fire/train_000463_neg1.jpg
train_000463	train_000463	train	train	non_fire	non-fire/train_000463_neg10.jpg
train_000463	train_000463	train	train	non_fire	non-fire/train_000463_neg2.jpg
train_000463	train_000463	train	train	non_fire	non-fire/train_000463_neg3.jpg
train_000463	train_000463	train	train	non_fire	non-fire/train_000463_neg4.jpg
train_000463	train_000463	train	train	non_fire	non-fire/train_000463_neg5.jpg
train_000463	train_000463	train	train	non_fire	non-fire/train_000463_neg6.jpg
train_000463	train_000463	train	train	non_fire	non-fire/train_000463_neg7.jpg
train_000463	train_000463	train	train	non_fire	non-fire/train_000463_neg8.jpg
train_000463	train_000463	train	train	non_fire	non-fire/train_000463_neg9.jpg
train_000465	train_000465	train	train	fire	fire/train_000465_box0_0.jpg
train_000466	train_000466	train	train	fire	fire/train_000466_box0_0.jpg
train_000468	train_000468	train	train	fire	fire/train_000468_box0_0.jpg
train_000469	train_000469	train	train	fire	fire/train_000469_box0_0.jpg
train_000471	train_000471	train	train	fire	fire/train_000471_box0_0.jpg
train_000472	train_000472	test	test	fire	fire/train_000472_box0_0.jpg
train_000472	train_000472	test	test	fire	fire/train_000472_box1_0.jpg
train_000472	train_000472	test	test	fire	fire/train_000472_box2_0.jpg
train_000472	train_000472	test	test	non_fire	non-fire/train_000472_neg10.jpg
train_000472	train_000472	test	test	non_fire	non-fire/train_000472_neg11.jpg
train_000472	train_000472	test	test	non_fire	non-fire/train_000472_neg9.jpg
train_000473	train_000473	train	train	fire	fire/train_000473_box0_0.jpg
train_000475	train_000475	train	train	fire	fire/train_000475_box0_0.jpg
train_000475	train_000475	train	train	non_fire	non-fire/train_000475_neg0.jpg
train_000477	train_000477	train	train	fire	fire/train_000477_box0_0.jpg
train_000478	train_000478	train	train	fire	fire/train_000478_box0_0.jpg
train_000479	train_000479	train	train	fire	fire/train_000479_box0_0.jpg
train_000480	train_000480	train	train	fire	fire/train_000480_box0_0.jpg
train_000481	train_000481	train	train	fire	fire/train_000481_box0_0.jpg
train_000483	train_000483	train	train	fire	fire/train_000483_box0_0.jpg
train_000485	train_000485	val	val	fire	fire/train_000485_box0_0.jpg
train_000485	train_000485	val	val	fire	fire/train_000485_box1_0.jpg
train_000486	train_000486	train	train	fire	fire/train_000486_box0_0.jpg
train_000487	train_000487	train	train	fire	fire/train_000487_box0_0.jpg
train_000487	train_000487	train	train	fire	fire/train_000487_box1_0.jpg
train_000487	train_000487	train	train	fire	fire/train_000487_box2_0.jpg
train_000489	train_000489	train	train	fire	fire/train_000489_box0_0.jpg
train_000492	train_000492	train	train	fire	fire/train_000492_box0_0.jpg
train_000493	train_000493	train	train	fire	fire/train_000493_box0_0.jpg
merged_ad45b5704299	train_000494	train	train	fire	fire/train_000494_box0_0.jpg
train_000495	train_000495	train	train	fire	fire/train_000495_box0_0.jpg
train_000495	train_000495	train	train	fire	fire/train_000495_box1_0.jpg
train_000495	train_000495	train	train	fire	fire/train_000495_box2_0.jpg
train_000496	train_000496	train	train	fire	fire/train_000496_box0_0.jpg
train_000496	train_000496	train	train	fire	fire/train_000496_box1_0.jpg
train_000497	train_000497	train	train	fire	fire/train_000497_box0_0.jpg
train_000497	train_000497	train	train	fire	fire/train_000497_box1_0.jpg
train_000498	train_000498	val	val	fire	fire/train_000498_box0_0.jpg
train_000499	train_000499	train	train	fire	fire/train_000499_box0_0.jpg
train_000499	train_000499	train	train	fire	fire/train_000499_box1_0.jpg
train_000499	train_000499	train	train	fire	fire/train_000499_box2_0.jpg
train_000501	train_000501	test	test	fire	fire/train_000501_box0_0.jpg
train_000501	train_000501	test	test	fire	fire/train_000501_box1_0.jpg
train_000501	train_000501	test	test	fire	fire/train_000501_box2_0.jpg
train_000501	train_000501	test	test	fire	fire/train_000501_box3_0.jpg
train_000502	train_000502	train	train	fire	fire/train_000502_box0_0.jpg
train_000503	train_000503	train	train	fire	fire/train_000503_box0_0.jpg
train_000503	train_000503	train	train	non_fire	non-fire/train_000503_neg10.jpg
train_000503	train_000503	train	train	non_fire	non-fire/train_000503_neg11.jpg
train_000503	train_000503	train	train	non_fire	non-fire/train_000503_neg9.jpg
train_000505	train_000505	test	test	fire	fire/train_000505_box0_0.jpg
train_000505	train_000505	test	test	fire	fire/train_000505_box1_0.jpg
train_000505	train_000505	test	test	fire	fire/train_000505_box3_0.jpg
train_000505	train_000505	test	test	fire	fire/train_000505_box4_0.jpg
train_000505	train_000505	test	test	non_fire	non-fire/train_000505_neg0.jpg
train_000505	train_000505	test	test	non_fire	non-fire/train_000505_neg1.jpg
train_000505	train_000505	test	test	non_fire	non-fire/train_000505_neg10.jpg
train_000505	train_000505	test	test	non_fire	non-fire/train_000505_neg11.jpg
train_000505	train_000505	test	test	non_fire	non-fire/train_000505_neg2.jpg
train_000505	train_000505	test	test	non_fire	non-fire/train_000505_neg3.jpg
train_000505	train_000505	test	test	non_fire	non-fire/train_000505_neg4.jpg
train_000505	train_000505	test	test	non_fire	non-fire/train_000505_neg5.jpg
train_000505	train_000505	test	test	non_fire	non-fire/train_000505_neg6.jpg
train_000505	train_000505	test	test	non_fire	non-fire/train_000505_neg7.jpg
train_000505	train_000505	test	test	non_fire	non-fire/train_000505_neg8.jpg
train_000505	train_000505	test	test	non_fire	non-fire/train_000505_neg9.jpg
train_000507	train_000507	train	train	fire	fire/train_000507_box0_0.jpg
train_000507	train_000507	train	train	fire	fire/train_000507_box1_0.jpg
train_000507	train_000507	train	train	non_fire	non-fire/train_000507_neg0.jpg
train_000507	train_000507	train	train	non_fire	non-fire/train_000507_neg1.jpg
train_000507	train_000507	train	train	non_fire	non-fire/train_000507_neg2.jpg
train_000507	train_000507	train	train	non_fire	non-fire/train_000507_neg3.jpg
train_000507	train_000507	train	train	non_fire	non-fire/train_000507_neg4.jpg
train_000507	train_000507	train	train	non_fire	non-fire/train_000507_neg5.jpg
train_000509	train_000509	train	train	fire	fire/train_000509_box0_0.jpg
train_000509	train_000509	train	train	non_fire	non-fire/train_000509_neg1.jpg
train_000509	train_000509	train	train	non_fire	non-fire/train_000509_neg10.jpg
train_000509	train_000509	train	train	non_fire	non-fire/train_000509_neg11.jpg
train_000509	train_000509	train	train	non_fire	non-fire/train_000509_neg2.jpg
train_000509	train_000509	train	train	non_fire	non-fire/train_000509_neg3.jpg
train_000509	train_000509	train	train	non_fire	non-fire/train_000509_neg4.jpg
train_000509	train_000509	train	train	non_fire	non-fire/train_000509_neg5.jpg
train_000509	train_000509	train	train	non_fire	non-fire/train_000509_neg6.jpg
train_000509	train_000509	train	train	non_fire	non-fire/train_000509_neg7.jpg
train_000509	train_000509	train	train	non_fire	non-fire/train_000509_neg8.jpg
train_000509	train_000509	train	train	non_fire	non-fire/train_000509_neg9.jpg
train_000510	train_000510	train	train	fire	fire/train_000510_box0_0.jpg
train_000512	train_000512	train	train	fire	fire/train_000512_box0_0.jpg
train_000512	train_000512	train	train	fire	fire/train_000512_box1_0.jpg
train_000513	train_000513	train	train	fire	fire/train_000513_box0_0.jpg
train_000514	train_000514	val	val	fire	fire/train_000514_box0_0.jpg
train_000515	train_000515	train	train	fire	fire/train_000515_box0_0.jpg
train_000516	train_000516	train	train	non_fire	non-fire/train_000516_neg11.jpg
train_000517	train_000517	train	train	fire	fire/train_000517_box0_0.jpg
train_000517	train_000517	train	train	non_fire	non-fire/train_000517_neg0.jpg
train_000517	train_000517	train	train	non_fire	non-fire/train_000517_neg1.jpg
train_000517	train_000517	train	train	non_fire	non-fire/train_000517_neg10.jpg
train_000517	train_000517	train	train	non_fire	non-fire/train_000517_neg11.jpg
train_000517	train_000517	train	train	non_fire	non-fire/train_000517_neg2.jpg
train_000517	train_000517	train	train	non_fire	non-fire/train_000517_neg3.jpg
train_000517	train_000517	train	train	non_fire	non-fire/train_000517_neg4.jpg
train_000517	train_000517	train	train	non_fire	non-fire/train_000517_neg5.jpg
train_000517	train_000517	train	train	non_fire	non-fire/train_000517_neg6.jpg
train_000517	train_000517	train	train	non_fire	non-fire/train_000517_neg7.jpg
train_000517	train_000517	train	train	non_fire	non-fire/train_000517_neg8.jpg
train_000517	train_000517	train	train	non_fire	non-fire/train_000517_neg9.jpg
train_000518	train_000518	train	train	fire	fire/train_000518_box0_0.jpg
train_000518	train_000518	train	train	non_fire	non-fire/train_000518_neg0.jpg
train_000518	train_000518	train	train	non_fire	non-fire/train_000518_neg1.jpg
train_000519	train_000519	train	train	fire	fire/train_000519_box0_0.jpg
train_000520	train_000520	train	train	fire	fire/train_000520_box0_0.jpg
train_000522	train_000522	train	train	fire	fire/train_000522_box0_0.jpg
train_000523	train_000523	val	val	fire	fire/train_000523_box0_0.jpg
train_000523	train_000523	val	val	fire	fire/train_000523_box1_0.jpg
train_000524	train_000524	train	train	fire	fire/train_000524_box0_0.jpg
train_000524	train_000524	train	train	non_fire	non-fire/train_000524_neg0.jpg
train_000524	train_000524	train	train	non_fire	non-fire/train_000524_neg1.jpg
train_000524	train_000524	train	train	non_fire	non-fire/train_000524_neg10.jpg
train_000524	train_000524	train	train	non_fire	non-fire/train_000524_neg11.jpg
train_000524	train_000524	train	train	non_fire	non-fire/train_000524_neg2.jpg
train_000524	train_000524	train	train	non_fire	non-fire/train_000524_neg3.jpg
train_000524	train_000524	train	train	non_fire	non-fire/train_000524_neg4.jpg
train_000524	train_000524	train	train	non_fire	non-fire/train_000524_neg5.jpg
train_000524	train_000524	train	train	non_fire	non-fire/train_000524_neg6.jpg
train_000524	train_000524	train	train	non_fire	non-fire/train_000524_neg7.jpg
train_000524	train_000524	train	train	non_fire	non-fire/train_000524_neg8.jpg
train_000524	train_000524	train	train	non_fire	non-fire/train_000524_neg9.jpg
train_000525	train_000525	train	train	fire	fire/train_000525_box0_0.jpg
train_000525	train_000525	train	train	non_fire	non-fire/train_000525_neg0.jpg
train_000526	train_000526	train	train	fire	fire/train_000526_box0_0.jpg
train_000527	train_000527	train	train	fire	fire/train_000527_box0_0.jpg
train_000528	train_000528	test	test	fire	fire/train_000528_box0_0.jpg
train_000528	train_000528	test	test	fire	fire/train_000528_box1_0.jpg
train_000528	train_000528	test	test	fire	fire/train_000528_box2_0.jpg
train_000528	train_000528	test	test	fire	fire/train_000528_box3_0.jpg
train_000528	train_000528	test	test	fire	fire/train_000528_box4_0.jpg
train_000529	train_000529	train	train	fire	fire/train_000529_box0_0.jpg
train_000530	train_000530	train	train	fire	fire/train_000530_box0_0.jpg
train_000532	train_000532	train	train	fire	fire/train_000532_box0_0.jpg
train_000533	train_000533	train	train	fire	fire/train_000533_box0_0.jpg
train_000534	train_000534	train	train	fire	fire/train_000534_box0_0.jpg
train_000534	train_000534	train	train	non_fire	non-fire/train_000534_neg10.jpg
train_000534	train_000534	train	train	non_fire	non-fire/train_000534_neg11.jpg
train_000534	train_000534	train	train	non_fire	non-fire/train_000534_neg5.jpg
train_000534	train_000534	train	train	non_fire	non-fire/train_000534_neg6.jpg
train_000534	train_000534	train	train	non_fire	non-fire/train_000534_neg7.jpg
train_000534	train_000534	train	train	non_fire	non-fire/train_000534_neg8.jpg
train_000534	train_000534	train	train	non_fire	non-fire/train_000534_neg9.jpg
train_000535	train_000535	train	train	fire	fire/train_000535_box0_0.jpg
train_000535	train_000535	train	train	non_fire	non-fire/train_000535_neg0.jpg
train_000535	train_000535	train	train	non_fire	non-fire/train_000535_neg1.jpg
train_000535	train_000535	train	train	non_fire	non-fire/train_000535_neg10.jpg
train_000535	train_000535	train	train	non_fire	non-fire/train_000535_neg11.jpg
train_000535	train_000535	train	train	non_fire	non-fire/train_000535_neg2.jpg
train_000535	train_000535	train	train	non_fire	non-fire/train_000535_neg3.jpg
train_000535	train_000535	train	train	non_fire	non-fire/train_000535_neg4.jpg
train_000535	train_000535	train	train	non_fire	non-fire/train_000535_neg5.jpg
train_000535	train_000535	train	train	non_fire	non-fire/train_000535_neg6.jpg
train_000535	train_000535	train	train	non_fire	non-fire/train_000535_neg7.jpg
train_000535	train_000535	train	train	non_fire	non-fire/train_000535_neg8.jpg
train_000535	train_000535	train	train	non_fire	non-fire/train_000535_neg9.jpg
train_000537	train_000537	test	test	fire	fire/train_000537_box0_0.jpg
train_000537	train_000537	test	test	fire	fire/train_000537_box1_0.jpg
train_000537	train_000537	test	test	non_fire	non-fire/train_000537_neg0.jpg
train_000537	train_000537	test	test	non_fire	non-fire/train_000537_neg1.jpg
train_000537	train_000537	test	test	non_fire	non-fire/train_000537_neg2.jpg
train_000537	train_000537	test	test	non_fire	non-fire/train_000537_neg3.jpg
train_000537	train_000537	test	test	non_fire	non-fire/train_000537_neg4.jpg
train_000537	train_000537	test	test	non_fire	non-fire/train_000537_neg5.jpg
train_000537	train_000537	test	test	non_fire	non-fire/train_000537_neg6.jpg
train_000538	train_000538	train	train	fire	fire/train_000538_box0_0.jpg
train_000539	train_000539	train	train	fire	fire/train_000539_box0_0.jpg
train_000540	train_000540	train	train	fire	fire/train_000540_box0_0.jpg
train_000541	train_000541	train	train	fire	fire/train_000541_box0_0.jpg
train_000541	train_000541	train	train	fire	fire/train_000541_box1_0.jpg
train_000542	train_000542	train	train	fire	fire/train_000542_box0_0.jpg
train_000543	train_000543	train	train	fire	fire/train_000543_box0_0.jpg
train_000543	train_000543	train	train	fire	fire/train_000543_box1_0.jpg
train_000544	train_000544	val	val	fire	fire/train_000544_box0_0.jpg
train_000544	train_000544	val	val	fire	fire/train_000544_box1_0.jpg
train_000544	train_000544	val	val	fire	fire/train_000544_box2_0.jpg
train_000544	train_000544	val	val	non_fire	non-fire/train_000544_neg0.jpg
train_000544	train_000544	val	val	non_fire	non-fire/train_000544_neg1.jpg
train_000544	train_000544	val	val	non_fire	non-fire/train_000544_neg10.jpg
train_000544	train_000544	val	val	non_fire	non-fire/train_000544_neg11.jpg
train_000544	train_000544	val	val	non_fire	non-fire/train_000544_neg2.jpg
train_000544	train_000544	val	val	non_fire	non-fire/train_000544_neg3.jpg
train_000544	train_000544	val	val	non_fire	non-fire/train_000544_neg4.jpg
train_000544	train_000544	val	val	non_fire	non-fire/train_000544_neg5.jpg
train_000544	train_000544	val	val	non_fire	non-fire/train_000544_neg6.jpg
train_000544	train_000544	val	val	non_fire	non-fire/train_000544_neg7.jpg
train_000544	train_000544	val	val	non_fire	non-fire/train_000544_neg8.jpg
train_000544	train_000544	val	val	non_fire	non-fire/train_000544_neg9.jpg
train_000545	train_000545	train	train	fire	fire/train_000545_box0_0.jpg
train_000546	train_000546	train	train	fire	fire/train_000546_box0_0.jpg
train_000546	train_000546	train	train	fire	fire/train_000546_box1_0.jpg
train_000547	train_000547	train	train	fire	fire/train_000547_box0_0.jpg
train_000547	train_000547	train	train	fire	fire/train_000547_box1_0.jpg
train_000547	train_000547	train	train	fire	fire/train_000547_box2_0.jpg
train_000548	train_000548	train	train	fire	fire/train_000548_box0_0.jpg
train_000548	train_000548	train	train	fire	fire/train_000548_box1_0.jpg
train_000549	train_000549	train	train	fire	fire/train_000549_box0_0.jpg
train_000550	train_000550	train	train	fire	fire/train_000550_box0_0.jpg
train_000551	train_000551	test	test	fire	fire/train_000551_box0_0.jpg
train_000551	train_000551	test	test	fire	fire/train_000551_box1_0.jpg
train_000551	train_000551	test	test	fire	fire/train_000551_box2_0.jpg
train_000551	train_000551	test	test	fire	fire/train_000551_box3_0.jpg
train_000551	train_000551	test	test	fire	fire/train_000551_box4_0.jpg
train_000552	train_000552	train	train	fire	fire/train_000552_box0_0.jpg
train_000552	train_000552	train	train	fire	fire/train_000552_box1_0.jpg
train_000553	train_000553	test	test	fire	fire/train_000553_box0_0.jpg
train_000555	train_000555	val	val	fire	fire/train_000555_box0_0.jpg
train_000555	train_000555	val	val	fire	fire/train_000555_box1_0.jpg
train_000555	train_000555	val	val	non_fire	non-fire/train_000555_neg10.jpg
train_000555	train_000555	val	val	non_fire	non-fire/train_000555_neg11.jpg
train_000555	train_000555	val	val	non_fire	non-fire/train_000555_neg9.jpg
train_000556	train_000556	train	train	fire	fire/train_000556_box0_0.jpg
train_000556	train_000556	train	train	non_fire	non-fire/train_000556_neg0.jpg
train_000556	train_000556	train	train	non_fire	non-fire/train_000556_neg1.jpg
train_000556	train_000556	train	train	non_fire	non-fire/train_000556_neg10.jpg
train_000556	train_000556	train	train	non_fire	non-fire/train_000556_neg11.jpg
train_000556	train_000556	train	train	non_fire	non-fire/train_000556_neg2.jpg
train_000556	train_000556	train	train	non_fire	non-fire/train_000556_neg3.jpg
train_000556	train_000556	train	train	non_fire	non-fire/train_000556_neg4.jpg
train_000556	train_000556	train	train	non_fire	non-fire/train_000556_neg5.jpg
train_000556	train_000556	train	train	non_fire	non-fire/train_000556_neg6.jpg
train_000556	train_000556	train	train	non_fire	non-fire/train_000556_neg7.jpg
train_000556	train_000556	train	train	non_fire	non-fire/train_000556_neg8.jpg
train_000556	train_000556	train	train	non_fire	non-fire/train_000556_neg9.jpg
train_000557	train_000557	val	val	fire	fire/train_000557_box0_0.jpg
train_000559	train_000559	train	train	fire	fire/train_000559_box0_0.jpg
merged_14b09ba4d880	train_000560	train	train	fire	fire/train_000560_box0_0.jpg
merged_14b09ba4d880	train_000560	train	train	non_fire	non-fire/train_000560_neg0.jpg
merged_14b09ba4d880	train_000560	train	train	non_fire	non-fire/train_000560_neg1.jpg
merged_14b09ba4d880	train_000560	train	train	non_fire	non-fire/train_000560_neg10.jpg
merged_14b09ba4d880	train_000560	train	train	non_fire	non-fire/train_000560_neg11.jpg
merged_14b09ba4d880	train_000560	train	train	non_fire	non-fire/train_000560_neg2.jpg
merged_14b09ba4d880	train_000560	train	train	non_fire	non-fire/train_000560_neg3.jpg
merged_14b09ba4d880	train_000560	train	train	non_fire	non-fire/train_000560_neg4.jpg
merged_14b09ba4d880	train_000560	train	train	non_fire	non-fire/train_000560_neg5.jpg
merged_14b09ba4d880	train_000560	train	train	non_fire	non-fire/train_000560_neg6.jpg
merged_14b09ba4d880	train_000560	train	train	non_fire	non-fire/train_000560_neg7.jpg
merged_14b09ba4d880	train_000560	train	train	non_fire	non-fire/train_000560_neg8.jpg
merged_14b09ba4d880	train_000560	train	train	non_fire	non-fire/train_000560_neg9.jpg
train_000561	train_000561	val	val	fire	fire/train_000561_box0_0.jpg
train_000561	train_000561	val	val	fire	fire/train_000561_box1_0.jpg
train_000561	train_000561	val	val	fire	fire/train_000561_box2_0.jpg
train_000563	train_000563	train	train	fire	fire/train_000563_box0_0.jpg
train_000563	train_000563	train	train	non_fire	non-fire/train_000563_neg0.jpg
train_000563	train_000563	train	train	non_fire	non-fire/train_000563_neg1.jpg
train_000563	train_000563	train	train	non_fire	non-fire/train_000563_neg10.jpg
train_000563	train_000563	train	train	non_fire	non-fire/train_000563_neg11.jpg
train_000563	train_000563	train	train	non_fire	non-fire/train_000563_neg2.jpg
train_000563	train_000563	train	train	non_fire	non-fire/train_000563_neg3.jpg
train_000563	train_000563	train	train	non_fire	non-fire/train_000563_neg4.jpg
train_000563	train_000563	train	train	non_fire	non-fire/train_000563_neg5.jpg
train_000563	train_000563	train	train	non_fire	non-fire/train_000563_neg6.jpg
train_000563	train_000563	train	train	non_fire	non-fire/train_000563_neg7.jpg
train_000563	train_000563	train	train	non_fire	non-fire/train_000563_neg8.jpg
train_000563	train_000563	train	train	non_fire	non-fire/train_000563_neg9.jpg
train_000564	train_000564	train	train	non_fire	non-fire/train_000564_neg0.jpg
merged_ab93922b3e42	train_000565	train	train	fire	fire/train_000565_box0_0.jpg
train_000567	train_000567	train	train	fire	fire/train_000567_box0_0.jpg
train_000567	train_000567	train	train	fire	fire/train_000567_box1_0.jpg
train_000567	train_000567	train	train	fire	fire/train_000567_box2_0.jpg
train_000568	train_000568	train	train	fire	fire/train_000568_box0_0.jpg
train_000569	train_000569	train	train	fire	fire/train_000569_box0_0.jpg
train_000570	train_000570	train	train	fire	fire/train_000570_box0_0.jpg
train_000572	train_000572	train	train	fire	fire/train_000572_box1_0.jpg
train_000573	train_000573	train	train	fire	fire/train_000573_box0_0.jpg
train_000574	train_000574	val	val	fire	fire/train_000574_box0_0.jpg
train_000574	train_000574	val	val	fire	fire/train_000574_box1_0.jpg
train_000574	train_000574	val	val	non_fire	non-fire/train_000574_neg1.jpg
train_000574	train_000574	val	val	non_fire	non-fire/train_000574_neg10.jpg
train_000574	train_000574	val	val	non_fire	non-fire/train_000574_neg11.jpg
train_000574	train_000574	val	val	non_fire	non-fire/train_000574_neg2.jpg
train_000574	train_000574	val	val	non_fire	non-fire/train_000574_neg3.jpg
train_000574	train_000574	val	val	non_fire	non-fire/train_000574_neg4.jpg
train_000574	train_000574	val	val	non_fire	non-fire/train_000574_neg5.jpg
train_000574	train_000574	val	val	non_fire	non-fire/train_000574_neg6.jpg
train_000574	train_000574	val	val	non_fire	non-fire/train_000574_neg7.jpg
train_000574	train_000574	val	val	non_fire	non-fire/train_000574_neg8.jpg
train_000574	train_000574	val	val	non_fire	non-fire/train_000574_neg9.jpg
train_000575	train_000575	train	train	fire	fire/train_000575_box0_0.jpg
train_000576	train_000576	train	train	non_fire	non-fire/train_000576_neg0.jpg
train_000576	train_000576	train	train	non_fire	non-fire/train_000576_neg1.jpg
train_000577	train_000577	train	train	fire	fire/train_000577_box0_0.jpg
train_000578	train_000578	train	train	fire	fire/train_000578_box0_0.jpg
train_000578	train_000578	train	train	fire	fire/train_000578_box1_0.jpg
train_000579	train_000579	train	train	fire	fire/train_000579_box0_0.jpg
train_000581	train_000581	train	train	non_fire	non-fire/train_000581_neg10.jpg
train_000581	train_000581	train	train	non_fire	non-fire/train_000581_neg11.jpg
train_000581	train_000581	train	train	non_fire	non-fire/train_000581_neg6.jpg
train_000581	train_000581	train	train	non_fire	non-fire/train_000581_neg7.jpg
train_000581	train_000581	train	train	non_fire	non-fire/train_000581_neg8.jpg
train_000581	train_000581	train	train	non_fire	non-fire/train_000581_neg9.jpg
train_000583	train_000583	train	train	fire	fire/train_000583_box0_0.jpg
train_000584	train_000584	train	train	fire	fire/train_000584_box0_0.jpg
train_000584	train_000584	train	train	non_fire	non-fire/train_000584_neg0.jpg
train_000584	train_000584	train	train	non_fire	non-fire/train_000584_neg1.jpg
train_000584	train_000584	train	train	non_fire	non-fire/train_000584_neg10.jpg
train_000584	train_000584	train	train	non_fire	non-fire/train_000584_neg11.jpg
train_000584	train_000584	train	train	non_fire	non-fire/train_000584_neg2.jpg
train_000584	train_000584	train	train	non_fire	non-fire/train_000584_neg3.jpg
train_000584	train_000584	train	train	non_fire	non-fire/train_000584_neg4.jpg
train_000584	train_000584	train	train	non_fire	non-fire/train_000584_neg5.jpg
train_000584	train_000584	train	train	non_fire	non-fire/train_000584_neg6.jpg
train_000584	train_000584	train	train	non_fire	non-fire/train_000584_neg7.jpg
train_000584	train_000584	train	train	non_fire	non-fire/train_000584_neg8.jpg
train_000584	train_000584	train	train	non_fire	non-fire/train_000584_neg9.jpg
train_000585	train_000585	test	test	fire	fire/train_000585_box0_0.jpg
train_000585	train_000585	test	test	fire	fire/train_000585_box1_0.jpg
train_000585	train_000585	test	test	non_fire	non-fire/train_000585_neg0.jpg
train_000585	train_000585	test	test	non_fire	non-fire/train_000585_neg1.jpg
train_000585	train_000585	test	test	non_fire	non-fire/train_000585_neg10.jpg
train_000585	train_000585	test	test	non_fire	non-fire/train_000585_neg11.jpg
train_000585	train_000585	test	test	non_fire	non-fire/train_000585_neg2.jpg
train_000585	train_000585	test	test	non_fire	non-fire/train_000585_neg3.jpg
train_000585	train_000585	test	test	non_fire	non-fire/train_000585_neg4.jpg
train_000585	train_000585	test	test	non_fire	non-fire/train_000585_neg5.jpg
train_000585	train_000585	test	test	non_fire	non-fire/train_000585_neg6.jpg
train_000585	train_000585	test	test	non_fire	non-fire/train_000585_neg7.jpg
train_000585	train_000585	test	test	non_fire	non-fire/train_000585_neg8.jpg
train_000585	train_000585	test	test	non_fire	non-fire/train_000585_neg9.jpg
train_000586	train_000586	test	test	fire	fire/train_000586_box0_0.jpg
train_000586	train_000586	test	test	non_fire	non-fire/train_000586_neg0.jpg
train_000586	train_000586	test	test	non_fire	non-fire/train_000586_neg1.jpg
train_000586	train_000586	test	test	non_fire	non-fire/train_000586_neg10.jpg
train_000586	train_000586	test	test	non_fire	non-fire/train_000586_neg11.jpg
train_000586	train_000586	test	test	non_fire	non-fire/train_000586_neg2.jpg
train_000586	train_000586	test	test	non_fire	non-fire/train_000586_neg3.jpg
train_000586	train_000586	test	test	non_fire	non-fire/train_000586_neg4.jpg
train_000586	train_000586	test	test	non_fire	non-fire/train_000586_neg5.jpg
train_000586	train_000586	test	test	non_fire	non-fire/train_000586_neg6.jpg
train_000586	train_000586	test	test	non_fire	non-fire/train_000586_neg7.jpg
train_000586	train_000586	test	test	non_fire	non-fire/train_000586_neg8.jpg
train_000586	train_000586	test	test	non_fire	non-fire/train_000586_neg9.jpg
train_000588	train_000588	test	test	fire	fire/train_000588_box0_0.jpg
train_000588	train_000588	test	test	fire	fire/train_000588_box1_0.jpg
train_000588	train_000588	test	test	non_fire	non-fire/train_000588_neg0.jpg
train_000588	train_000588	test	test	non_fire	non-fire/train_000588_neg1.jpg
train_000588	train_000588	test	test	non_fire	non-fire/train_000588_neg2.jpg
train_000588	train_000588	test	test	non_fire	non-fire/train_000588_neg3.jpg
train_000588	train_000588	test	test	non_fire	non-fire/train_000588_neg4.jpg
train_000588	train_000588	test	test	non_fire	non-fire/train_000588_neg5.jpg
train_000588	train_000588	test	test	non_fire	non-fire/train_000588_neg6.jpg
train_000588	train_000588	test	test	non_fire	non-fire/train_000588_neg7.jpg
train_000588	train_000588	test	test	non_fire	non-fire/train_000588_neg8.jpg
train_000588	train_000588	test	test	non_fire	non-fire/train_000588_neg9.jpg
train_000590	train_000590	val	val	fire	fire/train_000590_box0_0.jpg
train_000590	train_000590	val	val	fire	fire/train_000590_box2_0.jpg
train_000590	train_000590	val	val	fire	fire/train_000590_box3_0.jpg
train_000591	train_000591	train	train	fire	fire/train_000591_box0_0.jpg
train_000591	train_000591	train	train	fire	fire/train_000591_box1_0.jpg
train_000592	train_000592	train	train	fire	fire/train_000592_box0_0.jpg
train_000593	train_000593	train	train	fire	fire/train_000593_box0_0.jpg
train_000593	train_000593	train	train	fire	fire/train_000593_box1_0.jpg
train_000594	train_000594	test	test	fire	fire/train_000594_box0_0.jpg
train_000594	train_000594	test	test	fire	fire/train_000594_box1_0.jpg
train_000594	train_000594	test	test	fire	fire/train_000594_box2_0.jpg
train_000594	train_000594	test	test	non_fire	non-fire/train_000594_neg0.jpg
train_000594	train_000594	test	test	non_fire	non-fire/train_000594_neg1.jpg
train_000594	train_000594	test	test	non_fire	non-fire/train_000594_neg10.jpg
train_000594	train_000594	test	test	non_fire	non-fire/train_000594_neg11.jpg
train_000594	train_000594	test	test	non_fire	non-fire/train_000594_neg2.jpg
train_000594	train_000594	test	test	non_fire	non-fire/train_000594_neg3.jpg
train_000594	train_000594	test	test	non_fire	non-fire/train_000594_neg4.jpg
train_000594	train_000594	test	test	non_fire	non-fire/train_000594_neg5.jpg
train_000594	train_000594	test	test	non_fire	non-fire/train_000594_neg6.jpg
train_000594	train_000594	test	test	non_fire	non-fire/train_000594_neg7.jpg
train_000594	train_000594	test	test	non_fire	non-fire/train_000594_neg8.jpg
train_000594	train_000594	test	test	non_fire	non-fire/train_000594_neg9.jpg
merged_ab93922b3e42	train_000595	train	train	fire	fire/train_000595_box0_0.jpg
train_000596	train_000596	train	train	fire	fire/train_000596_box0_0.jpg
train_000597	train_000597	train	train	fire	fire/train_000597_box0_0.jpg
train_000597	train_000597	train	train	non_fire	non-fire/train_000597_neg0.jpg
train_000597	train_000597	train	train	non_fire	non-fire/train_000597_neg1.jpg
train_000597	train_000597	train	train	non_fire	non-fire/train_000597_neg10.jpg
train_000597	train_000597	train	train	non_fire	non-fire/train_000597_neg11.jpg
train_000597	train_000597	train	train	non_fire	non-fire/train_000597_neg2.jpg
train_000597	train_000597	train	train	non_fire	non-fire/train_000597_neg3.jpg
train_000597	train_000597	train	train	non_fire	non-fire/train_000597_neg4.jpg
train_000597	train_000597	train	train	non_fire	non-fire/train_000597_neg5.jpg
train_000597	train_000597	train	train	non_fire	non-fire/train_000597_neg6.jpg
train_000597	train_000597	train	train	non_fire	non-fire/train_000597_neg7.jpg
train_000597	train_000597	train	train	non_fire	non-fire/train_000597_neg8.jpg
train_000597	train_000597	train	train	non_fire	non-fire/train_000597_neg9.jpg
train_000598	train_000598	val	val	fire	fire/train_000598_box0_0.jpg
train_000598	train_000598	val	val	non_fire	non-fire/train_000598_neg0.jpg
train_000598	train_000598	val	val	non_fire	non-fire/train_000598_neg1.jpg
train_000598	train_000598	val	val	non_fire	non-fire/train_000598_neg10.jpg
train_000598	train_000598	val	val	non_fire	non-fire/train_000598_neg11.jpg
train_000598	train_000598	val	val	non_fire	non-fire/train_000598_neg2.jpg
train_000598	train_000598	val	val	non_fire	non-fire/train_000598_neg3.jpg
train_000598	train_000598	val	val	non_fire	non-fire/train_000598_neg4.jpg
train_000598	train_000598	val	val	non_fire	non-fire/train_000598_neg5.jpg
train_000598	train_000598	val	val	non_fire	non-fire/train_000598_neg6.jpg
train_000598	train_000598	val	val	non_fire	non-fire/train_000598_neg7.jpg
train_000598	train_000598	val	val	non_fire	non-fire/train_000598_neg8.jpg
train_000598	train_000598	val	val	non_fire	non-fire/train_000598_neg9.jpg
train_000601	train_000601	train	train	fire	fire/train_000601_box0_0.jpg
train_000601	train_000601	train	train	non_fire	non-fire/train_000601_neg0.jpg
train_000601	train_000601	train	train	non_fire	non-fire/train_000601_neg1.jpg
train_000601	train_000601	train	train	non_fire	non-fire/train_000601_neg10.jpg
train_000601	train_000601	train	train	non_fire	non-fire/train_000601_neg11.jpg
train_000601	train_000601	train	train	non_fire	non-fire/train_000601_neg2.jpg
train_000601	train_000601	train	train	non_fire	non-fire/train_000601_neg3.jpg
train_000601	train_000601	train	train	non_fire	non-fire/train_000601_neg4.jpg
train_000601	train_000601	train	train	non_fire	non-fire/train_000601_neg5.jpg
train_000601	train_000601	train	train	non_fire	non-fire/train_000601_neg6.jpg
train_000601	train_000601	train	train	non_fire	non-fire/train_000601_neg7.jpg
train_000601	train_000601	train	train	non_fire	non-fire/train_000601_neg8.jpg
train_000601	train_000601	train	train	non_fire	non-fire/train_000601_neg9.jpg
train_000602	train_000602	train	train	fire	fire/train_000602_box0_0.jpg
train_000604	train_000604	train	train	fire	fire/train_000604_box0_0.jpg
train_000604	train_000604	train	train	non_fire	non-fire/train_000604_neg4.jpg
train_000605	train_000605	train	train	fire	fire/train_000605_box0_0.jpg
train_000605	train_000605	train	train	non_fire	non-fire/train_000605_neg1.jpg
train_000605	train_000605	train	train	non_fire	non-fire/train_000605_neg2.jpg
train_000605	train_000605	train	train	non_fire	non-fire/train_000605_neg3.jpg
train_000608	train_000608	train	train	fire	fire/train_000608_box0_0.jpg
train_000612	train_000612	test	test	fire	fire/train_000612_box0_0.jpg
train_000612	train_000612	test	test	fire	fire/train_000612_box1_0.jpg
train_000613	train_000613	train	train	fire	fire/train_000613_box0_0.jpg
train_000614	train_000614	train	train	fire	fire/train_000614_box0_0.jpg
train_000614	train_000614	train	train	fire	fire/train_000614_box1_0.jpg
train_000615	train_000615	test	test	fire	fire/train_000615_box0_0.jpg
train_000615	train_000615	test	test	fire	fire/train_000615_box1_0.jpg
train_000615	train_000615	test	test	fire	fire/train_000615_box2_0.jpg
train_000615	train_000615	test	test	fire	fire/train_000615_box3_0.jpg
train_000618	train_000618	train	train	fire	fire/train_000618_box1_0.jpg
train_000618	train_000618	train	train	fire	fire/train_000618_box2_0.jpg
train_000618	train_000618	train	train	fire	fire/train_000618_box3_0.jpg
train_000619	train_000619	train	train	fire	fire/train_000619_box0_0.jpg
train_000620	train_000620	train	train	fire	fire/train_000620_box0_0.jpg
train_000621	train_000621	train	train	fire	fire/train_000621_box0_0.jpg
train_000623	train_000623	val	val	fire	fire/train_000623_box0_0.jpg
train_000624	train_000624	train	train	fire	fire/train_000624_box0_0.jpg
train_000625	train_000625	train	train	fire	fire/train_000625_box0_0.jpg
train_000625	train_000625	train	train	fire	fire/train_000625_box1_0.jpg
train_000626	train_000626	train	train	fire	fire/train_000626_box0_0.jpg
train_000627	train_000627	train	train	fire	fire/train_000627_box0_0.jpg
train_000629	train_000629	val	val	fire	fire/train_000629_box0_0.jpg
train_000629	train_000629	val	val	fire	fire/train_000629_box1_0.jpg
train_000630	train_000630	val	val	fire	fire/train_000630_box0_0.jpg
train_000630	train_000630	val	val	fire	fire/train_000630_box1_0.jpg
train_000630	train_000630	val	val	fire	fire/train_000630_box2_0.jpg
merged_29cbbeb563c5	train_000631	train	train	fire	fire/train_000631_box0_0.jpg
train_000633	train_000633	train	train	fire	fire/train_000633_box0_0.jpg
train_000634	train_000634	train	train	fire	fire/train_000634_box0_0.jpg
train_000635	train_000635	train	train	fire	fire/train_000635_box0_0.jpg
train_000635	train_000635	train	train	fire	fire/train_000635_box1_0.jpg
train_000635	train_000635	train	train	fire	fire/train_000635_box2_0.jpg
train_000636	train_000636	train	train	fire	fire/train_000636_box0_0.jpg
train_000637	train_000637	train	train	fire	fire/train_000637_box0_0.jpg
train_000637	train_000637	train	train	fire	fire/train_000637_box1_0.jpg
train_000638	train_000638	train	train	fire	fire/train_000638_box0_0.jpg
merged_ebda92e316fb	train_000640	val	val	fire	fire/train_000640_box0_0.jpg
merged_ebda92e316fb	train_000640	val	val	fire	fire/train_000640_box1_0.jpg
merged_ebda92e316fb	train_000640	val	val	fire	fire/train_000640_box2_0.jpg
merged_ebda92e316fb	train_000640	val	val	fire	fire/train_000640_box3_0.jpg
train_000642	train_000642	train	train	fire	fire/train_000642_box0_0.jpg
train_000643	train_000643	train	train	fire	fire/train_000643_box0_0.jpg
train_000644	train_000644	train	train	fire	fire/train_000644_box0_0.jpg
train_000646	train_000646	train	train	fire	fire/train_000646_box0_0.jpg
train_000647	train_000647	val	val	fire	fire/train_000647_box0_0.jpg
train_000649	train_000649	val	val	fire	fire/train_000649_box0_0.jpg
train_000650	train_000650	train	train	fire	fire/train_000650_box0_0.jpg
train_000650	train_000650	train	train	fire	fire/train_000650_box2_0.jpg
train_000651	train_000651	train	train	fire	fire/train_000651_box0_0.jpg
train_000652	train_000652	train	train	fire	fire/train_000652_box0_0.jpg
train_000652	train_000652	train	train	fire	fire/train_000652_box1_0.jpg
train_000654	train_000654	train	train	fire	fire/train_000654_box0_0.jpg
merged_3be7c190b974	train_000656	train	test	fire	fire/train_000656_box0_0.jpg
merged_3be7c190b974	train_000656	train	test	fire	fire/train_000656_box1_0.jpg
merged_3be7c190b974	train_000656	train	test	fire	fire/train_000656_box2_0.jpg
train_000657	train_000657	train	train	fire	fire/train_000657_box0_0.jpg
train_000658	train_000658	train	train	fire	fire/train_000658_box0_0.jpg
train_000658	train_000658	train	train	fire	fire/train_000658_box1_0.jpg
train_000659	train_000659	train	train	fire	fire/train_000659_box0_0.jpg
train_000660	train_000660	train	train	fire	fire/train_000660_box0_0.jpg
train_000660	train_000660	train	train	fire	fire/train_000660_box1_0.jpg
train_000661	train_000661	train	train	fire	fire/train_000661_box0_0.jpg
train_000662	train_000662	train	train	fire	fire/train_000662_box0_0.jpg
train_000663	train_000663	train	train	fire	fire/train_000663_box0_0.jpg
train_000664	train_000664	train	train	fire	fire/train_000664_box0_0.jpg
train_000664	train_000664	train	train	fire	fire/train_000664_box1_0.jpg
train_000665	train_000665	train	train	fire	fire/train_000665_box0_0.jpg
train_000667	train_000667	test	test	fire	fire/train_000667_box0_0.jpg
train_000667	train_000667	test	test	fire	fire/train_000667_box1_0.jpg
train_000667	train_000667	test	test	non_fire	non-fire/train_000667_neg10.jpg
train_000667	train_000667	test	test	non_fire	non-fire/train_000667_neg11.jpg
train_000667	train_000667	test	test	non_fire	non-fire/train_000667_neg9.jpg
train_000668	train_000668	test	test	fire	fire/train_000668_box0_0.jpg
train_000668	train_000668	test	test	fire	fire/train_000668_box1_0.jpg
train_000668	train_000668	test	test	fire	fire/train_000668_box2_0.jpg
train_000668	train_000668	test	test	non_fire	non-fire/train_000668_neg0.jpg
train_000668	train_000668	test	test	non_fire	non-fire/train_000668_neg1.jpg
train_000668	train_000668	test	test	non_fire	non-fire/train_000668_neg10.jpg
train_000668	train_000668	test	test	non_fire	non-fire/train_000668_neg11.jpg
train_000668	train_000668	test	test	non_fire	non-fire/train_000668_neg2.jpg
train_000668	train_000668	test	test	non_fire	non-fire/train_000668_neg3.jpg
train_000668	train_000668	test	test	non_fire	non-fire/train_000668_neg4.jpg
train_000668	train_000668	test	test	non_fire	non-fire/train_000668_neg5.jpg
train_000668	train_000668	test	test	non_fire	non-fire/train_000668_neg6.jpg
train_000668	train_000668	test	test	non_fire	non-fire/train_000668_neg7.jpg
train_000668	train_000668	test	test	non_fire	non-fire/train_000668_neg8.jpg
train_000668	train_000668	test	test	non_fire	non-fire/train_000668_neg9.jpg
train_000669	train_000669	test	test	fire	fire/train_000669_box0_0.jpg
train_000669	train_000669	test	test	fire	fire/train_000669_box1_0.jpg
train_000669	train_000669	test	test	non_fire	non-fire/train_000669_neg0.jpg
train_000669	train_000669	test	test	non_fire	non-fire/train_000669_neg1.jpg
train_000669	train_000669	test	test	non_fire	non-fire/train_000669_neg10.jpg
train_000669	train_000669	test	test	non_fire	non-fire/train_000669_neg11.jpg
train_000669	train_000669	test	test	non_fire	non-fire/train_000669_neg2.jpg
train_000669	train_000669	test	test	non_fire	non-fire/train_000669_neg3.jpg
train_000669	train_000669	test	test	non_fire	non-fire/train_000669_neg4.jpg
train_000669	train_000669	test	test	non_fire	non-fire/train_000669_neg5.jpg
train_000669	train_000669	test	test	non_fire	non-fire/train_000669_neg6.jpg
train_000669	train_000669	test	test	non_fire	non-fire/train_000669_neg7.jpg
train_000669	train_000669	test	test	non_fire	non-fire/train_000669_neg8.jpg
train_000669	train_000669	test	test	non_fire	non-fire/train_000669_neg9.jpg
train_000671	train_000671	train	train	fire	fire/train_000671_box0_0.jpg
train_000671	train_000671	train	train	non_fire	non-fire/train_000671_neg0.jpg
train_000671	train_000671	train	train	non_fire	non-fire/train_000671_neg1.jpg
train_000671	train_000671	train	train	non_fire	non-fire/train_000671_neg10.jpg
train_000671	train_000671	train	train	non_fire	non-fire/train_000671_neg11.jpg
train_000671	train_000671	train	train	non_fire	non-fire/train_000671_neg2.jpg
train_000671	train_000671	train	train	non_fire	non-fire/train_000671_neg3.jpg
train_000671	train_000671	train	train	non_fire	non-fire/train_000671_neg4.jpg
train_000671	train_000671	train	train	non_fire	non-fire/train_000671_neg5.jpg
train_000671	train_000671	train	train	non_fire	non-fire/train_000671_neg6.jpg
train_000671	train_000671	train	train	non_fire	non-fire/train_000671_neg7.jpg
train_000671	train_000671	train	train	non_fire	non-fire/train_000671_neg8.jpg
train_000671	train_000671	train	train	non_fire	non-fire/train_000671_neg9.jpg
train_000673	train_000673	train	train	fire	fire/train_000673_box0_0.jpg
train_000673	train_000673	train	train	non_fire	non-fire/train_000673_neg11.jpg
train_000674	train_000674	train	train	fire	fire/train_000674_box0_0.jpg
train_000674	train_000674	train	train	non_fire	non-fire/train_000674_neg0.jpg
train_000676	train_000676	train	train	fire	fire/train_000676_box0_0.jpg
train_000677	train_000677	train	train	fire	fire/train_000677_box0_0.jpg
train_000678	train_000678	test	test	fire	fire/train_000678_box0_0.jpg
train_000678	train_000678	test	test	fire	fire/train_000678_box1_0.jpg
train_000678	train_000678	test	test	fire	fire/train_000678_box2_0.jpg
train_000678	train_000678	test	test	fire	fire/train_000678_box3_0.jpg
train_000678	train_000678	test	test	non_fire	non-fire/train_000678_neg0.jpg
train_000678	train_000678	test	test	non_fire	non-fire/train_000678_neg1.jpg
train_000678	train_000678	test	test	non_fire	non-fire/train_000678_neg10.jpg
train_000678	train_000678	test	test	non_fire	non-fire/train_000678_neg11.jpg
train_000678	train_000678	test	test	non_fire	non-fire/train_000678_neg2.jpg
train_000678	train_000678	test	test	non_fire	non-fire/train_000678_neg3.jpg
train_000678	train_000678	test	test	non_fire	non-fire/train_000678_neg4.jpg
train_000678	train_000678	test	test	non_fire	non-fire/train_000678_neg5.jpg
train_000678	train_000678	test	test	non_fire	non-fire/train_000678_neg6.jpg
train_000678	train_000678	test	test	non_fire	non-fire/train_000678_neg7.jpg
train_000678	train_000678	test	test	non_fire	non-fire/train_000678_neg8.jpg
train_000678	train_000678	test	test	non_fire	non-fire/train_000678_neg9.jpg
train_000679	train_000679	val	val	fire	fire/train_000679_box0_0.jpg
train_000679	train_000679	val	val	fire	fire/train_000679_box1_0.jpg
train_000679	train_000679	val	val	fire	fire/train_000679_box2_0.jpg
train_000679	train_000679	val	val	non_fire	non-fire/train_000679_neg0.jpg
train_000679	train_000679	val	val	non_fire	non-fire/train_000679_neg1.jpg
train_000679	train_000679	val	val	non_fire	non-fire/train_000679_neg10.jpg
train_000679	train_000679	val	val	non_fire	non-fire/train_000679_neg11.jpg
train_000679	train_000679	val	val	non_fire	non-fire/train_000679_neg2.jpg
train_000679	train_000679	val	val	non_fire	non-fire/train_000679_neg3.jpg
train_000679	train_000679	val	val	non_fire	non-fire/train_000679_neg4.jpg
train_000679	train_000679	val	val	non_fire	non-fire/train_000679_neg5.jpg
train_000679	train_000679	val	val	non_fire	non-fire/train_000679_neg6.jpg
train_000679	train_000679	val	val	non_fire	non-fire/train_000679_neg7.jpg
train_000679	train_000679	val	val	non_fire	non-fire/train_000679_neg8.jpg
train_000679	train_000679	val	val	non_fire	non-fire/train_000679_neg9.jpg
train_000682	train_000682	val	val	fire	fire/train_000682_box0_0.jpg
train_000682	train_000682	val	val	fire	fire/train_000682_box1_0.jpg
train_000682	train_000682	val	val	fire	fire/train_000682_box2_0.jpg
train_000682	train_000682	val	val	non_fire	non-fire/train_000682_neg0.jpg
train_000682	train_000682	val	val	non_fire	non-fire/train_000682_neg1.jpg
train_000682	train_000682	val	val	non_fire	non-fire/train_000682_neg10.jpg
train_000682	train_000682	val	val	non_fire	non-fire/train_000682_neg11.jpg
train_000682	train_000682	val	val	non_fire	non-fire/train_000682_neg2.jpg
train_000682	train_000682	val	val	non_fire	non-fire/train_000682_neg3.jpg
train_000682	train_000682	val	val	non_fire	non-fire/train_000682_neg4.jpg
train_000682	train_000682	val	val	non_fire	non-fire/train_000682_neg5.jpg
train_000682	train_000682	val	val	non_fire	non-fire/train_000682_neg6.jpg
train_000682	train_000682	val	val	non_fire	non-fire/train_000682_neg7.jpg
train_000682	train_000682	val	val	non_fire	non-fire/train_000682_neg8.jpg
train_000682	train_000682	val	val	non_fire	non-fire/train_000682_neg9.jpg
train_000684	train_000684	train	train	fire	fire/train_000684_box0_0.jpg
train_000684	train_000684	train	train	non_fire	non-fire/train_000684_neg0.jpg
train_000684	train_000684	train	train	non_fire	non-fire/train_000684_neg1.jpg
train_000684	train_000684	train	train	non_fire	non-fire/train_000684_neg10.jpg
train_000684	train_000684	train	train	non_fire	non-fire/train_000684_neg11.jpg
train_000684	train_000684	train	train	non_fire	non-fire/train_000684_neg2.jpg
train_000684	train_000684	train	train	non_fire	non-fire/train_000684_neg3.jpg
train_000684	train_000684	train	train	non_fire	non-fire/train_000684_neg4.jpg
train_000684	train_000684	train	train	non_fire	non-fire/train_000684_neg5.jpg
train_000684	train_000684	train	train	non_fire	non-fire/train_000684_neg6.jpg
train_000684	train_000684	train	train	non_fire	non-fire/train_000684_neg7.jpg
train_000684	train_000684	train	train	non_fire	non-fire/train_000684_neg8.jpg
train_000684	train_000684	train	train	non_fire	non-fire/train_000684_neg9.jpg
train_000685	train_000685	val	val	fire	fire/train_000685_box0_0.jpg
train_000685	train_000685	val	val	fire	fire/train_000685_box1_0.jpg
train_000685	train_000685	val	val	fire	fire/train_000685_box2_0.jpg
train_000685	train_000685	val	val	fire	fire/train_000685_box3_0.jpg
train_000685	train_000685	val	val	non_fire	non-fire/train_000685_neg0.jpg
train_000685	train_000685	val	val	non_fire	non-fire/train_000685_neg1.jpg
train_000685	train_000685	val	val	non_fire	non-fire/train_000685_neg10.jpg
train_000685	train_000685	val	val	non_fire	non-fire/train_000685_neg11.jpg
train_000685	train_000685	val	val	non_fire	non-fire/train_000685_neg2.jpg
train_000685	train_000685	val	val	non_fire	non-fire/train_000685_neg3.jpg
train_000685	train_000685	val	val	non_fire	non-fire/train_000685_neg4.jpg
train_000685	train_000685	val	val	non_fire	non-fire/train_000685_neg5.jpg
train_000685	train_000685	val	val	non_fire	non-fire/train_000685_neg6.jpg
train_000685	train_000685	val	val	non_fire	non-fire/train_000685_neg7.jpg
train_000685	train_000685	val	val	non_fire	non-fire/train_000685_neg8.jpg
train_000685	train_000685	val	val	non_fire	non-fire/train_000685_neg9.jpg
train_000686	train_000686	train	train	fire	fire/train_000686_box0_0.jpg
train_000686	train_000686	train	train	non_fire	non-fire/train_000686_neg0.jpg
train_000686	train_000686	train	train	non_fire	non-fire/train_000686_neg1.jpg
train_000686	train_000686	train	train	non_fire	non-fire/train_000686_neg10.jpg
train_000686	train_000686	train	train	non_fire	non-fire/train_000686_neg11.jpg
train_000686	train_000686	train	train	non_fire	non-fire/train_000686_neg2.jpg
train_000686	train_000686	train	train	non_fire	non-fire/train_000686_neg3.jpg
train_000686	train_000686	train	train	non_fire	non-fire/train_000686_neg4.jpg
train_000686	train_000686	train	train	non_fire	non-fire/train_000686_neg5.jpg
train_000686	train_000686	train	train	non_fire	non-fire/train_000686_neg6.jpg
train_000686	train_000686	train	train	non_fire	non-fire/train_000686_neg7.jpg
train_000686	train_000686	train	train	non_fire	non-fire/train_000686_neg8.jpg
train_000686	train_000686	train	train	non_fire	non-fire/train_000686_neg9.jpg
train_000687	train_000687	train	train	fire	fire/train_000687_box0_0.jpg
train_000687	train_000687	train	train	non_fire	non-fire/train_000687_neg0.jpg
train_000687	train_000687	train	train	non_fire	non-fire/train_000687_neg1.jpg
train_000687	train_000687	train	train	non_fire	non-fire/train_000687_neg10.jpg
train_000687	train_000687	train	train	non_fire	non-fire/train_000687_neg11.jpg
train_000687	train_000687	train	train	non_fire	non-fire/train_000687_neg2.jpg
train_000687	train_000687	train	train	non_fire	non-fire/train_000687_neg3.jpg
train_000687	train_000687	train	train	non_fire	non-fire/train_000687_neg4.jpg
train_000687	train_000687	train	train	non_fire	non-fire/train_000687_neg5.jpg
train_000687	train_000687	train	train	non_fire	non-fire/train_000687_neg6.jpg
train_000687	train_000687	train	train	non_fire	non-fire/train_000687_neg7.jpg
train_000687	train_000687	train	train	non_fire	non-fire/train_000687_neg8.jpg
train_000687	train_000687	train	train	non_fire	non-fire/train_000687_neg9.jpg
train_000688	train_000688	train	train	fire	fire/train_000688_box0_0.jpg
train_000688	train_000688	train	train	non_fire	non-fire/train_000688_neg0.jpg
train_000688	train_000688	train	train	non_fire	non-fire/train_000688_neg1.jpg
train_000688	train_000688	train	train	non_fire	non-fire/train_000688_neg10.jpg
train_000688	train_000688	train	train	non_fire	non-fire/train_000688_neg2.jpg
train_000688	train_000688	train	train	non_fire	non-fire/train_000688_neg4.jpg
train_000688	train_000688	train	train	non_fire	non-fire/train_000688_neg5.jpg
train_000688	train_000688	train	train	non_fire	non-fire/train_000688_neg6.jpg
train_000688	train_000688	train	train	non_fire	non-fire/train_000688_neg7.jpg
train_000688	train_000688	train	train	non_fire	non-fire/train_000688_neg8.jpg
train_000688	train_000688	train	train	non_fire	non-fire/train_000688_neg9.jpg
train_000689	train_000689	train	train	non_fire	non-fire/train_000689_neg0.jpg
train_000689	train_000689	train	train	non_fire	non-fire/train_000689_neg1.jpg
train_000689	train_000689	train	train	non_fire	non-fire/train_000689_neg10.jpg
train_000689	train_000689	train	train	non_fire	non-fire/train_000689_neg11.jpg
train_000689	train_000689	train	train	non_fire	non-fire/train_000689_neg2.jpg
train_000689	train_000689	train	train	non_fire	non-fire/train_000689_neg3.jpg
train_000689	train_000689	train	train	non_fire	non-fire/train_000689_neg4.jpg
train_000689	train_000689	train	train	non_fire	non-fire/train_000689_neg5.jpg
train_000689	train_000689	train	train	non_fire	non-fire/train_000689_neg6.jpg
train_000689	train_000689	train	train	non_fire	non-fire/train_000689_neg7.jpg
train_000689	train_000689	train	train	non_fire	non-fire/train_000689_neg8.jpg
train_000689	train_000689	train	train	non_fire	non-fire/train_000689_neg9.jpg
train_000690	train_000690	train	train	fire	fire/train_000690_box0_0.jpg
train_000690	train_000690	train	train	non_fire	non-fire/train_000690_neg0.jpg
train_000690	train_000690	train	train	non_fire	non-fire/train_000690_neg1.jpg
train_000690	train_000690	train	train	non_fire	non-fire/train_000690_neg10.jpg
train_000690	train_000690	train	train	non_fire	non-fire/train_000690_neg11.jpg
train_000690	train_000690	train	train	non_fire	non-fire/train_000690_neg2.jpg
train_000690	train_000690	train	train	non_fire	non-fire/train_000690_neg3.jpg
train_000690	train_000690	train	train	non_fire	non-fire/train_000690_neg4.jpg
train_000690	train_000690	train	train	non_fire	non-fire/train_000690_neg5.jpg
train_000690	train_000690	train	train	non_fire	non-fire/train_000690_neg6.jpg
train_000690	train_000690	train	train	non_fire	non-fire/train_000690_neg7.jpg
train_000690	train_000690	train	train	non_fire	non-fire/train_000690_neg8.jpg
train_000690	train_000690	train	train	non_fire	non-fire/train_000690_neg9.jpg
train_000692	train_000692	val	val	fire	fire/train_000692_box0_0.jpg
train_000692	train_000692	val	val	fire	fire/train_000692_box1_0.jpg
train_000692	train_000692	val	val	non_fire	non-fire/train_000692_neg0.jpg
train_000692	train_000692	val	val	non_fire	non-fire/train_000692_neg1.jpg
train_000692	train_000692	val	val	non_fire	non-fire/train_000692_neg10.jpg
train_000692	train_000692	val	val	non_fire	non-fire/train_000692_neg11.jpg
train_000692	train_000692	val	val	non_fire	non-fire/train_000692_neg2.jpg
train_000692	train_000692	val	val	non_fire	non-fire/train_000692_neg3.jpg
train_000692	train_000692	val	val	non_fire	non-fire/train_000692_neg4.jpg
train_000692	train_000692	val	val	non_fire	non-fire/train_000692_neg5.jpg
train_000692	train_000692	val	val	non_fire	non-fire/train_000692_neg6.jpg
train_000692	train_000692	val	val	non_fire	non-fire/train_000692_neg7.jpg
train_000692	train_000692	val	val	non_fire	non-fire/train_000692_neg8.jpg
train_000692	train_000692	val	val	non_fire	non-fire/train_000692_neg9.jpg
train_000694	train_000694	test	test	fire	fire/train_000694_box0_0.jpg
train_000694	train_000694	test	test	fire	fire/train_000694_box1_0.jpg
train_000694	train_000694	test	test	fire	fire/train_000694_box2_0.jpg
train_000694	train_000694	test	test	non_fire	non-fire/train_000694_neg0.jpg
train_000694	train_000694	test	test	non_fire	non-fire/train_000694_neg1.jpg
train_000694	train_000694	test	test	non_fire	non-fire/train_000694_neg10.jpg
train_000694	train_000694	test	test	non_fire	non-fire/train_000694_neg11.jpg
train_000694	train_000694	test	test	non_fire	non-fire/train_000694_neg2.jpg
train_000694	train_000694	test	test	non_fire	non-fire/train_000694_neg3.jpg
train_000694	train_000694	test	test	non_fire	non-fire/train_000694_neg4.jpg
train_000694	train_000694	test	test	non_fire	non-fire/train_000694_neg5.jpg
train_000694	train_000694	test	test	non_fire	non-fire/train_000694_neg6.jpg
train_000694	train_000694	test	test	non_fire	non-fire/train_000694_neg7.jpg
train_000694	train_000694	test	test	non_fire	non-fire/train_000694_neg8.jpg
train_000694	train_000694	test	test	non_fire	non-fire/train_000694_neg9.jpg
train_000695	train_000695	val	val	fire	fire/train_000695_box0_0.jpg
train_000695	train_000695	val	val	fire	fire/train_000695_box1_0.jpg
train_000695	train_000695	val	val	non_fire	non-fire/train_000695_neg0.jpg
train_000695	train_000695	val	val	non_fire	non-fire/train_000695_neg1.jpg
train_000695	train_000695	val	val	non_fire	non-fire/train_000695_neg10.jpg
train_000695	train_000695	val	val	non_fire	non-fire/train_000695_neg11.jpg
train_000695	train_000695	val	val	non_fire	non-fire/train_000695_neg2.jpg
train_000695	train_000695	val	val	non_fire	non-fire/train_000695_neg3.jpg
train_000695	train_000695	val	val	non_fire	non-fire/train_000695_neg4.jpg
train_000695	train_000695	val	val	non_fire	non-fire/train_000695_neg5.jpg
train_000695	train_000695	val	val	non_fire	non-fire/train_000695_neg6.jpg
train_000695	train_000695	val	val	non_fire	non-fire/train_000695_neg7.jpg
train_000695	train_000695	val	val	non_fire	non-fire/train_000695_neg8.jpg
train_000695	train_000695	val	val	non_fire	non-fire/train_000695_neg9.jpg
train_000696	train_000696	test	test	fire	fire/train_000696_box0_0.jpg
train_000696	train_000696	test	test	fire	fire/train_000696_box1_0.jpg
train_000696	train_000696	test	test	non_fire	non-fire/train_000696_neg0.jpg
train_000696	train_000696	test	test	non_fire	non-fire/train_000696_neg1.jpg
train_000696	train_000696	test	test	non_fire	non-fire/train_000696_neg10.jpg
train_000696	train_000696	test	test	non_fire	non-fire/train_000696_neg11.jpg
train_000696	train_000696	test	test	non_fire	non-fire/train_000696_neg2.jpg
train_000696	train_000696	test	test	non_fire	non-fire/train_000696_neg3.jpg
train_000696	train_000696	test	test	non_fire	non-fire/train_000696_neg4.jpg
train_000696	train_000696	test	test	non_fire	non-fire/train_000696_neg5.jpg
train_000696	train_000696	test	test	non_fire	non-fire/train_000696_neg6.jpg
train_000696	train_000696	test	test	non_fire	non-fire/train_000696_neg8.jpg
train_000696	train_000696	test	test	non_fire	non-fire/train_000696_neg9.jpg
train_000698	train_000698	train	train	fire	fire/train_000698_box0_0.jpg
train_000701	train_000701	test	test	fire	fire/train_000701_box0_0.jpg
train_000701	train_000701	test	test	non_fire	non-fire/train_000701_neg0.jpg
train_000701	train_000701	test	test	non_fire	non-fire/train_000701_neg1.jpg
train_000701	train_000701	test	test	non_fire	non-fire/train_000701_neg10.jpg
train_000701	train_000701	test	test	non_fire	non-fire/train_000701_neg11.jpg
train_000701	train_000701	test	test	non_fire	non-fire/train_000701_neg2.jpg
train_000701	train_000701	test	test	non_fire	non-fire/train_000701_neg3.jpg
train_000701	train_000701	test	test	non_fire	non-fire/train_000701_neg4.jpg
train_000701	train_000701	test	test	non_fire	non-fire/train_000701_neg5.jpg
train_000701	train_000701	test	test	non_fire	non-fire/train_000701_neg6.jpg
train_000701	train_000701	test	test	non_fire	non-fire/train_000701_neg7.jpg
train_000701	train_000701	test	test	non_fire	non-fire/train_000701_neg8.jpg
train_000701	train_000701	test	test	non_fire	non-fire/train_000701_neg9.jpg
train_000703	train_000703	train	train	fire	fire/train_000703_box0_0.jpg
train_000704	train_000704	train	train	fire	fire/train_000704_box0_0.jpg
train_000705	train_000705	train	train	fire	fire/train_000705_box0_0.jpg
train_000706	train_000706	test	test	fire	fire/train_000706_box0_0.jpg
train_000706	train_000706	test	test	fire	fire/train_000706_box1_0.jpg
train_000706	train_000706	test	test	fire	fire/train_000706_box2_0.jpg
train_000706	train_000706	test	test	non_fire	non-fire/train_000706_neg0.jpg
train_000706	train_000706	test	test	non_fire	non-fire/train_000706_neg1.jpg
train_000706	train_000706	test	test	non_fire	non-fire/train_000706_neg10.jpg
train_000706	train_000706	test	test	non_fire	non-fire/train_000706_neg11.jpg
train_000706	train_000706	test	test	non_fire	non-fire/train_000706_neg2.jpg
train_000706	train_000706	test	test	non_fire	non-fire/train_000706_neg3.jpg
train_000706	train_000706	test	test	non_fire	non-fire/train_000706_neg4.jpg
train_000706	train_000706	test	test	non_fire	non-fire/train_000706_neg5.jpg
train_000706	train_000706	test	test	non_fire	non-fire/train_000706_neg6.jpg
train_000706	train_000706	test	test	non_fire	non-fire/train_000706_neg7.jpg
train_000706	train_000706	test	test	non_fire	non-fire/train_000706_neg8.jpg
train_000706	train_000706	test	test	non_fire	non-fire/train_000706_neg9.jpg
train_000707	train_000707	val	val	fire	fire/train_000707_box0_0.jpg
train_000707	train_000707	val	val	non_fire	non-fire/train_000707_neg0.jpg
train_000707	train_000707	val	val	non_fire	non-fire/train_000707_neg1.jpg
train_000707	train_000707	val	val	non_fire	non-fire/train_000707_neg10.jpg
train_000707	train_000707	val	val	non_fire	non-fire/train_000707_neg11.jpg
train_000707	train_000707	val	val	non_fire	non-fire/train_000707_neg2.jpg
train_000707	train_000707	val	val	non_fire	non-fire/train_000707_neg3.jpg
train_000707	train_000707	val	val	non_fire	non-fire/train_000707_neg4.jpg
train_000707	train_000707	val	val	non_fire	non-fire/train_000707_neg5.jpg
train_000707	train_000707	val	val	non_fire	non-fire/train_000707_neg6.jpg
train_000707	train_000707	val	val	non_fire	non-fire/train_000707_neg7.jpg
train_000707	train_000707	val	val	non_fire	non-fire/train_000707_neg8.jpg
train_000707	train_000707	val	val	non_fire	non-fire/train_000707_neg9.jpg
train_000708	train_000708	train	train	fire	fire/train_000708_box0_0.jpg
train_000708	train_000708	train	train	non_fire	non-fire/train_000708_neg0.jpg
train_000708	train_000708	train	train	non_fire	non-fire/train_000708_neg1.jpg
train_000708	train_000708	train	train	non_fire	non-fire/train_000708_neg10.jpg
train_000708	train_000708	train	train	non_fire	non-fire/train_000708_neg11.jpg
train_000708	train_000708	train	train	non_fire	non-fire/train_000708_neg2.jpg
train_000708	train_000708	train	train	non_fire	non-fire/train_000708_neg3.jpg
train_000708	train_000708	train	train	non_fire	non-fire/train_000708_neg4.jpg
train_000708	train_000708	train	train	non_fire	non-fire/train_000708_neg5.jpg
train_000708	train_000708	train	train	non_fire	non-fire/train_000708_neg6.jpg
train_000708	train_000708	train	train	non_fire	non-fire/train_000708_neg7.jpg
train_000708	train_000708	train	train	non_fire	non-fire/train_000708_neg8.jpg
train_000708	train_000708	train	train	non_fire	non-fire/train_000708_neg9.jpg
train_000709	train_000709	train	train	fire	fire/train_000709_box0_0.jpg
train_000709	train_000709	train	train	non_fire	non-fire/train_000709_neg0.jpg
train_000709	train_000709	train	train	non_fire	non-fire/train_000709_neg1.jpg
train_000709	train_000709	train	train	non_fire	non-fire/train_000709_neg10.jpg
train_000709	train_000709	train	train	non_fire	non-fire/train_000709_neg11.jpg
train_000709	train_000709	train	train	non_fire	non-fire/train_000709_neg2.jpg
train_000709	train_000709	train	train	non_fire	non-fire/train_000709_neg3.jpg
train_000709	train_000709	train	train	non_fire	non-fire/train_000709_neg4.jpg
train_000709	train_000709	train	train	non_fire	non-fire/train_000709_neg5.jpg
train_000709	train_000709	train	train	non_fire	non-fire/train_000709_neg6.jpg
train_000709	train_000709	train	train	non_fire	non-fire/train_000709_neg7.jpg
train_000709	train_000709	train	train	non_fire	non-fire/train_000709_neg8.jpg
train_000709	train_000709	train	train	non_fire	non-fire/train_000709_neg9.jpg
train_000710	train_000710	val	val	fire	fire/train_000710_box0_0.jpg
train_000710	train_000710	val	val	fire	fire/train_000710_box1_0.jpg
train_000710	train_000710	val	val	fire	fire/train_000710_box2_0.jpg
train_000710	train_000710	val	val	non_fire	non-fire/train_000710_neg0.jpg
train_000710	train_000710	val	val	non_fire	non-fire/train_000710_neg1.jpg
train_000710	train_000710	val	val	non_fire	non-fire/train_000710_neg10.jpg
train_000710	train_000710	val	val	non_fire	non-fire/train_000710_neg11.jpg
train_000710	train_000710	val	val	non_fire	non-fire/train_000710_neg2.jpg
train_000710	train_000710	val	val	non_fire	non-fire/train_000710_neg3.jpg
train_000710	train_000710	val	val	non_fire	non-fire/train_000710_neg4.jpg
train_000710	train_000710	val	val	non_fire	non-fire/train_000710_neg5.jpg
train_000710	train_000710	val	val	non_fire	non-fire/train_000710_neg6.jpg
train_000710	train_000710	val	val	non_fire	non-fire/train_000710_neg7.jpg
train_000710	train_000710	val	val	non_fire	non-fire/train_000710_neg8.jpg
train_000710	train_000710	val	val	non_fire	non-fire/train_000710_neg9.jpg
train_000711	train_000711	train	train	fire	fire/train_000711_box0_0.jpg
train_000711	train_000711	train	train	non_fire	non-fire/train_000711_neg0.jpg
train_000711	train_000711	train	train	non_fire	non-fire/train_000711_neg1.jpg
train_000711	train_000711	train	train	non_fire	non-fire/train_000711_neg10.jpg
train_000711	train_000711	train	train	non_fire	non-fire/train_000711_neg11.jpg
train_000711	train_000711	train	train	non_fire	non-fire/train_000711_neg2.jpg
train_000711	train_000711	train	train	non_fire	non-fire/train_000711_neg3.jpg
train_000711	train_000711	train	train	non_fire	non-fire/train_000711_neg4.jpg
train_000711	train_000711	train	train	non_fire	non-fire/train_000711_neg5.jpg
train_000711	train_000711	train	train	non_fire	non-fire/train_000711_neg6.jpg
train_000711	train_000711	train	train	non_fire	non-fire/train_000711_neg7.jpg
train_000711	train_000711	train	train	non_fire	non-fire/train_000711_neg8.jpg
train_000711	train_000711	train	train	non_fire	non-fire/train_000711_neg9.jpg
train_000713	train_000713	test	test	fire	fire/train_000713_box0_0.jpg
train_000713	train_000713	test	test	fire	fire/train_000713_box1_0.jpg
train_000713	train_000713	test	test	non_fire	non-fire/train_000713_neg0.jpg
train_000713	train_000713	test	test	non_fire	non-fire/train_000713_neg1.jpg
train_000713	train_000713	test	test	non_fire	non-fire/train_000713_neg2.jpg
train_000713	train_000713	test	test	non_fire	non-fire/train_000713_neg3.jpg
train_000713	train_000713	test	test	non_fire	non-fire/train_000713_neg4.jpg
train_000713	train_000713	test	test	non_fire	non-fire/train_000713_neg5.jpg
train_000713	train_000713	test	test	non_fire	non-fire/train_000713_neg6.jpg
train_000713	train_000713	test	test	non_fire	non-fire/train_000713_neg7.jpg
train_000713	train_000713	test	test	non_fire	non-fire/train_000713_neg8.jpg
train_000717	train_000717	train	train	fire	fire/train_000717_box0_0.jpg
train_000718	train_000718	train	train	fire	fire/train_000718_box0_0.jpg
train_000719	train_000719	train	train	fire	fire/train_000719_box0_0.jpg
train_000720	train_000720	train	train	fire	fire/train_000720_box0_0.jpg
train_000721	train_000721	train	train	fire	fire/train_000721_box0_0.jpg
merged_fb0a4167624d	train_000722	train	train	fire	fire/train_000722_box0_0.jpg
merged_fb0a4167624d	train_000722	train	train	fire	fire/train_000722_box1_0.jpg
train_000723	train_000723	test	test	fire	fire/train_000723_box0_0.jpg
train_000723	train_000723	test	test	fire	fire/train_000723_box1_0.jpg
train_000723	train_000723	test	test	fire	fire/train_000723_box2_0.jpg
train_000723	train_000723	test	test	fire	fire/train_000723_box3_0.jpg
train_000723	train_000723	test	test	non_fire	non-fire/train_000723_neg11.jpg
train_000724	train_000724	val	val	fire	fire/train_000724_box0_0.jpg
train_000724	train_000724	val	val	fire	fire/train_000724_box1_0.jpg
train_000724	train_000724	val	val	fire	fire/train_000724_box2_0.jpg
train_000724	train_000724	val	val	non_fire	non-fire/train_000724_neg0.jpg
train_000724	train_000724	val	val	non_fire	non-fire/train_000724_neg1.jpg
train_000724	train_000724	val	val	non_fire	non-fire/train_000724_neg10.jpg
train_000724	train_000724	val	val	non_fire	non-fire/train_000724_neg11.jpg
train_000724	train_000724	val	val	non_fire	non-fire/train_000724_neg2.jpg
train_000724	train_000724	val	val	non_fire	non-fire/train_000724_neg3.jpg
train_000724	train_000724	val	val	non_fire	non-fire/train_000724_neg4.jpg
train_000724	train_000724	val	val	non_fire	non-fire/train_000724_neg5.jpg
train_000724	train_000724	val	val	non_fire	non-fire/train_000724_neg6.jpg
train_000724	train_000724	val	val	non_fire	non-fire/train_000724_neg7.jpg
train_000724	train_000724	val	val	non_fire	non-fire/train_000724_neg8.jpg
train_000724	train_000724	val	val	non_fire	non-fire/train_000724_neg9.jpg
train_000725	train_000725	test	test	fire	fire/train_000725_box0_0.jpg
train_000725	train_000725	test	test	non_fire	non-fire/train_000725_neg0.jpg
train_000725	train_000725	test	test	non_fire	non-fire/train_000725_neg1.jpg
train_000725	train_000725	test	test	non_fire	non-fire/train_000725_neg10.jpg
train_000725	train_000725	test	test	non_fire	non-fire/train_000725_neg11.jpg
train_000725	train_000725	test	test	non_fire	non-fire/train_000725_neg2.jpg
train_000725	train_000725	test	test	non_fire	non-fire/train_000725_neg3.jpg
train_000725	train_000725	test	test	non_fire	non-fire/train_000725_neg4.jpg
train_000725	train_000725	test	test	non_fire	non-fire/train_000725_neg5.jpg
train_000725	train_000725	test	test	non_fire	non-fire/train_000725_neg6.jpg
train_000725	train_000725	test	test	non_fire	non-fire/train_000725_neg7.jpg
train_000725	train_000725	test	test	non_fire	non-fire/train_000725_neg8.jpg
train_000725	train_000725	test	test	non_fire	non-fire/train_000725_neg9.jpg
train_000726	train_000726	train	train	fire	fire/train_000726_box0_0.jpg
train_000726	train_000726	train	train	non_fire	non-fire/train_000726_neg0.jpg
merged_d2aa4fb8aab7	train_000727	train	train	fire	fire/train_000727_box0_0.jpg
merged_d2aa4fb8aab7	train_000727	train	train	fire	fire/train_000727_box1_0.jpg
train_000728	train_000728	train	train	fire	fire/train_000728_box0_0.jpg
train_000728	train_000728	train	train	non_fire	non-fire/train_000728_neg11.jpg
train_000729	train_000729	train	train	fire	fire/train_000729_box0_0.jpg
train_000729	train_000729	train	train	non_fire	non-fire/train_000729_neg0.jpg
train_000729	train_000729	train	train	non_fire	non-fire/train_000729_neg1.jpg
train_000729	train_000729	train	train	non_fire	non-fire/train_000729_neg2.jpg
train_000729	train_000729	train	train	non_fire	non-fire/train_000729_neg3.jpg
train_000729	train_000729	train	train	non_fire	non-fire/train_000729_neg4.jpg
train_000729	train_000729	train	train	non_fire	non-fire/train_000729_neg5.jpg
train_000729	train_000729	train	train	non_fire	non-fire/train_000729_neg6.jpg
train_000729	train_000729	train	train	non_fire	non-fire/train_000729_neg7.jpg
train_000729	train_000729	train	train	non_fire	non-fire/train_000729_neg8.jpg
train_000729	train_000729	train	train	non_fire	non-fire/train_000729_neg9.jpg
train_000730	train_000730	test	test	fire	fire/train_000730_box0_0.jpg
train_000731	train_000731	train	train	fire	fire/train_000731_box0_0.jpg
train_000733	train_000733	train	train	fire	fire/train_000733_box0_0.jpg
train_000737	train_000737	train	train	fire	fire/train_000737_box0_0.jpg
train_000737	train_000737	train	train	fire	fire/train_000737_box1_0.jpg
train_000737	train_000737	train	train	fire	fire/train_000737_box2_0.jpg
train_000739	train_000739	train	train	fire	fire/train_000739_box0_0.jpg
train_000739	train_000739	train	train	fire	fire/train_000739_box1_0.jpg
train_000739	train_000739	train	train	non_fire	non-fire/train_000739_neg2.jpg
train_000739	train_000739	train	train	non_fire	non-fire/train_000739_neg3.jpg
train_000739	train_000739	train	train	non_fire	non-fire/train_000739_neg4.jpg
train_000739	train_000739	train	train	non_fire	non-fire/train_000739_neg5.jpg
train_000739	train_000739	train	train	non_fire	non-fire/train_000739_neg6.jpg
train_000739	train_000739	train	train	non_fire	non-fire/train_000739_neg7.jpg
train_000739	train_000739	train	train	non_fire	non-fire/train_000739_neg8.jpg
train_000740	train_000740	val	val	fire	fire/train_000740_box0_0.jpg
train_000740	train_000740	val	val	fire	fire/train_000740_box1_0.jpg
train_000740	train_000740	val	val	non_fire	non-fire/train_000740_neg10.jpg
train_000740	train_000740	val	val	non_fire	non-fire/train_000740_neg11.jpg
train_000740	train_000740	val	val	non_fire	non-fire/train_000740_neg3.jpg
train_000740	train_000740	val	val	non_fire	non-fire/train_000740_neg4.jpg
train_000740	train_000740	val	val	non_fire	non-fire/train_000740_neg5.jpg
train_000740	train_000740	val	val	non_fire	non-fire/train_000740_neg6.jpg
train_000740	train_000740	val	val	non_fire	non-fire/train_000740_neg9.jpg
train_000741	train_000741	train	train	fire	fire/train_000741_box0_0.jpg
train_000741	train_000741	train	train	fire	fire/train_000741_box1_0.jpg
train_000743	train_000743	train	train	fire	fire/train_000743_box0_0.jpg
train_000743	train_000743	train	train	non_fire	non-fire/train_000743_neg10.jpg
train_000743	train_000743	train	train	non_fire	non-fire/train_000743_neg11.jpg
train_000745	train_000745	train	train	fire	fire/train_000745_box0_0.jpg
train_000745	train_000745	train	train	non_fire	non-fire/train_000745_neg0.jpg
train_000745	train_000745	train	train	non_fire	non-fire/train_000745_neg1.jpg
train_000745	train_000745	train	train	non_fire	non-fire/train_000745_neg10.jpg
train_000745	train_000745	train	train	non_fire	non-fire/train_000745_neg11.jpg
train_000745	train_000745	train	train	non_fire	non-fire/train_000745_neg2.jpg
train_000745	train_000745	train	train	non_fire	non-fire/train_000745_neg3.jpg
train_000745	train_000745	train	train	non_fire	non-fire/train_000745_neg4.jpg
train_000745	train_000745	train	train	non_fire	non-fire/train_000745_neg6.jpg
train_000745	train_000745	train	train	non_fire	non-fire/train_000745_neg9.jpg
train_000746	train_000746	train	train	fire	fire/train_000746_box0_0.jpg
train_000749	train_000749	train	train	fire	fire/train_000749_box0_0.jpg
train_000750	train_000750	train	train	fire	fire/train_000750_box0_0.jpg
train_000751	train_000751	train	train	fire	fire/train_000751_box0_0.jpg
train_000754	train_000754	train	train	fire	fire/train_000754_box0_0.jpg
train_000755	train_000755	train	train	fire	fire/train_000755_box0_0.jpg
train_000756	train_000756	train	train	fire	fire/train_000756_box0_0.jpg
train_000756	train_000756	train	train	fire	fire/train_000756_box1_0.jpg
train_000762	train_000762	train	train	fire	fire/train_000762_box0_0.jpg
train_000762	train_000762	train	train	fire	fire/train_000762_box1_0.jpg
train_000762	train_000762	train	train	fire	fire/train_000762_box2_0.jpg
train_000763	train_000763	train	train	fire	fire/train_000763_box0_0.jpg
train_000765	train_000765	train	train	fire	fire/train_000765_box0_0.jpg
train_000765	train_000765	train	train	fire	fire/train_000765_box1_0.jpg
train_000766	train_000766	train	train	fire	fire/train_000766_box0_0.jpg
train_000766	train_000766	train	train	fire	fire/train_000766_box1_0.jpg
train_000766	train_000766	train	train	fire	fire/train_000766_box2_0.jpg
train_000767	train_000767	train	train	fire	fire/train_000767_box0_0.jpg
train_000767	train_000767	train	train	fire	fire/train_000767_box1_0.jpg
train_000767	train_000767	train	train	fire	fire/train_000767_box3_0.jpg
train_000768	train_000768	train	train	fire	fire/train_000768_box0_0.jpg
train_000768	train_000768	train	train	fire	fire/train_000768_box3_0.jpg
train_000769	train_000769	train	train	fire	fire/train_000769_box0_0.jpg
merged_fb0a4167624d	train_000770	train	train	fire	fire/train_000770_box0_0.jpg
train_000771	train_000771	train	train	fire	fire/train_000771_box0_0.jpg
train_000771	train_000771	train	train	non_fire	non-fire/train_000771_neg10.jpg
train_000771	train_000771	train	train	non_fire	non-fire/train_000771_neg11.jpg
train_000771	train_000771	train	train	non_fire	non-fire/train_000771_neg7.jpg
train_000771	train_000771	train	train	non_fire	non-fire/train_000771_neg8.jpg
train_000771	train_000771	train	train	non_fire	non-fire/train_000771_neg9.jpg
train_000772	train_000772	test	test	fire	fire/train_000772_box0_0.jpg
train_000772	train_000772	test	test	fire	fire/train_000772_box1_0.jpg
train_000772	train_000772	test	test	non_fire	non-fire/train_000772_neg0.jpg
train_000772	train_000772	test	test	non_fire	non-fire/train_000772_neg1.jpg
train_000772	train_000772	test	test	non_fire	non-fire/train_000772_neg2.jpg
train_000772	train_000772	test	test	non_fire	non-fire/train_000772_neg5.jpg
train_000772	train_000772	test	test	non_fire	non-fire/train_000772_neg6.jpg
train_000772	train_000772	test	test	non_fire	non-fire/train_000772_neg7.jpg
train_000773	train_000773	train	train	fire	fire/train_000773_box0_0.jpg
train_000774	train_000774	test	test	fire	fire/train_000774_box0_0.jpg
train_000775	train_000775	train	train	fire	fire/train_000775_box0_0.jpg
train_000776	train_000776	train	train	fire	fire/train_000776_box0_0.jpg
train_000776	train_000776	train	train	non_fire	non-fire/train_000776_neg0.jpg
train_000776	train_000776	train	train	non_fire	non-fire/train_000776_neg1.jpg
train_000776	train_000776	train	train	non_fire	non-fire/train_000776_neg2.jpg
train_000776	train_000776	train	train	non_fire	non-fire/train_000776_neg3.jpg
train_000776	train_000776	train	train	non_fire	non-fire/train_000776_neg4.jpg
train_000776	train_000776	train	train	non_fire	non-fire/train_000776_neg5.jpg
train_000776	train_000776	train	train	non_fire	non-fire/train_000776_neg6.jpg
train_000776	train_000776	train	train	non_fire	non-fire/train_000776_neg7.jpg
train_000778	train_000778	train	train	fire	fire/train_000778_box0_0.jpg
train_000779	train_000779	train	train	fire	fire/train_000779_box0_0.jpg
train_000780	train_000780	train	train	fire	fire/train_000780_box0_0.jpg
train_000780	train_000780	train	train	non_fire	non-fire/train_000780_neg11.jpg
train_000781	train_000781	train	train	fire	fire/train_000781_box0_0.jpg
train_000781	train_000781	train	train	non_fire	non-fire/train_000781_neg0.jpg
train_000781	train_000781	train	train	non_fire	non-fire/train_000781_neg1.jpg
train_000782	train_000782	train	train	fire	fire/train_000782_box0_0.jpg
train_000782	train_000782	train	train	fire	fire/train_000782_box1_0.jpg
train_000783	train_000783	train	train	fire	fire/train_000783_box0_0.jpg
train_000784	train_000784	train	train	fire	fire/train_000784_box0_0.jpg
train_000784	train_000784	train	train	fire	fire/train_000784_box1_0.jpg
train_000786	train_000786	train	train	fire	fire/train_000786_box0_0.jpg
train_000787	train_000787	train	train	fire	fire/train_000787_box0_0.jpg
train_000788	train_000788	train	train	fire	fire/train_000788_box0_0.jpg
train_000788	train_000788	train	train	fire	fire/train_000788_box1_0.jpg
train_000789	train_000789	train	train	fire	fire/train_000789_box0_0.jpg
train_000789	train_000789	train	train	fire	fire/train_000789_box1_0.jpg
train_000790	train_000790	val	val	fire	fire/train_000790_box0_0.jpg
train_000790	train_000790	val	val	fire	fire/train_000790_box1_0.jpg
train_000790	train_000790	val	val	non_fire	non-fire/train_000790_neg0.jpg
train_000790	train_000790	val	val	non_fire	non-fire/train_000790_neg1.jpg
train_000790	train_000790	val	val	non_fire	non-fire/train_000790_neg10.jpg
train_000790	train_000790	val	val	non_fire	non-fire/train_000790_neg11.jpg
train_000790	train_000790	val	val	non_fire	non-fire/train_000790_neg2.jpg
train_000790	train_000790	val	val	non_fire	non-fire/train_000790_neg3.jpg
train_000790	train_000790	val	val	non_fire	non-fire/train_000790_neg4.jpg
train_000790	train_000790	val	val	non_fire	non-fire/train_000790_neg5.jpg
train_000790	train_000790	val	val	non_fire	non-fire/train_000790_neg6.jpg
train_000790	train_000790	val	val	non_fire	non-fire/train_000790_neg7.jpg
train_000792	train_000792	test	test	fire	fire/train_000792_box0_0.jpg
train_000792	train_000792	test	test	fire	fire/train_000792_box1_0.jpg
train_000793	train_000793	train	train	fire	fire/train_000793_box0_0.jpg
train_000794	train_000794	train	train	fire	fire/train_000794_box0_0.jpg
train_000794	train_000794	train	train	non_fire	non-fire/train_000794_neg0.jpg
train_000794	train_000794	train	train	non_fire	non-fire/train_000794_neg1.jpg
train_000794	train_000794	train	train	non_fire	non-fire/train_000794_neg11.jpg
train_000794	train_000794	train	train	non_fire	non-fire/train_000794_neg2.jpg
train_000794	train_000794	train	train	non_fire	non-fire/train_000794_neg3.jpg
train_000794	train_000794	train	train	non_fire	non-fire/train_000794_neg4.jpg
train_000794	train_000794	train	train	non_fire	non-fire/train_000794_neg5.jpg
train_000794	train_000794	train	train	non_fire	non-fire/train_000794_neg6.jpg
train_000794	train_000794	train	train	non_fire	non-fire/train_000794_neg7.jpg
train_000794	train_000794	train	train	non_fire	non-fire/train_000794_neg8.jpg
train_000797	train_000797	train	train	non_fire	non-fire/train_000797_neg0.jpg
train_000797	train_000797	train	train	non_fire	non-fire/train_000797_neg1.jpg
train_000797	train_000797	train	train	non_fire	non-fire/train_000797_neg2.jpg
train_000797	train_000797	train	train	non_fire	non-fire/train_000797_neg3.jpg
train_000797	train_000797	train	train	non_fire	non-fire/train_000797_neg4.jpg
train_000797	train_000797	train	train	non_fire	non-fire/train_000797_neg5.jpg
train_000797	train_000797	train	train	non_fire	non-fire/train_000797_neg6.jpg
train_000797	train_000797	train	train	non_fire	non-fire/train_000797_neg7.jpg
train_000797	train_000797	train	train	non_fire	non-fire/train_000797_neg8.jpg
train_000797	train_000797	train	train	non_fire	non-fire/train_000797_neg9.jpg
train_000799	train_000799	train	train	non_fire	non-fire/train_000799_neg0.jpg
train_000799	train_000799	train	train	non_fire	non-fire/train_000799_neg1.jpg
train_000799	train_000799	train	train	non_fire	non-fire/train_000799_neg10.jpg
train_000799	train_000799	train	train	non_fire	non-fire/train_000799_neg2.jpg
train_000799	train_000799	train	train	non_fire	non-fire/train_000799_neg3.jpg
train_000799	train_000799	train	train	non_fire	non-fire/train_000799_neg4.jpg
train_000799	train_000799	train	train	non_fire	non-fire/train_000799_neg5.jpg
train_000799	train_000799	train	train	non_fire	non-fire/train_000799_neg6.jpg
train_000799	train_000799	train	train	non_fire	non-fire/train_000799_neg7.jpg
train_000799	train_000799	train	train	non_fire	non-fire/train_000799_neg8.jpg
train_000799	train_000799	train	train	non_fire	non-fire/train_000799_neg9.jpg
train_000801	train_000801	train	train	fire	fire/train_000801_box0_0.jpg
train_000801	train_000801	train	train	non_fire	non-fire/train_000801_neg1.jpg
train_000801	train_000801	train	train	non_fire	non-fire/train_000801_neg10.jpg
train_000801	train_000801	train	train	non_fire	non-fire/train_000801_neg11.jpg
train_000801	train_000801	train	train	non_fire	non-fire/train_000801_neg2.jpg
train_000801	train_000801	train	train	non_fire	non-fire/train_000801_neg3.jpg
train_000801	train_000801	train	train	non_fire	non-fire/train_000801_neg4.jpg
train_000801	train_000801	train	train	non_fire	non-fire/train_000801_neg5.jpg
train_000801	train_000801	train	train	non_fire	non-fire/train_000801_neg6.jpg
train_000801	train_000801	train	train	non_fire	non-fire/train_000801_neg7.jpg
train_000801	train_000801	train	train	non_fire	non-fire/train_000801_neg8.jpg
train_000801	train_000801	train	train	non_fire	non-fire/train_000801_neg9.jpg
train_000802	train_000802	val	val	fire	fire/train_000802_box0_0.jpg
train_000802	train_000802	val	val	fire	fire/train_000802_box1_0.jpg
train_000802	train_000802	val	val	non_fire	non-fire/train_000802_neg10.jpg
train_000802	train_000802	val	val	non_fire	non-fire/train_000802_neg11.jpg
train_000802	train_000802	val	val	non_fire	non-fire/train_000802_neg2.jpg
train_000802	train_000802	val	val	non_fire	non-fire/train_000802_neg3.jpg
train_000802	train_000802	val	val	non_fire	non-fire/train_000802_neg4.jpg
train_000802	train_000802	val	val	non_fire	non-fire/train_000802_neg5.jpg
train_000802	train_000802	val	val	non_fire	non-fire/train_000802_neg6.jpg
train_000802	train_000802	val	val	non_fire	non-fire/train_000802_neg7.jpg
train_000802	train_000802	val	val	non_fire	non-fire/train_000802_neg8.jpg
train_000802	train_000802	val	val	non_fire	non-fire/train_000802_neg9.jpg
train_000803	train_000803	train	train	fire	fire/train_000803_box0_0.jpg
train_000803	train_000803	train	train	fire	fire/train_000803_box1_0.jpg
train_000804	train_000804	train	train	fire	fire/train_000804_box0_0.jpg
train_000805	train_000805	test	test	fire	fire/train_000805_box0_0.jpg
train_000805	train_000805	test	test	fire	fire/train_000805_box1_0.jpg
train_000805	train_000805	test	test	fire	fire/train_000805_box2_0.jpg
train_000805	train_000805	test	test	fire	fire/train_000805_box3_0.jpg
train_000805	train_000805	test	test	non_fire	non-fire/train_000805_neg0.jpg
train_000805	train_000805	test	test	non_fire	non-fire/train_000805_neg10.jpg
train_000805	train_000805	test	test	non_fire	non-fire/train_000805_neg11.jpg
train_000805	train_000805	test	test	non_fire	non-fire/train_000805_neg3.jpg
train_000805	train_000805	test	test	non_fire	non-fire/train_000805_neg4.jpg
train_000805	train_000805	test	test	non_fire	non-fire/train_000805_neg5.jpg
train_000805	train_000805	test	test	non_fire	non-fire/train_000805_neg6.jpg
train_000805	train_000805	test	test	non_fire	non-fire/train_000805_neg7.jpg
train_000805	train_000805	test	test	non_fire	non-fire/train_000805_neg8.jpg
train_000805	train_000805	test	test	non_fire	non-fire/train_000805_neg9.jpg
train_000808	train_000808	val	val	fire	fire/train_000808_box0_0.jpg
train_000808	train_000808	val	val	fire	fire/train_000808_box1_0.jpg
train_000808	train_000808	val	val	fire	fire/train_000808_box2_0.jpg
train_000808	train_000808	val	val	fire	fire/train_000808_box3_0.jpg
train_000809	train_000809	train	train	fire	fire/train_000809_box0_0.jpg
train_000810	train_000810	train	train	fire	fire/train_000810_box0_0.jpg
train_000811	train_000811	train	train	fire	fire/train_000811_box0_0.jpg
train_000811	train_000811	train	train	non_fire	non-fire/train_000811_neg3.jpg
train_000811	train_000811	train	train	non_fire	non-fire/train_000811_neg8.jpg
train_000813	train_000813	val	val	fire	fire/train_000813_box0_0.jpg
train_000816	train_000816	train	train	fire	fire/train_000816_box0_0.jpg
train_000818	train_000818	train	train	fire	fire/train_000818_box0_0.jpg
train_000819	train_000819	val	val	fire	fire/train_000819_box0_0.jpg
train_000820	train_000820	train	train	fire	fire/train_000820_box0_0.jpg
train_000821	train_000821	train	train	fire	fire/train_000821_box0_0.jpg
train_000824	train_000824	train	train	fire	fire/train_000824_box0_0.jpg
train_000826	train_000826	val	val	fire	fire/train_000826_box0_0.jpg
train_000826	train_000826	val	val	fire	fire/train_000826_box1_0.jpg
train_000826	train_000826	val	val	non_fire	non-fire/train_000826_neg1.jpg
train_000826	train_000826	val	val	non_fire	non-fire/train_000826_neg10.jpg
train_000826	train_000826	val	val	non_fire	non-fire/train_000826_neg11.jpg
train_000826	train_000826	val	val	non_fire	non-fire/train_000826_neg2.jpg
train_000826	train_000826	val	val	non_fire	non-fire/train_000826_neg3.jpg
train_000826	train_000826	val	val	non_fire	non-fire/train_000826_neg4.jpg
train_000826	train_000826	val	val	non_fire	non-fire/train_000826_neg5.jpg
train_000826	train_000826	val	val	non_fire	non-fire/train_000826_neg6.jpg
train_000826	train_000826	val	val	non_fire	non-fire/train_000826_neg7.jpg
train_000826	train_000826	val	val	non_fire	non-fire/train_000826_neg8.jpg
train_000826	train_000826	val	val	non_fire	non-fire/train_000826_neg9.jpg
train_000829	train_000829	train	train	fire	fire/train_000829_box0_0.jpg
train_000830	train_000830	train	train	fire	fire/train_000830_box0_0.jpg
train_000830	train_000830	train	train	fire	fire/train_000830_box1_0.jpg
train_000831	train_000831	train	train	fire	fire/train_000831_box0_0.jpg
train_000831	train_000831	train	train	non_fire	non-fire/train_000831_neg10.jpg
train_000831	train_000831	train	train	non_fire	non-fire/train_000831_neg2.jpg
train_000831	train_000831	train	train	non_fire	non-fire/train_000831_neg3.jpg
train_000831	train_000831	train	train	non_fire	non-fire/train_000831_neg4.jpg
train_000831	train_000831	train	train	non_fire	non-fire/train_000831_neg5.jpg
train_000831	train_000831	train	train	non_fire	non-fire/train_000831_neg6.jpg
train_000831	train_000831	train	train	non_fire	non-fire/train_000831_neg7.jpg
train_000831	train_000831	train	train	non_fire	non-fire/train_000831_neg8.jpg
train_000831	train_000831	train	train	non_fire	non-fire/train_000831_neg9.jpg
train_000833	train_000833	train	train	non_fire	non-fire/train_000833_neg3.jpg
train_000834	train_000834	train	train	fire	fire/train_000834_box0_0.jpg
train_000834	train_000834	train	train	non_fire	non-fire/train_000834_neg2.jpg
train_000835	train_000835	train	train	fire	fire/train_000835_box0_0.jpg
train_000835	train_000835	train	train	fire	fire/train_000835_box1_0.jpg
train_000835	train_000835	train	train	fire	fire/train_000835_box2_0.jpg
train_000836	train_000836	train	train	fire	fire/train_000836_box0_0.jpg
merged_18f48b0c434a	train_000837	train	train	fire	fire/train_000837_box0_0.jpg
merged_18f48b0c434a	train_000837	train	train	fire	fire/train_000837_box1_0.jpg
train_000838	train_000838	train	train	fire	fire/train_000838_box0_0.jpg
train_000839	train_000839	train	train	fire	fire/train_000839_box0_0.jpg
train_000839	train_000839	train	train	fire	fire/train_000839_box1_0.jpg
train_000840	train_000840	train	train	fire	fire/train_000840_box0_0.jpg
train_000840	train_000840	train	train	fire	fire/train_000840_box1_0.jpg
train_000841	train_000841	train	train	fire	fire/train_000841_box0_0.jpg
train_000842	train_000842	train	train	fire	fire/train_000842_box0_0.jpg
train_000843	train_000843	train	train	fire	fire/train_000843_box0_0.jpg
train_000843	train_000843	train	train	fire	fire/train_000843_box1_0.jpg
train_000843	train_000843	train	train	fire	fire/train_000843_box2_0.jpg
train_000845	train_000845	train	train	fire	fire/train_000845_box0_0.jpg
train_000846	train_000846	val	val	fire	fire/train_000846_box0_0.jpg
train_000846	train_000846	val	val	fire	fire/train_000846_box1_0.jpg
train_000846	train_000846	val	val	fire	fire/train_000846_box2_0.jpg
train_000847	train_000847	train	train	fire	fire/train_000847_box0_0.jpg
train_000847	train_000847	train	train	fire	fire/train_000847_box1_0.jpg
train_000849	train_000849	train	train	fire	fire/train_000849_box0_0.jpg
merged_445c62523c5f	train_000850	train	train	fire	fire/train_000850_box0_0.jpg
train_000851	train_000851	train	train	fire	fire/train_000851_box0_0.jpg
train_000851	train_000851	train	train	fire	fire/train_000851_box1_0.jpg
train_000853	train_000853	train	train	fire	fire/train_000853_box0_0.jpg
train_000854	train_000854	train	train	fire	fire/train_000854_box0_0.jpg
train_000854	train_000854	train	train	fire	fire/train_000854_box1_0.jpg
train_000855	train_000855	train	train	fire	fire/train_000855_box0_0.jpg
merged_d2aa4fb8aab7	train_000856	train	train	fire	fire/train_000856_box1_0.jpg
train_000857	train_000857	train	train	fire	fire/train_000857_box0_0.jpg
train_000858	train_000858	val	val	fire	fire/train_000858_box0_0.jpg
train_000858	train_000858	val	val	fire	fire/train_000858_box1_0.jpg
train_000858	train_000858	val	val	fire	fire/train_000858_box2_0.jpg
train_000858	train_000858	val	val	fire	fire/train_000858_box3_0.jpg
train_000859	train_000859	train	train	fire	fire/train_000859_box0_0.jpg
train_000860	train_000860	train	train	fire	fire/train_000860_box0_0.jpg
train_000861	train_000861	train	train	fire	fire/train_000861_box0_0.jpg
train_000863	train_000863	train	train	fire	fire/train_000863_box0_0.jpg
train_000865	train_000865	train	train	fire	fire/train_000865_box0_0.jpg
train_000866	train_000866	train	train	fire	fire/train_000866_box0_0.jpg
train_000867	train_000867	train	train	fire	fire/train_000867_box0_0.jpg
train_000868	train_000868	train	train	fire	fire/train_000868_box0_0.jpg
train_000868	train_000868	train	train	fire	fire/train_000868_box1_0.jpg
train_000869	train_000869	train	train	fire	fire/train_000869_box0_0.jpg
train_000870	train_000870	train	train	fire	fire/train_000870_box0_0.jpg
train_000872	train_000872	train	train	fire	fire/train_000872_box0_0.jpg
train_000874	train_000874	train	train	fire	fire/train_000874_box0_0.jpg
train_000876	train_000876	train	train	fire	fire/train_000876_box0_0.jpg
train_000877	train_000877	train	train	fire	fire/train_000877_box0_0.jpg
train_000879	train_000879	train	train	fire	fire/train_000879_box1_0.jpg
train_000881	train_000881	test	test	fire	fire/train_000881_box0_0.jpg
train_000881	train_000881	test	test	fire	fire/train_000881_box1_0.jpg
train_000881	train_000881	test	test	fire	fire/train_000881_box2_0.jpg
train_000882	train_000882	train	train	fire	fire/train_000882_box0_0.jpg
train_000883	train_000883	train	train	fire	fire/train_000883_box0_0.jpg
train_000884	train_000884	val	val	fire	fire/train_000884_box0_0.jpg
train_000884	train_000884	val	val	fire	fire/train_000884_box1_0.jpg
train_000884	train_000884	val	val	fire	fire/train_000884_box2_0.jpg
train_000884	train_000884	val	val	fire	fire/train_000884_box3_0.jpg
train_000885	train_000885	train	train	fire	fire/train_000885_box0_0.jpg
train_000886	train_000886	train	train	fire	fire/train_000886_box0_0.jpg
train_000887	train_000887	test	test	fire	fire/train_000887_box0_0.jpg
train_000887	train_000887	test	test	fire	fire/train_000887_box1_0.jpg
train_000887	train_000887	test	test	fire	fire/train_000887_box2_0.jpg
train_000887	train_000887	test	test	fire	fire/train_000887_box3_0.jpg
train_000889	train_000889	train	train	fire	fire/train_000889_box0_0.jpg
train_000890	train_000890	train	train	fire	fire/train_000890_box0_0.jpg
train_000893	train_000893	train	train	fire	fire/train_000893_box0_0.jpg
train_000894	train_000894	train	train	fire	fire/train_000894_box0_0.jpg
train_000895	train_000895	test	test	fire	fire/train_000895_box0_0.jpg
train_000895	train_000895	test	test	fire	fire/train_000895_box1_0.jpg
train_000895	train_000895	test	test	fire	fire/train_000895_box2_0.jpg
train_000895	train_000895	test	test	fire	fire/train_000895_box3_0.jpg
train_000895	train_000895	test	test	fire	fire/train_000895_box4_0.jpg
train_000895	train_000895	test	test	fire	fire/train_000895_box5_0.jpg
train_000895	train_000895	test	test	fire	fire/train_000895_box6_0.jpg
train_000895	train_000895	test	test	fire	fire/train_000895_box7_0.jpg
train_000896	train_000896	train	train	fire	fire/train_000896_box0_0.jpg
train_000897	train_000897	train	train	fire	fire/train_000897_box0_0.jpg
train_000898	train_000898	train	train	fire	fire/train_000898_box0_0.jpg
train_000899	train_000899	train	train	fire	fire/train_000899_box0_0.jpg
train_000900	train_000900	test	test	fire	fire/train_000900_box0_0.jpg
train_000901	train_000901	train	train	fire	fire/train_000901_box0_0.jpg
train_000903	train_000903	train	train	fire	fire/train_000903_box0_0.jpg
train_000903	train_000903	train	train	fire	fire/train_000903_box1_0.jpg
train_000904	train_000904	train	train	fire	fire/train_000904_box0_0.jpg
train_000905	train_000905	train	train	fire	fire/train_000905_box0_0.jpg
train_000906	train_000906	train	train	fire	fire/train_000906_box0_0.jpg
train_000906	train_000906	train	train	fire	fire/train_000906_box1_0.jpg
train_000907	train_000907	train	train	fire	fire/train_000907_box0_0.jpg
train_000908	train_000908	train	train	fire	fire/train_000908_box0_0.jpg
train_000909	train_000909	train	train	fire	fire/train_000909_box0_0.jpg
train_000910	train_000910	train	train	fire	fire/train_000910_box0_0.jpg
train_000912	train_000912	train	train	fire	fire/train_000912_box0_0.jpg
train_000913	train_000913	train	train	fire	fire/train_000913_box0_0.jpg
train_000915	train_000915	train	train	fire	fire/train_000915_box0_0.jpg
train_000916	train_000916	train	train	fire	fire/train_000916_box0_0.jpg
train_000917	train_000917	train	train	fire	fire/train_000917_box0_0.jpg
train_000917	train_000917	train	train	fire	fire/train_000917_box1_0.jpg
train_000919	train_000919	val	val	fire	fire/train_000919_box0_0.jpg
train_000919	train_000919	val	val	fire	fire/train_000919_box1_0.jpg
train_000919	train_000919	val	val	fire	fire/train_000919_box2_0.jpg
train_000919	train_000919	val	val	fire	fire/train_000919_box3_0.jpg
train_000920	train_000920	train	train	fire	fire/train_000920_box0_0.jpg
train_000921	train_000921	train	train	fire	fire/train_000921_box0_0.jpg
train_000926	train_000926	train	train	fire	fire/train_000926_box0_0.jpg
train_000926	train_000926	train	train	fire	fire/train_000926_box1_0.jpg
train_000926	train_000926	train	train	fire	fire/train_000926_box2_0.jpg
train_000927	train_000927	train	train	fire	fire/train_000927_box0_0.jpg
train_000928	train_000928	train	train	fire	fire/train_000928_box0_0.jpg
train_000929	train_000929	train	train	fire	fire/train_000929_box0_0.jpg
train_000929	train_000929	train	train	fire	fire/train_000929_box1_0.jpg
train_000931	train_000931	train	train	fire	fire/train_000931_box0_0.jpg
train_000931	train_000931	train	train	fire	fire/train_000931_box1_0.jpg
train_000932	train_000932	train	train	fire	fire/train_000932_box0_0.jpg
train_000933	train_000933	train	train	fire	fire/train_000933_box0_0.jpg
train_000934	train_000934	test	test	fire	fire/train_000934_box0_0.jpg
train_000936	train_000936	train	train	fire	fire/train_000936_box0_0.jpg
train_000937	train_000937	test	test	fire	fire/train_000937_box0_0.jpg
train_000937	train_000937	test	test	fire	fire/train_000937_box1_0.jpg
train_000937	train_000937	test	test	fire	fire/train_000937_box2_0.jpg
train_000937	train_000937	test	test	fire	fire/train_000937_box3_0.jpg
train_000938	train_000938	train	train	fire	fire/train_000938_box0_0.jpg
train_000940	train_000940	train	train	fire	fire/train_000940_box0_0.jpg
train_000941	train_000941	train	train	fire	fire/train_000941_box0_0.jpg
train_000942	train_000942	train	train	fire	fire/train_000942_box0_0.jpg
train_000942	train_000942	train	train	fire	fire/train_000942_box1_0.jpg
train_000943	train_000943	train	train	fire	fire/train_000943_box0_0.jpg
train_000945	train_000945	train	train	fire	fire/train_000945_box0_0.jpg
train_000945	train_000945	train	train	fire	fire/train_000945_box1_0.jpg
train_000946	train_000946	train	train	fire	fire/train_000946_box0_0.jpg
train_000947	train_000947	train	train	fire	fire/train_000947_box0_0.jpg
merged_335d502546ef	train_000948	val	val	fire	fire/train_000948_box0_0.jpg
merged_335d502546ef	train_000948	val	val	fire	fire/train_000948_box1_0.jpg
train_000949	train_000949	train	train	fire	fire/train_000949_box0_0.jpg
train_000951	train_000951	train	train	fire	fire/train_000951_box0_0.jpg
train_000952	train_000952	train	train	fire	fire/train_000952_box0_0.jpg
train_000952	train_000952	train	train	fire	fire/train_000952_box1_0.jpg
train_000952	train_000952	train	train	fire	fire/train_000952_box2_0.jpg
train_000953	train_000953	train	train	fire	fire/train_000953_box0_0.jpg
train_000953	train_000953	train	train	fire	fire/train_000953_box1_0.jpg
train_000954	train_000954	train	train	fire	fire/train_000954_box0_0.jpg
train_000954	train_000954	train	train	fire	fire/train_000954_box1_0.jpg
train_000955	train_000955	train	train	fire	fire/train_000955_box0_0.jpg
train_000956	train_000956	train	train	fire	fire/train_000956_box0_0.jpg
train_000956	train_000956	train	train	fire	fire/train_000956_box1_0.jpg
train_000956	train_000956	train	train	fire	fire/train_000956_box2_0.jpg
train_000957	train_000957	train	train	fire	fire/train_000957_box0_0.jpg
train_000958	train_000958	train	train	fire	fire/train_000958_box1_0.jpg
train_000959	train_000959	train	train	fire	fire/train_000959_box0_0.jpg
train_000960	train_000960	train	train	fire	fire/train_000960_box0_0.jpg
train_000960	train_000960	train	train	fire	fire/train_000960_box1_0.jpg
train_000961	train_000961	test	test	fire	fire/train_000961_box0_0.jpg
train_000961	train_000961	test	test	fire	fire/train_000961_box1_0.jpg
train_000961	train_000961	test	test	fire	fire/train_000961_box2_0.jpg
train_000961	train_000961	test	test	fire	fire/train_000961_box3_0.jpg
train_000962	train_000962	val	val	fire	fire/train_000962_box0_0.jpg
train_000962	train_000962	val	val	fire	fire/train_000962_box10_0.jpg
train_000962	train_000962	val	val	fire	fire/train_000962_box1_0.jpg
train_000962	train_000962	val	val	fire	fire/train_000962_box2_0.jpg
train_000962	train_000962	val	val	fire	fire/train_000962_box3_0.jpg
train_000962	train_000962	val	val	fire	fire/train_000962_box4_0.jpg
train_000962	train_000962	val	val	fire	fire/train_000962_box5_0.jpg
train_000962	train_000962	val	val	fire	fire/train_000962_box6_0.jpg
train_000962	train_000962	val	val	fire	fire/train_000962_box7_0.jpg
train_000962	train_000962	val	val	fire	fire/train_000962_box8_0.jpg
train_000962	train_000962	val	val	fire	fire/train_000962_box9_0.jpg
train_000964	train_000964	train	train	fire	fire/train_000964_box0_0.jpg
train_000966	train_000966	train	train	fire	fire/train_000966_box0_0.jpg
train_000967	train_000967	train	train	fire	fire/train_000967_box0_0.jpg
train_000967	train_000967	train	train	fire	fire/train_000967_box1_0.jpg
train_000967	train_000967	train	train	fire	fire/train_000967_box2_0.jpg
train_000969	train_000969	train	train	fire	fire/train_000969_box0_0.jpg
train_000971	train_000971	train	train	fire	fire/train_000971_box0_0.jpg
train_000972	train_000972	train	train	fire	fire/train_000972_box0_0.jpg
train_000972	train_000972	train	train	fire	fire/train_000972_box1_0.jpg
train_000972	train_000972	train	train	fire	fire/train_000972_box2_0.jpg
train_000975	train_000975	train	train	fire	fire/train_000975_box0_0.jpg
train_000978	train_000978	train	train	fire	fire/train_000978_box0_0.jpg
train_000978	train_000978	train	train	fire	fire/train_000978_box1_0.jpg
train_000983	train_000983	train	train	fire	fire/train_000983_box0_0.jpg
train_000984	train_000984	train	train	fire	fire/train_000984_box0_0.jpg
train_000984	train_000984	train	train	fire	fire/train_000984_box1_0.jpg
train_000985	train_000985	train	train	fire	fire/train_000985_box0_0.jpg
train_000987	train_000987	train	train	fire	fire/train_000987_box0_0.jpg
train_000988	train_000988	train	train	fire	fire/train_000988_box0_0.jpg
train_000989	train_000989	train	train	fire	fire/train_000989_box0_0.jpg
train_000990	train_000990	train	train	fire	fire/train_000990_box0_0.jpg
train_000990	train_000990	train	train	fire	fire/train_000990_box1_0.jpg
train_000991	train_000991	train	train	fire	fire/train_000991_box0_0.jpg
train_000992	train_000992	train	train	fire	fire/train_000992_box0_0.jpg
train_000993	train_000993	train	train	fire	fire/train_000993_box0_0.jpg
train_000994	train_000994	train	train	fire	fire/train_000994_box0_0.jpg
train_000995	train_000995	train	train	fire	fire/train_000995_box0_0.jpg
train_000995	train_000995	train	train	fire	fire/train_000995_box1_0.jpg
merged_098e05413008	train_000996	train	train	fire	fire/train_000996_box0_0.jpg
train_000997	train_000997	train	train	fire	fire/train_000997_box0_0.jpg
train_000998	train_000998	train	train	fire	fire/train_000998_box0_0.jpg
train_000999	train_000999	train	train	fire	fire/train_000999_box0_0.jpg
train_001000	train_001000	train	train	fire	fire/train_001000_box0_0.jpg
train_001001	train_001001	train	train	fire	fire/train_001001_box0_0.jpg
train_001003	train_001003	train	train	fire	fire/train_001003_box0_0.jpg
train_001004	train_001004	train	train	fire	fire/train_001004_box0_0.jpg
train_001004	train_001004	train	train	fire	fire/train_001004_box1_0.jpg
train_001004	train_001004	train	train	fire	fire/train_001004_box2_0.jpg
train_001005	train_001005	train	train	fire	fire/train_001005_box0_0.jpg
train_001006	train_001006	train	train	fire	fire/train_001006_box0_0.jpg
train_001008	train_001008	train	train	fire	fire/train_001008_box0_0.jpg
train_001009	train_001009	train	train	fire	fire/train_001009_box0_0.jpg
train_001010	train_001010	train	train	fire	fire/train_001010_box0_0.jpg
train_001011	train_001011	train	train	fire	fire/train_001011_box0_0.jpg
train_001012	train_001012	train	train	fire	fire/train_001012_box0_0.jpg
train_001012	train_001012	train	train	fire	fire/train_001012_box1_0.jpg
train_001013	train_001013	train	train	fire	fire/train_001013_box0_0.jpg
train_001015	train_001015	train	train	fire	fire/train_001015_box0_0.jpg
train_001016	train_001016	train	train	fire	fire/train_001016_box0_0.jpg
train_001017	train_001017	train	train	fire	fire/train_001017_box0_0.jpg
train_001018	train_001018	train	train	fire	fire/train_001018_box0_0.jpg
train_001019	train_001019	train	train	fire	fire/train_001019_box0_0.jpg
train_001019	train_001019	train	train	fire	fire/train_001019_box1_0.jpg
train_001019	train_001019	train	train	fire	fire/train_001019_box2_0.jpg
train_001020	train_001020	train	train	fire	fire/train_001020_box0_0.jpg
train_001020	train_001020	train	train	fire	fire/train_001020_box1_0.jpg
train_001020	train_001020	train	train	fire	fire/train_001020_box2_0.jpg
train_001022	train_001022	train	train	fire	fire/train_001022_box0_0.jpg
train_001022	train_001022	train	train	fire	fire/train_001022_box1_0.jpg
train_001023	train_001023	train	train	fire	fire/train_001023_box0_0.jpg
train_001024	train_001024	train	train	fire	fire/train_001024_box0_0.jpg
train_001025	train_001025	test	test	fire	fire/train_001025_box1_0.jpg
train_001025	train_001025	test	test	fire	fire/train_001025_box2_0.jpg
train_001025	train_001025	test	test	fire	fire/train_001025_box4_0.jpg
train_001025	train_001025	test	test	fire	fire/train_001025_box5_0.jpg
train_001026	train_001026	train	train	fire	fire/train_001026_box0_0.jpg
train_001026	train_001026	train	train	fire	fire/train_001026_box1_0.jpg
train_001027	train_001027	train	train	fire	fire/train_001027_box0_0.jpg
train_001029	train_001029	train	train	fire	fire/train_001029_box0_0.jpg
train_001031	train_001031	train	train	fire	fire/train_001031_box0_0.jpg
train_001031	train_001031	train	train	fire	fire/train_001031_box1_0.jpg
train_001033	train_001033	test	test	fire	fire/train_001033_box0_0.jpg
train_001033	train_001033	test	test	fire	fire/train_001033_box1_0.jpg
train_001033	train_001033	test	test	fire	fire/train_001033_box2_0.jpg
train_001033	train_001033	test	test	fire	fire/train_001033_box3_0.jpg
train_001034	train_001034	train	train	fire	fire/train_001034_box0_0.jpg
train_001039	train_001039	train	train	fire	fire/train_001039_box0_0.jpg
train_001040	train_001040	train	train	fire	fire/train_001040_box0_0.jpg
train_001041	train_001041	train	train	fire	fire/train_001041_box0_0.jpg
train_001043	train_001043	train	train	fire	fire/train_001043_box0_0.jpg
train_001044	train_001044	train	train	fire	fire/train_001044_box0_0.jpg
train_001045	train_001045	test	test	fire	fire/train_001045_box0_0.jpg
train_001046	train_001046	train	train	fire	fire/train_001046_box0_0.jpg
train_001049	train_001049	train	train	fire	fire/train_001049_box0_0.jpg
train_001049	train_001049	train	train	fire	fire/train_001049_box1_0.jpg
train_001049	train_001049	train	train	fire	fire/train_001049_box3_0.jpg
train_001050	train_001050	train	train	fire	fire/train_001050_box0_0.jpg
train_001051	train_001051	train	train	fire	fire/train_001051_box0_0.jpg
train_001052	train_001052	test	test	fire	fire/train_001052_box0_0.jpg
train_001053	train_001053	train	train	fire	fire/train_001053_box0_0.jpg
train_001054	train_001054	train	train	fire	fire/train_001054_box0_0.jpg
train_001055	train_001055	train	train	fire	fire/train_001055_box0_0.jpg
train_001056	train_001056	test	test	fire	fire/train_001056_box0_0.jpg
train_001061	train_001061	train	train	fire	fire/train_001061_box0_0.jpg
train_001064	train_001064	train	train	fire	fire/train_001064_box0_0.jpg
train_001065	train_001065	train	train	fire	fire/train_001065_box0_0.jpg
train_001066	train_001066	train	train	fire	fire/train_001066_box0_0.jpg
train_001067	train_001067	train	train	fire	fire/train_001067_box0_0.jpg
train_001068	train_001068	train	train	fire	fire/train_001068_box0_0.jpg
train_001069	train_001069	train	train	fire	fire/train_001069_box0_0.jpg
train_001069	train_001069	train	train	fire	fire/train_001069_box1_0.jpg
train_001069	train_001069	train	train	fire	fire/train_001069_box2_0.jpg
merged_9f5e6a035605	train_001070	train	train	fire	fire/train_001070_box0_0.jpg
merged_9f5e6a035605	train_001070	train	train	fire	fire/train_001070_box1_0.jpg
merged_ad45b5704299	train_001074	train	train	fire	fire/train_001074_box0_0.jpg
train_001075	train_001075	train	train	fire	fire/train_001075_box0_0.jpg
train_001076	train_001076	train	train	fire	fire/train_001076_box0_0.jpg
train_001077	train_001077	train	train	fire	fire/train_001077_box0_0.jpg
train_001078	train_001078	val	val	fire	fire/train_001078_box0_0.jpg
train_001078	train_001078	val	val	fire	fire/train_001078_box1_0.jpg
train_001079	train_001079	train	train	fire	fire/train_001079_box0_0.jpg
train_001079	train_001079	train	train	fire	fire/train_001079_box1_0.jpg
train_001080	train_001080	train	train	fire	fire/train_001080_box0_0.jpg
train_001081	train_001081	train	train	fire	fire/train_001081_box0_0.jpg
train_001082	train_001082	train	train	fire	fire/train_001082_box0_0.jpg
train_001084	train_001084	train	train	fire	fire/train_001084_box0_0.jpg
train_001085	train_001085	train	train	fire	fire/train_001085_box0_0.jpg
train_001087	train_001087	train	train	fire	fire/train_001087_box0_0.jpg
train_001090	train_001090	val	val	fire	fire/train_001090_box0_0.jpg
train_001090	train_001090	val	val	fire	fire/train_001090_box1_0.jpg
train_001090	train_001090	val	val	fire	fire/train_001090_box2_0.jpg
train_001090	train_001090	val	val	fire	fire/train_001090_box3_0.jpg
train_001092	train_001092	test	test	fire	fire/train_001092_box0_0.jpg
train_001093	train_001093	train	train	fire	fire/train_001093_box0_0.jpg
train_001094	train_001094	train	train	fire	fire/train_001094_box0_0.jpg
train_001095	train_001095	train	train	fire	fire/train_001095_box0_0.jpg
train_001095	train_001095	train	train	fire	fire/train_001095_box1_0.jpg
train_001096	train_001096	train	train	fire	fire/train_001096_box0_0.jpg
train_001097	train_001097	train	train	fire	fire/train_001097_box0_0.jpg
train_001098	train_001098	train	train	fire	fire/train_001098_box0_0.jpg
train_001099	train_001099	train	train	fire	fire/train_001099_box0_0.jpg
train_001099	train_001099	train	train	fire	fire/train_001099_box1_0.jpg
train_001099	train_001099	train	train	fire	fire/train_001099_box2_0.jpg
train_001100	train_001100	train	train	fire	fire/train_001100_box0_0.jpg
train_001102	train_001102	test	test	fire	fire/train_001102_box0_0.jpg
train_001102	train_001102	test	test	fire	fire/train_001102_box1_0.jpg
train_001103	train_001103	train	train	fire	fire/train_001103_box0_0.jpg
train_001103	train_001103	train	train	fire	fire/train_001103_box1_0.jpg
train_001104	train_001104	train	train	fire	fire/train_001104_box0_0.jpg
train_001105	train_001105	train	train	fire	fire/train_001105_box0_0.jpg
train_001106	train_001106	train	train	fire	fire/train_001106_box0_0.jpg
train_001107	train_001107	train	train	fire	fire/train_001107_box0_0.jpg
merged_09ddcbef2283	train_001108	train	train	fire	fire/train_001108_box0_0.jpg
train_001109	train_001109	val	val	fire	fire/train_001109_box0_0.jpg
train_001109	train_001109	val	val	fire	fire/train_001109_box2_0.jpg
train_001109	train_001109	val	val	fire	fire/train_001109_box3_0.jpg
train_001109	train_001109	val	val	fire	fire/train_001109_box4_0.jpg
train_001109	train_001109	val	val	fire	fire/train_001109_box5_0.jpg
train_001110	train_001110	train	train	fire	fire/train_001110_box0_0.jpg
train_001111	train_001111	test	test	fire	fire/train_001111_box0_0.jpg
train_001111	train_001111	test	test	fire	fire/train_001111_box1_0.jpg
train_001113	train_001113	test	test	fire	fire/train_001113_box0_0.jpg
train_001113	train_001113	test	test	fire	fire/train_001113_box1_0.jpg
train_001113	train_001113	test	test	fire	fire/train_001113_box2_0.jpg
train_001114	train_001114	train	train	fire	fire/train_001114_box0_0.jpg
train_001114	train_001114	train	train	fire	fire/train_001114_box1_0.jpg
train_001115	train_001115	train	train	fire	fire/train_001115_box0_0.jpg
train_001116	train_001116	test	test	fire	fire/train_001116_box0_0.jpg
train_001118	train_001118	train	train	fire	fire/train_001118_box0_0.jpg
train_001119	train_001119	train	train	fire	fire/train_001119_box0_0.jpg
train_001119	train_001119	train	train	fire	fire/train_001119_box1_0.jpg
train_001121	train_001121	train	train	fire	fire/train_001121_box0_0.jpg
train_001122	train_001122	train	train	fire	fire/train_001122_box0_0.jpg
train_001124	train_001124	train	train	fire	fire/train_001124_box0_0.jpg
train_001125	train_001125	train	train	fire	fire/train_001125_box0_0.jpg
train_001125	train_001125	train	train	fire	fire/train_001125_box1_0.jpg
train_001125	train_001125	train	train	fire	fire/train_001125_box2_0.jpg
train_001128	train_001128	train	train	fire	fire/train_001128_box0_0.jpg
train_001129	train_001129	train	train	fire	fire/train_001129_box0_0.jpg
train_001130	train_001130	train	train	fire	fire/train_001130_box0_0.jpg
train_001130	train_001130	train	train	fire	fire/train_001130_box1_0.jpg
train_001131	train_001131	train	train	fire	fire/train_001131_box0_0.jpg
train_001132	train_001132	train	train	fire	fire/train_001132_box0_0.jpg
train_001133	train_001133	train	train	fire	fire/train_001133_box0_0.jpg
train_001133	train_001133	train	train	fire	fire/train_001133_box1_0.jpg
train_001134	train_001134	train	train	fire	fire/train_001134_box0_0.jpg
train_001136	train_001136	train	train	fire	fire/train_001136_box0_0.jpg
train_001136	train_001136	train	train	fire	fire/train_001136_box1_0.jpg
train_001137	train_001137	train	train	fire	fire/train_001137_box0_0.jpg
train_001137	train_001137	train	train	fire	fire/train_001137_box1_0.jpg
train_001138	train_001138	train	train	fire	fire/train_001138_box0_0.jpg
train_001139	train_001139	train	train	fire	fire/train_001139_box0_0.jpg
train_001141	train_001141	train	train	fire	fire/train_001141_box0_0.jpg
train_001142	train_001142	train	train	fire	fire/train_001142_box0_0.jpg
train_001143	train_001143	train	train	fire	fire/train_001143_box0_0.jpg
train_001144	train_001144	train	train	fire	fire/train_001144_box0_0.jpg
train_001145	train_001145	train	train	fire	fire/train_001145_box0_0.jpg
train_001146	train_001146	train	train	fire	fire/train_001146_box0_0.jpg
train_001147	train_001147	train	train	fire	fire/train_001147_box0_0.jpg
train_001147	train_001147	train	train	fire	fire/train_001147_box1_0.jpg
train_001148	train_001148	train	train	fire	fire/train_001148_box0_0.jpg
train_001149	train_001149	val	val	fire	fire/train_001149_box0_0.jpg
train_001150	train_001150	train	train	fire	fire/train_001150_box0_0.jpg
train_001151	train_001151	train	train	fire	fire/train_001151_box0_0.jpg
train_001151	train_001151	train	train	fire	fire/train_001151_box1_0.jpg
train_001153	train_001153	train	train	fire	fire/train_001153_box0_0.jpg
train_001154	train_001154	train	train	fire	fire/train_001154_box0_0.jpg
train_001156	train_001156	val	val	fire	fire/train_001156_box0_0.jpg
train_001156	train_001156	val	val	fire	fire/train_001156_box1_0.jpg
train_001156	train_001156	val	val	fire	fire/train_001156_box2_0.jpg
train_001156	train_001156	val	val	fire	fire/train_001156_box3_0.jpg
train_001156	train_001156	val	val	fire	fire/train_001156_box5_0.jpg
train_001156	train_001156	val	val	fire	fire/train_001156_box6_0.jpg
train_001156	train_001156	val	val	fire	fire/train_001156_box7_0.jpg
train_001157	train_001157	train	train	fire	fire/train_001157_box0_0.jpg
train_001158	train_001158	train	train	fire	fire/train_001158_box0_0.jpg
train_001159	train_001159	train	train	fire	fire/train_001159_box0_0.jpg
train_001160	train_001160	train	train	fire	fire/train_001160_box0_0.jpg
train_001161	train_001161	train	train	fire	fire/train_001161_box0_0.jpg
train_001162	train_001162	val	val	fire	fire/train_001162_box0_0.jpg
train_001163	train_001163	train	train	fire	fire/train_001163_box0_0.jpg
train_001164	train_001164	train	train	fire	fire/train_001164_box0_0.jpg
train_001165	train_001165	val	val	fire	fire/train_001165_box0_0.jpg
train_001165	train_001165	val	val	fire	fire/train_001165_box1_0.jpg
train_001166	train_001166	train	train	fire	fire/train_001166_box0_0.jpg
train_001168	train_001168	train	train	fire	fire/train_001168_box0_0.jpg
train_001169	train_001169	train	train	fire	fire/train_001169_box0_0.jpg
train_001170	train_001170	train	train	fire	fire/train_001170_box0_0.jpg
train_001170	train_001170	train	train	fire	fire/train_001170_box1_0.jpg
train_001171	train_001171	train	train	fire	fire/train_001171_box0_0.jpg
train_001171	train_001171	train	train	fire	fire/train_001171_box1_0.jpg
train_001172	train_001172	train	train	fire	fire/train_001172_box0_0.jpg
train_001174	train_001174	train	train	fire	fire/train_001174_box0_0.jpg
train_001175	train_001175	val	val	fire	fire/train_001175_box0_0.jpg
train_001175	train_001175	val	val	fire	fire/train_001175_box1_0.jpg
train_001175	train_001175	val	val	fire	fire/train_001175_box2_0.jpg
train_001177	train_001177	train	train	fire	fire/train_001177_box0_0.jpg
train_001177	train_001177	train	train	fire	fire/train_001177_box1_0.jpg
train_001178	train_001178	train	train	fire	fire/train_001178_box0_0.jpg
merged_29cbbeb563c5	train_001180	train	train	fire	fire/train_001180_box0_0.jpg
train_001182	train_001182	train	train	fire	fire/train_001182_box0_0.jpg
train_001183	train_001183	train	train	fire	fire/train_001183_box0_0.jpg
train_001184	train_001184	train	train	fire	fire/train_001184_box0_0.jpg
train_001185	train_001185	train	train	fire	fire/train_001185_box0_0.jpg
train_001186	train_001186	train	train	fire	fire/train_001186_box0_0.jpg
train_001187	train_001187	train	train	fire	fire/train_001187_box0_0.jpg
train_001188	train_001188	train	train	fire	fire/train_001188_box0_0.jpg
train_001190	train_001190	train	train	fire	fire/train_001190_box0_0.jpg
train_001191	train_001191	train	train	fire	fire/train_001191_box0_0.jpg
train_001192	train_001192	train	train	fire	fire/train_001192_box0_0.jpg
train_001194	train_001194	train	train	fire	fire/train_001194_box0_0.jpg
train_001194	train_001194	train	train	fire	fire/train_001194_box1_0.jpg
train_001195	train_001195	train	train	fire	fire/train_001195_box0_0.jpg
train_001196	train_001196	train	train	fire	fire/train_001196_box0_0.jpg
train_001196	train_001196	train	train	fire	fire/train_001196_box1_0.jpg
train_001197	train_001197	train	train	fire	fire/train_001197_box0_0.jpg
train_001198	train_001198	train	train	fire	fire/train_001198_box0_0.jpg
train_001199	train_001199	train	train	fire	fire/train_001199_box0_0.jpg
train_001201	train_001201	train	train	fire	fire/train_001201_box0_0.jpg
train_001202	train_001202	train	train	fire	fire/train_001202_box0_0.jpg
train_001204	train_001204	train	train	fire	fire/train_001204_box0_0.jpg
train_001205	train_001205	test	test	fire	fire/train_001205_box2_0.jpg
train_001205	train_001205	test	test	fire	fire/train_001205_box3_0.jpg
train_001205	train_001205	test	test	fire	fire/train_001205_box4_0.jpg
train_001205	train_001205	test	test	fire	fire/train_001205_box5_0.jpg
train_001205	train_001205	test	test	fire	fire/train_001205_box7_0.jpg
train_001206	train_001206	train	train	fire	fire/train_001206_box0_0.jpg
train_001207	train_001207	train	train	fire	fire/train_001207_box0_0.jpg
train_001208	train_001208	train	train	fire	fire/train_001208_box0_0.jpg
train_001209	train_001209	train	train	fire	fire/train_001209_box0_0.jpg
train_001211	train_001211	train	train	fire	fire/train_001211_box0_0.jpg
train_001211	train_001211	train	train	fire	fire/train_001211_box1_0.jpg
train_001212	train_001212	train	train	fire	fire/train_001212_box0_0.jpg
train_001213	train_001213	train	train	fire	fire/train_001213_box0_0.jpg
train_001214	train_001214	train	train	fire	fire/train_001214_box0_0.jpg
train_001216	train_001216	train	train	fire	fire/train_001216_box0_0.jpg
train_001216	train_001216	train	train	fire	fire/train_001216_box1_0.jpg
train_001217	train_001217	train	train	fire	fire/train_001217_box0_0.jpg
train_001219	train_001219	train	train	fire	fire/train_001219_box0_0.jpg
train_001221	train_001221	test	test	fire	fire/train_001221_box0_0.jpg
train_001221	train_001221	test	test	fire	fire/train_001221_box1_0.jpg
train_001221	train_001221	test	test	fire	fire/train_001221_box2_0.jpg
train_001221	train_001221	test	test	fire	fire/train_001221_box3_0.jpg
train_001222	train_001222	train	train	fire	fire/train_001222_box0_0.jpg
train_001224	train_001224	train	train	fire	fire/train_001224_box0_0.jpg
train_001228	train_001228	train	train	fire	fire/train_001228_box0_0.jpg
train_001229	train_001229	train	train	fire	fire/train_001229_box0_0.jpg
train_001233	train_001233	train	train	fire	fire/train_001233_box0_0.jpg
train_001233	train_001233	train	train	fire	fire/train_001233_box1_0.jpg
train_001234	train_001234	train	train	fire	fire/train_001234_box0_0.jpg
train_001234	train_001234	train	train	fire	fire/train_001234_box1_0.jpg
train_001235	train_001235	train	train	fire	fire/train_001235_box0_0.jpg
train_001236	train_001236	train	train	fire	fire/train_001236_box0_0.jpg
train_001237	train_001237	train	train	fire	fire/train_001237_box0_0.jpg
train_001238	train_001238	test	test	fire	fire/train_001238_box0_0.jpg
train_001238	train_001238	test	test	fire	fire/train_001238_box1_0.jpg
train_001238	train_001238	test	test	fire	fire/train_001238_box2_0.jpg
train_001239	train_001239	train	train	fire	fire/train_001239_box0_0.jpg
train_001239	train_001239	train	train	fire	fire/train_001239_box1_0.jpg
train_001242	train_001242	train	train	fire	fire/train_001242_box0_0.jpg
train_001242	train_001242	train	train	fire	fire/train_001242_box2_0.jpg
train_001243	train_001243	train	train	fire	fire/train_001243_box0_0.jpg
train_001243	train_001243	train	train	fire	fire/train_001243_box1_0.jpg
train_001244	train_001244	test	test	fire	fire/train_001244_box0_0.jpg
train_001245	train_001245	test	test	fire	fire/train_001245_box0_0.jpg
train_001246	train_001246	train	train	fire	fire/train_001246_box0_0.jpg
train_001247	train_001247	train	train	fire	fire/train_001247_box0_0.jpg
train_001248	train_001248	train	train	fire	fire/train_001248_box0_0.jpg
train_001248	train_001248	train	train	fire	fire/train_001248_box1_0.jpg
train_001249	train_001249	train	train	fire	fire/train_001249_box0_0.jpg
train_001250	train_001250	test	test	fire	fire/train_001250_box0_0.jpg
train_001250	train_001250	test	test	fire	fire/train_001250_box1_0.jpg
train_001250	train_001250	test	test	fire	fire/train_001250_box2_0.jpg
train_001251	train_001251	train	train	fire	fire/train_001251_box0_0.jpg
train_001251	train_001251	train	train	fire	fire/train_001251_box1_0.jpg
train_001253	train_001253	test	test	fire	fire/train_001253_box0_0.jpg
train_001253	train_001253	test	test	fire	fire/train_001253_box1_0.jpg
train_001253	train_001253	test	test	fire	fire/train_001253_box2_0.jpg
train_001253	train_001253	test	test	fire	fire/train_001253_box3_0.jpg
train_001253	train_001253	test	test	fire	fire/train_001253_box4_0.jpg
train_001253	train_001253	test	test	fire	fire/train_001253_box5_0.jpg
train_001255	train_001255	test	test	fire	fire/train_001255_box0_0.jpg
train_001255	train_001255	test	test	fire	fire/train_001255_box1_0.jpg
train_001255	train_001255	test	test	fire	fire/train_001255_box2_0.jpg
train_001255	train_001255	test	test	fire	fire/train_001255_box3_0.jpg
train_001255	train_001255	test	test	fire	fire/train_001255_box4_0.jpg
train_001256	train_001256	train	train	fire	fire/train_001256_box0_0.jpg
train_001258	train_001258	train	train	fire	fire/train_001258_box0_0.jpg
train_001259	train_001259	train	train	fire	fire/train_001259_box1_0.jpg
train_001259	train_001259	train	train	fire	fire/train_001259_box3_0.jpg
train_001259	train_001259	train	train	fire	fire/train_001259_box4_0.jpg
train_001260	train_001260	train	train	fire	fire/train_001260_box0_0.jpg
train_001261	train_001261	train	train	fire	fire/train_001261_box0_0.jpg
train_001262	train_001262	train	train	fire	fire/train_001262_box0_0.jpg
train_001263	train_001263	train	train	fire	fire/train_001263_box0_0.jpg
train_001264	train_001264	train	train	fire	fire/train_001264_box0_0.jpg
train_001265	train_001265	train	train	fire	fire/train_001265_box0_0.jpg
train_001265	train_001265	train	train	fire	fire/train_001265_box1_0.jpg
train_001266	train_001266	train	train	fire	fire/train_001266_box0_0.jpg
merged_ebda92e316fb	train_001267	train	val	fire	fire/train_001267_box0_0.jpg
merged_ebda92e316fb	train_001267	train	val	fire	fire/train_001267_box1_0.jpg
merged_ebda92e316fb	train_001267	train	val	fire	fire/train_001267_box2_0.jpg
train_001268	train_001268	train	train	fire	fire/train_001268_box0_0.jpg
train_001268	train_001268	train	train	fire	fire/train_001268_box1_0.jpg
train_001269	train_001269	train	train	fire	fire/train_001269_box0_0.jpg
train_001269	train_001269	train	train	fire	fire/train_001269_box1_0.jpg
train_001270	train_001270	train	train	fire	fire/train_001270_box0_0.jpg
train_001271	train_001271	train	train	fire	fire/train_001271_box0_0.jpg
train_001272	train_001272	train	train	fire	fire/train_001272_box0_0.jpg
train_001276	train_001276	train	train	fire	fire/train_001276_box0_0.jpg
train_001278	train_001278	train	train	fire	fire/train_001278_box0_0.jpg
train_001279	train_001279	train	train	fire	fire/train_001279_box0_0.jpg
train_001280	train_001280	train	train	fire	fire/train_001280_box0_0.jpg
train_001281	train_001281	train	train	fire	fire/train_001281_box0_0.jpg
train_001281	train_001281	train	train	fire	fire/train_001281_box1_0.jpg
merged_a90356761ad6	train_001282	train	train	fire	fire/train_001282_box0_0.jpg
merged_a90356761ad6	train_001282	train	train	fire	fire/train_001282_box1_0.jpg
train_001283	train_001283	train	train	fire	fire/train_001283_box0_0.jpg
train_001286	train_001286	train	train	fire	fire/train_001286_box0_0.jpg
train_001287	train_001287	train	train	fire	fire/train_001287_box0_0.jpg
train_001288	train_001288	test	test	fire	fire/train_001288_box0_0.jpg
train_001288	train_001288	test	test	fire	fire/train_001288_box1_0.jpg
train_001288	train_001288	test	test	fire	fire/train_001288_box2_0.jpg
train_001289	train_001289	train	train	fire	fire/train_001289_box0_0.jpg
train_001290	train_001290	train	train	fire	fire/train_001290_box0_0.jpg
train_001292	train_001292	train	train	fire	fire/train_001292_box0_0.jpg
train_001295	train_001295	val	val	fire	fire/train_001295_box0_0.jpg
train_001295	train_001295	val	val	fire	fire/train_001295_box1_0.jpg
train_001295	train_001295	val	val	fire	fire/train_001295_box2_0.jpg
train_001295	train_001295	val	val	fire	fire/train_001295_box3_0.jpg
train_001298	train_001298	train	train	fire	fire/train_001298_box0_0.jpg
train_001299	train_001299	test	test	fire	fire/train_001299_box0_0.jpg
train_001299	train_001299	test	test	fire	fire/train_001299_box1_0.jpg
train_001299	train_001299	test	test	fire	fire/train_001299_box2_0.jpg
train_001299	train_001299	test	test	fire	fire/train_001299_box3_0.jpg
train_001299	train_001299	test	test	fire	fire/train_001299_box4_0.jpg
train_001299	train_001299	test	test	fire	fire/train_001299_box5_0.jpg
train_001299	train_001299	test	test	fire	fire/train_001299_box6_0.jpg
train_001300	train_001300	train	train	fire	fire/train_001300_box0_0.jpg
train_001301	train_001301	train	train	fire	fire/train_001301_box0_0.jpg
train_001302	train_001302	train	train	fire	fire/train_001302_box0_0.jpg
train_001303	train_001303	test	test	fire	fire/train_001303_box0_0.jpg
train_001304	train_001304	train	train	fire	fire/train_001304_box0_0.jpg
train_001305	train_001305	train	train	fire	fire/train_001305_box0_0.jpg
train_001306	train_001306	train	train	fire	fire/train_001306_box0_0.jpg
train_001306	train_001306	train	train	fire	fire/train_001306_box1_0.jpg
train_001308	train_001308	train	train	fire	fire/train_001308_box0_0.jpg
train_001309	train_001309	val	val	fire	fire/train_001309_box0_0.jpg
train_001309	train_001309	val	val	fire	fire/train_001309_box1_0.jpg
train_001309	train_001309	val	val	fire	fire/train_001309_box2_0.jpg
train_001309	train_001309	val	val	fire	fire/train_001309_box3_0.jpg
train_001310	train_001310	test	test	fire	fire/train_001310_box0_0.jpg
train_001311	train_001311	train	train	fire	fire/train_001311_box0_0.jpg
train_001314	train_001314	train	train	fire	fire/train_001314_box0_0.jpg
train_001314	train_001314	train	train	fire	fire/train_001314_box1_0.jpg
train_001315	train_001315	train	train	fire	fire/train_001315_box0_0.jpg
train_001316	train_001316	train	train	fire	fire/train_001316_box0_0.jpg
train_001316	train_001316	train	train	fire	fire/train_001316_box1_0.jpg
train_001316	train_001316	train	train	fire	fire/train_001316_box2_0.jpg
train_001318	train_001318	train	train	fire	fire/train_001318_box0_0.jpg
train_001318	train_001318	train	train	fire	fire/train_001318_box1_0.jpg
train_001319	train_001319	train	train	fire	fire/train_001319_box0_0.jpg
train_001319	train_001319	train	train	fire	fire/train_001319_box1_0.jpg
train_001321	train_001321	train	train	fire	fire/train_001321_box0_0.jpg
train_001321	train_001321	train	train	fire	fire/train_001321_box1_0.jpg
train_001321	train_001321	train	train	fire	fire/train_001321_box2_0.jpg
train_001323	train_001323	train	train	fire	fire/train_001323_box0_0.jpg
train_001324	train_001324	train	train	fire	fire/train_001324_box0_0.jpg
train_001325	train_001325	train	train	fire	fire/train_001325_box1_0.jpg
train_001326	train_001326	train	train	fire	fire/train_001326_box0_0.jpg
train_001327	train_001327	test	test	fire	fire/train_001327_box0_0.jpg
train_001327	train_001327	test	test	fire	fire/train_001327_box1_0.jpg
train_001328	train_001328	train	train	fire	fire/train_001328_box0_0.jpg
train_001329	train_001329	train	train	fire	fire/train_001329_box0_0.jpg
train_001331	train_001331	train	train	fire	fire/train_001331_box0_0.jpg
train_001332	train_001332	train	train	fire	fire/train_001332_box0_0.jpg
train_001333	train_001333	train	train	fire	fire/train_001333_box0_0.jpg
train_001335	train_001335	train	train	fire	fire/train_001335_box0_0.jpg
train_001335	train_001335	train	train	fire	fire/train_001335_box1_0.jpg
train_001336	train_001336	train	train	fire	fire/train_001336_box0_0.jpg
train_001336	train_001336	train	train	fire	fire/train_001336_box1_0.jpg
train_001337	train_001337	train	train	fire	fire/train_001337_box0_0.jpg
train_001338	train_001338	train	train	fire	fire/train_001338_box0_0.jpg
train_001339	train_001339	train	train	fire	fire/train_001339_box0_0.jpg
train_001341	train_001341	train	train	fire	fire/train_001341_box0_0.jpg
train_001341	train_001341	train	train	fire	fire/train_001341_box1_0.jpg
train_001342	train_001342	train	train	fire	fire/train_001342_box0_0.jpg
train_001343	train_001343	train	train	fire	fire/train_001343_box0_0.jpg
train_001344	train_001344	train	train	fire	fire/train_001344_box0_0.jpg
train_001344	train_001344	train	train	fire	fire/train_001344_box1_0.jpg
merged_098e05413008	train_001345	train	train	fire	fire/train_001345_box0_0.jpg
train_001347	train_001347	train	train	fire	fire/train_001347_box0_0.jpg
train_001348	train_001348	train	train	fire	fire/train_001348_box0_0.jpg
train_001349	train_001349	train	train	fire	fire/train_001349_box0_0.jpg
train_001350	train_001350	train	train	fire	fire/train_001350_box0_0.jpg
train_001351	train_001351	train	train	fire	fire/train_001351_box0_0.jpg
merged_a6c456142dbe	train_001352	train	train	fire	fire/train_001352_box0_0.jpg
train_001353	train_001353	train	train	fire	fire/train_001353_box0_0.jpg
train_001353	train_001353	train	train	fire	fire/train_001353_box1_0.jpg
train_001353	train_001353	train	train	fire	fire/train_001353_box2_0.jpg
train_001354	train_001354	train	train	fire	fire/train_001354_box0_0.jpg
train_001356	train_001356	train	train	fire	fire/train_001356_box0_0.jpg
train_001357	train_001357	train	train	fire	fire/train_001357_box0_0.jpg
train_001358	train_001358	train	train	fire	fire/train_001358_box0_0.jpg
train_001358	train_001358	train	train	fire	fire/train_001358_box1_0.jpg
train_001359	train_001359	train	train	fire	fire/train_001359_box0_0.jpg
train_001359	train_001359	train	train	fire	fire/train_001359_box1_0.jpg
train_001361	train_001361	train	train	fire	fire/train_001361_box0_0.jpg
train_001362	train_001362	val	val	fire	fire/train_001362_box0_0.jpg
train_001362	train_001362	val	val	fire	fire/train_001362_box1_0.jpg
train_001362	train_001362	val	val	fire	fire/train_001362_box2_0.jpg
train_001362	train_001362	val	val	fire	fire/train_001362_box4_0.jpg
train_001363	train_001363	train	train	fire	fire/train_001363_box0_0.jpg
train_001363	train_001363	train	train	fire	fire/train_001363_box1_0.jpg
train_001364	train_001364	train	train	fire	fire/train_001364_box0_0.jpg
train_001364	train_001364	train	train	fire	fire/train_001364_box1_0.jpg
train_001365	train_001365	train	train	fire	fire/train_001365_box0_0.jpg
train_001368	train_001368	train	train	fire	fire/train_001368_box0_0.jpg
train_001369	train_001369	train	train	fire	fire/train_001369_box0_0.jpg
train_001370	train_001370	train	train	fire	fire/train_001370_box0_0.jpg
train_001371	train_001371	train	train	fire	fire/train_001371_box0_0.jpg
train_001371	train_001371	train	train	fire	fire/train_001371_box1_0.jpg
train_001372	train_001372	train	train	fire	fire/train_001372_box0_0.jpg
train_001373	train_001373	train	train	fire	fire/train_001373_box0_0.jpg
train_001373	train_001373	train	train	fire	fire/train_001373_box1_0.jpg
train_001375	train_001375	train	train	fire	fire/train_001375_box0_0.jpg
train_001376	train_001376	train	train	fire	fire/train_001376_box0_0.jpg
merged_a0d2943cbe6f	train_001378	train	train	fire	fire/train_001378_box0_0.jpg
train_001380	train_001380	train	train	fire	fire/train_001380_box0_0.jpg
train_001381	train_001381	train	train	fire	fire/train_001381_box0_0.jpg
train_001382	train_001382	train	train	fire	fire/train_001382_box0_0.jpg
train_001383	train_001383	train	train	fire	fire/train_001383_box0_0.jpg
train_001386	train_001386	val	val	fire	fire/train_001386_box0_0.jpg
train_001386	train_001386	val	val	fire	fire/train_001386_box1_0.jpg
train_001386	train_001386	val	val	fire	fire/train_001386_box2_0.jpg
train_001386	train_001386	val	val	fire	fire/train_001386_box3_0.jpg
train_001386	train_001386	val	val	fire	fire/train_001386_box4_0.jpg
train_001387	train_001387	train	train	fire	fire/train_001387_box0_0.jpg
train_001388	train_001388	train	train	fire	fire/train_001388_box0_0.jpg
train_001390	train_001390	train	train	fire	fire/train_001390_box0_0.jpg
train_001390	train_001390	train	train	fire	fire/train_001390_box1_0.jpg
train_001393	train_001393	train	train	fire	fire/train_001393_box0_0.jpg
train_001393	train_001393	train	train	fire	fire/train_001393_box1_0.jpg
train_001394	train_001394	test	test	fire	fire/train_001394_box0_0.jpg
train_001394	train_001394	test	test	fire	fire/train_001394_box1_0.jpg
train_001394	train_001394	test	test	fire	fire/train_001394_box2_0.jpg
train_001395	train_001395	train	train	fire	fire/train_001395_box0_0.jpg
train_001396	train_001396	train	train	fire	fire/train_001396_box0_0.jpg
train_001396	train_001396	train	train	fire	fire/train_001396_box1_0.jpg
train_001399	train_001399	train	train	fire	fire/train_001399_box0_0.jpg
train_001400	train_001400	train	train	fire	fire/train_001400_box0_0.jpg
train_001402	train_001402	train	train	fire	fire/train_001402_box0_0.jpg
train_001404	train_001404	train	train	fire	fire/train_001404_box0_0.jpg
train_001405	train_001405	train	train	fire	fire/train_001405_box0_0.jpg
train_001405	train_001405	train	train	fire	fire/train_001405_box1_0.jpg
train_001405	train_001405	train	train	fire	fire/train_001405_box2_0.jpg
merged_ff01d0aa0218	train_001406	test	test	fire	fire/train_001406_box0_0.jpg
train_001408	train_001408	train	train	fire	fire/train_001408_box0_0.jpg
train_001409	train_001409	train	train	fire	fire/train_001409_box0_0.jpg
train_001410	train_001410	train	train	fire	fire/train_001410_box0_0.jpg
train_001411	train_001411	train	train	fire	fire/train_001411_box0_0.jpg
train_001411	train_001411	train	train	fire	fire/train_001411_box1_0.jpg
train_001411	train_001411	train	train	fire	fire/train_001411_box2_0.jpg
train_001412	train_001412	train	train	fire	fire/train_001412_box0_0.jpg
train_001413	train_001413	train	train	fire	fire/train_001413_box0_0.jpg
train_001414	train_001414	train	train	fire	fire/train_001414_box0_0.jpg
train_001415	train_001415	train	train	fire	fire/train_001415_box0_0.jpg
train_001416	train_001416	train	train	fire	fire/train_001416_box0_0.jpg
train_001417	train_001417	train	train	fire	fire/train_001417_box0_0.jpg
train_001417	train_001417	train	train	fire	fire/train_001417_box1_0.jpg
train_001418	train_001418	train	train	fire	fire/train_001418_box0_0.jpg
train_001419	train_001419	train	train	fire	fire/train_001419_box0_0.jpg
train_001420	train_001420	train	train	fire	fire/train_001420_box0_0.jpg
train_001421	train_001421	train	train	fire	fire/train_001421_box0_0.jpg
train_001422	train_001422	train	train	fire	fire/train_001422_box0_0.jpg
train_001422	train_001422	train	train	fire	fire/train_001422_box1_0.jpg
train_001423	train_001423	train	train	fire	fire/train_001423_box0_0.jpg
train_001423	train_001423	train	train	fire	fire/train_001423_box1_0.jpg
train_001423	train_001423	train	train	fire	fire/train_001423_box2_0.jpg
train_001424	train_001424	train	train	fire	fire/train_001424_box0_0.jpg
train_001425	train_001425	train	train	fire	fire/train_001425_box0_0.jpg
train_001428	train_001428	test	test	fire	fire/train_001428_box0_0.jpg
train_001428	train_001428	test	test	fire	fire/train_001428_box1_0.jpg
train_001428	train_001428	test	test	fire	fire/train_001428_box4_0.jpg
train_001428	train_001428	test	test	fire	fire/train_001428_box5_0.jpg
train_001429	train_001429	train	train	fire	fire/train_001429_box0_0.jpg
train_001430	train_001430	train	train	fire	fire/train_001430_box0_0.jpg
train_001432	train_001432	train	train	fire	fire/train_001432_box0_0.jpg
train_001433	train_001433	train	train	fire	fire/train_001433_box0_0.jpg
train_001434	train_001434	val	val	fire	fire/train_001434_box0_0.jpg
train_001434	train_001434	val	val	fire	fire/train_001434_box1_0.jpg
train_001434	train_001434	val	val	fire	fire/train_001434_box2_0.jpg
train_001434	train_001434	val	val	fire	fire/train_001434_box3_0.jpg
train_001435	train_001435	train	train	fire	fire/train_001435_box0_0.jpg
train_001435	train_001435	train	train	fire	fire/train_001435_box1_0.jpg
train_001436	train_001436	train	train	fire	fire/train_001436_box0_0.jpg
train_001436	train_001436	train	train	fire	fire/train_001436_box1_0.jpg
train_001440	train_001440	train	train	fire	fire/train_001440_box0_0.jpg
train_001442	train_001442	train	train	fire	fire/train_001442_box0_0.jpg
train_001443	train_001443	train	train	fire	fire/train_001443_box0_0.jpg
train_001444	train_001444	train	train	fire	fire/train_001444_box0_0.jpg
train_001445	train_001445	train	train	fire	fire/train_001445_box0_0.jpg
train_001446	train_001446	train	train	fire	fire/train_001446_box0_0.jpg
train_001447	train_001447	val	val	fire	fire/train_001447_box0_0.jpg
train_001448	train_001448	train	train	fire	fire/train_001448_box0_0.jpg
train_001448	train_001448	train	train	fire	fire/train_001448_box1_0.jpg
train_001448	train_001448	train	train	fire	fire/train_001448_box2_0.jpg
train_001449	train_001449	train	train	fire	fire/train_001449_box0_0.jpg
train_001453	train_001453	train	train	fire	fire/train_001453_box0_0.jpg
merged_ff01d0aa0218	train_001454	val	test	fire	fire/train_001454_box0_0.jpg
train_001455	train_001455	train	train	fire	fire/train_001455_box0_0.jpg
train_001456	train_001456	train	train	fire	fire/train_001456_box0_0.jpg
train_001458	train_001458	train	train	fire	fire/train_001458_box0_0.jpg
train_001463	train_001463	train	train	fire	fire/train_001463_box0_0.jpg
train_001464	train_001464	train	train	fire	fire/train_001464_box0_0.jpg
train_001465	train_001465	train	train	fire	fire/train_001465_box0_0.jpg
train_001466	train_001466	test	test	fire	fire/train_001466_box0_0.jpg
train_001466	train_001466	test	test	fire	fire/train_001466_box1_0.jpg
train_001466	train_001466	test	test	fire	fire/train_001466_box2_0.jpg
train_001466	train_001466	test	test	fire	fire/train_001466_box3_0.jpg
train_001466	train_001466	test	test	fire	fire/train_001466_box4_0.jpg
train_001466	train_001466	test	test	fire	fire/train_001466_box5_0.jpg
train_001467	train_001467	val	val	fire	fire/train_001467_box0_0.jpg
train_001468	train_001468	train	train	fire	fire/train_001468_box0_0.jpg
merged_bc60e5d3ff9c	train_001470	train	train	fire	fire/train_001470_box0_0.jpg
merged_f428e19f6e1f	train_001471	test	test	fire	fire/train_001471_box0_0.jpg
train_001472	train_001472	val	val	fire	fire/train_001472_box0_0.jpg
train_001473	train_001473	train	train	fire	fire/train_001473_box0_0.jpg
train_001475	train_001475	test	test	fire	fire/train_001475_box0_0.jpg
train_001475	train_001475	test	test	fire	fire/train_001475_box1_0.jpg
train_001476	train_001476	train	train	fire	fire/train_001476_box0_0.jpg
train_001476	train_001476	train	train	fire	fire/train_001476_box1_0.jpg
train_001478	train_001478	train	train	fire	fire/train_001478_box0_0.jpg
train_001479	train_001479	train	train	fire	fire/train_001479_box0_0.jpg
train_001480	train_001480	train	train	fire	fire/train_001480_box0_0.jpg
train_001480	train_001480	train	train	fire	fire/train_001480_box1_0.jpg
train_001481	train_001481	train	train	fire	fire/train_001481_box0_0.jpg
train_001481	train_001481	train	train	fire	fire/train_001481_box1_0.jpg
train_001481	train_001481	train	train	fire	fire/train_001481_box2_0.jpg
train_001483	train_001483	train	train	fire	fire/train_001483_box0_0.jpg
train_001483	train_001483	train	train	fire	fire/train_001483_box1_0.jpg
train_001484	train_001484	train	train	fire	fire/train_001484_box0_0.jpg
train_001485	train_001485	train	train	fire	fire/train_001485_box0_0.jpg
train_001489	train_001489	train	train	fire	fire/train_001489_box0_0.jpg
train_001490	train_001490	train	train	fire	fire/train_001490_box0_0.jpg
train_001492	train_001492	train	train	fire	fire/train_001492_box0_0.jpg
train_001493	train_001493	train	train	fire	fire/train_001493_box0_0.jpg
train_001494	train_001494	train	train	fire	fire/train_001494_box0_0.jpg
train_001494	train_001494	train	train	fire	fire/train_001494_box1_0.jpg
train_001496	train_001496	train	train	fire	fire/train_001496_box0_0.jpg
train_001497	train_001497	train	train	fire	fire/train_001497_box0_0.jpg
train_001499	train_001499	train	train	fire	fire/train_001499_box0_0.jpg
train_001500	train_001500	train	train	fire	fire/train_001500_box0_0.jpg
train_001501	train_001501	val	val	fire	fire/train_001501_box0_0.jpg
train_001501	train_001501	val	val	fire	fire/train_001501_box1_0.jpg
train_001502	train_001502	train	train	fire	fire/train_001502_box0_0.jpg
train_001503	train_001503	val	val	fire	fire/train_001503_box0_0.jpg
train_001503	train_001503	val	val	fire	fire/train_001503_box1_0.jpg
train_001503	train_001503	val	val	fire	fire/train_001503_box2_0.jpg
train_001503	train_001503	val	val	fire	fire/train_001503_box3_0.jpg
train_001503	train_001503	val	val	fire	fire/train_001503_box4_0.jpg
train_001504	train_001504	test	test	fire	fire/train_001504_box0_0.jpg
train_001504	train_001504	test	test	fire	fire/train_001504_box1_0.jpg
train_001504	train_001504	test	test	fire	fire/train_001504_box2_0.jpg
train_001505	train_001505	train	train	fire	fire/train_001505_box0_0.jpg
train_001506	train_001506	train	train	fire	fire/train_001506_box0_0.jpg
train_001506	train_001506	train	train	fire	fire/train_001506_box1_0.jpg
train_001506	train_001506	train	train	fire	fire/train_001506_box2_0.jpg
train_001507	train_001507	train	train	fire	fire/train_001507_box0_0.jpg
train_001507	train_001507	train	train	fire	fire/train_001507_box1_0.jpg
train_001507	train_001507	train	train	fire	fire/train_001507_box3_0.jpg
train_001508	train_001508	train	train	fire	fire/train_001508_box0_0.jpg
train_001509	train_001509	train	train	fire	fire/train_001509_box0_0.jpg
train_001510	train_001510	train	train	fire	fire/train_001510_box0_0.jpg
train_001511	train_001511	train	train	fire	fire/train_001511_box0_0.jpg
train_001511	train_001511	train	train	fire	fire/train_001511_box1_0.jpg
train_001512	train_001512	train	train	fire	fire/train_001512_box0_0.jpg
train_001513	train_001513	train	train	fire	fire/train_001513_box0_0.jpg
train_001514	train_001514	train	train	fire	fire/train_001514_box0_0.jpg
train_001515	train_001515	train	train	fire	fire/train_001515_box0_0.jpg
train_001515	train_001515	train	train	fire	fire/train_001515_box1_0.jpg
train_001515	train_001515	train	train	fire	fire/train_001515_box3_0.jpg
train_001516	train_001516	train	train	fire	fire/train_001516_box0_0.jpg
train_001516	train_001516	train	train	fire	fire/train_001516_box1_0.jpg
train_001516	train_001516	train	train	fire	fire/train_001516_box2_0.jpg
train_001517	train_001517	train	train	fire	fire/train_001517_box0_0.jpg
train_001518	train_001518	val	val	fire	fire/train_001518_box0_0.jpg
train_001519	train_001519	train	train	fire	fire/train_001519_box0_0.jpg
train_001520	train_001520	train	train	fire	fire/train_001520_box0_0.jpg
train_001521	train_001521	val	val	fire	fire/train_001521_box0_0.jpg
train_001522	train_001522	train	train	fire	fire/train_001522_box0_0.jpg
train_001523	train_001523	train	train	fire	fire/train_001523_box0_0.jpg
train_001525	train_001525	train	train	fire	fire/train_001525_box0_0.jpg
train_001525	train_001525	train	train	fire	fire/train_001525_box1_0.jpg
train_001525	train_001525	train	train	fire	fire/train_001525_box2_0.jpg
train_001527	train_001527	test	test	fire	fire/train_001527_box0_0.jpg
train_001527	train_001527	test	test	fire	fire/train_001527_box1_0.jpg
train_001527	train_001527	test	test	fire	fire/train_001527_box2_0.jpg
train_001527	train_001527	test	test	fire	fire/train_001527_box3_0.jpg
train_001530	train_001530	test	test	fire	fire/train_001530_box0_0.jpg
train_001531	train_001531	train	train	fire	fire/train_001531_box0_0.jpg
train_001533	train_001533	train	train	fire	fire/train_001533_box0_0.jpg
train_001534	train_001534	train	train	fire	fire/train_001534_box0_0.jpg
train_001534	train_001534	train	train	fire	fire/train_001534_box1_0.jpg
train_001534	train_001534	train	train	fire	fire/train_001534_box2_0.jpg
train_001536	train_001536	train	train	fire	fire/train_001536_box0_0.jpg
train_001536	train_001536	train	train	fire	fire/train_001536_box1_0.jpg
train_001536	train_001536	train	train	fire	fire/train_001536_box2_0.jpg
train_001537	train_001537	train	train	fire	fire/train_001537_box0_0.jpg
train_001541	train_001541	train	train	fire	fire/train_001541_box0_0.jpg
merged_ca8fac9e1f57	train_001542	train	train	fire	fire/train_001542_box0_0.jpg
merged_ca8fac9e1f57	train_001542	train	train	fire	fire/train_001542_box1_0.jpg
train_001543	train_001543	train	train	fire	fire/train_001543_box0_0.jpg
train_001544	train_001544	train	train	fire	fire/train_001544_box0_0.jpg
train_001544	train_001544	train	train	fire	fire/train_001544_box1_0.jpg
train_001545	train_001545	train	train	fire	fire/train_001545_box0_0.jpg
train_001545	train_001545	train	train	fire	fire/train_001545_box1_0.jpg
train_001546	train_001546	train	train	fire	fire/train_001546_box0_0.jpg
train_001548	train_001548	train	train	fire	fire/train_001548_box0_0.jpg
train_001551	train_001551	train	train	fire	fire/train_001551_box0_0.jpg
train_001553	train_001553	train	train	fire	fire/train_001553_box0_0.jpg
train_001554	train_001554	val	val	fire	fire/train_001554_box0_0.jpg
train_001554	train_001554	val	val	fire	fire/train_001554_box1_0.jpg
train_001555	train_001555	train	train	fire	fire/train_001555_box0_0.jpg
train_001556	train_001556	train	train	fire	fire/train_001556_box0_0.jpg
train_001557	train_001557	train	train	fire	fire/train_001557_box0_0.jpg
train_001559	train_001559	train	train	fire	fire/train_001559_box0_0.jpg
train_001560	train_001560	train	train	fire	fire/train_001560_box0_0.jpg
train_001561	train_001561	train	train	fire	fire/train_001561_box0_0.jpg
merged_469213f5b26e	train_001562	train	val	fire	fire/train_001562_box0_0.jpg
train_001563	train_001563	train	train	fire	fire/train_001563_box0_0.jpg
train_001564	train_001564	train	train	fire	fire/train_001564_box0_0.jpg
train_001564	train_001564	train	train	fire	fire/train_001564_box1_0.jpg
train_001565	train_001565	train	train	fire	fire/train_001565_box0_0.jpg
train_001565	train_001565	train	train	fire	fire/train_001565_box1_0.jpg
train_001566	train_001566	train	train	fire	fire/train_001566_box0_0.jpg
train_001566	train_001566	train	train	fire	fire/train_001566_box1_0.jpg
train_001566	train_001566	train	train	fire	fire/train_001566_box2_0.jpg
train_001568	train_001568	train	train	fire	fire/train_001568_box0_0.jpg
train_001569	train_001569	train	train	fire	fire/train_001569_box0_0.jpg
train_001570	train_001570	train	train	fire	fire/train_001570_box0_0.jpg
train_001570	train_001570	train	train	fire	fire/train_001570_box1_0.jpg
train_001571	train_001571	train	train	fire	fire/train_001571_box0_0.jpg
train_001573	train_001573	train	train	fire	fire/train_001573_box0_0.jpg
train_001574	train_001574	train	train	fire	fire/train_001574_box0_0.jpg
train_001576	train_001576	test	test	fire	fire/train_001576_box0_0.jpg
train_001577	train_001577	train	train	fire	fire/train_001577_box0_0.jpg
train_001578	train_001578	train	train	fire	fire/train_001578_box1_0.jpg
train_001580	train_001580	train	train	fire	fire/train_001580_box0_0.jpg
train_001581	train_001581	train	train	fire	fire/train_001581_box0_0.jpg
train_001582	train_001582	test	test	fire	fire/train_001582_box0_0.jpg
train_001582	train_001582	test	test	fire	fire/train_001582_box1_0.jpg
train_001582	train_001582	test	test	fire	fire/train_001582_box2_0.jpg
train_001582	train_001582	test	test	fire	fire/train_001582_box3_0.jpg
train_001588	train_001588	val	val	fire	fire/train_001588_box0_0.jpg
train_001588	train_001588	val	val	fire	fire/train_001588_box1_0.jpg
train_001588	train_001588	val	val	fire	fire/train_001588_box2_0.jpg
train_001589	train_001589	train	train	fire	fire/train_001589_box0_0.jpg
train_001590	train_001590	train	train	fire	fire/train_001590_box0_0.jpg
train_001591	train_001591	train	train	fire	fire/train_001591_box0_0.jpg
train_001592	train_001592	train	train	fire	fire/train_001592_box0_0.jpg
merged_445c62523c5f	train_001593	train	train	fire	fire/train_001593_box0_0.jpg
train_001595	train_001595	train	train	fire	fire/train_001595_box0_0.jpg
train_001596	train_001596	train	train	fire	fire/train_001596_box0_0.jpg
train_001596	train_001596	train	train	fire	fire/train_001596_box2_0.jpg
train_001597	train_001597	val	val	fire	fire/train_001597_box0_0.jpg
train_001597	train_001597	val	val	fire	fire/train_001597_box1_0.jpg
train_001597	train_001597	val	val	fire	fire/train_001597_box2_0.jpg
train_001598	train_001598	train	train	fire	fire/train_001598_box0_0.jpg
train_001599	train_001599	train	train	fire	fire/train_001599_box0_0.jpg
train_001600	train_001600	train	train	fire	fire/train_001600_box0_0.jpg
train_001601	train_001601	train	train	fire	fire/train_001601_box0_0.jpg
train_001601	train_001601	train	train	fire	fire/train_001601_box1_0.jpg
train_001602	train_001602	train	train	fire	fire/train_001602_box0_0.jpg
train_001604	train_001604	train	train	fire	fire/train_001604_box0_0.jpg
train_001605	train_001605	train	train	fire	fire/train_001605_box0_0.jpg
train_001606	train_001606	train	train	fire	fire/train_001606_box0_0.jpg
train_001608	train_001608	train	train	fire	fire/train_001608_box0_0.jpg
train_001609	train_001609	train	train	fire	fire/train_001609_box0_0.jpg
train_001610	train_001610	train	train	fire	fire/train_001610_box0_0.jpg
train_001611	train_001611	train	train	fire	fire/train_001611_box0_0.jpg
train_001612	train_001612	train	train	fire	fire/train_001612_box0_0.jpg
train_001612	train_001612	train	train	fire	fire/train_001612_box1_0.jpg
train_001614	train_001614	train	train	fire	fire/train_001614_box0_0.jpg
train_001615	train_001615	train	train	fire	fire/train_001615_box0_0.jpg
train_001618	train_001618	train	train	fire	fire/train_001618_box0_0.jpg
train_001620	train_001620	train	train	fire	fire/train_001620_box0_0.jpg
train_001621	train_001621	train	train	fire	fire/train_001621_box0_0.jpg
train_001622	train_001622	train	train	fire	fire/train_001622_box0_0.jpg
train_001624	train_001624	train	train	fire	fire/train_001624_box0_0.jpg
train_001626	train_001626	train	train	fire	fire/train_001626_box0_0.jpg
train_001628	train_001628	train	train	fire	fire/train_001628_box0_0.jpg
train_001629	train_001629	val	val	fire	fire/train_001629_box0_0.jpg
train_001629	train_001629	val	val	fire	fire/train_001629_box1_0.jpg
train_001629	train_001629	val	val	fire	fire/train_001629_box3_0.jpg
train_001630	train_001630	train	train	fire	fire/train_001630_box0_0.jpg
train_001631	train_001631	train	train	fire	fire/train_001631_box0_0.jpg
train_001632	train_001632	train	train	fire	fire/train_001632_box0_0.jpg
train_001633	train_001633	train	train	fire	fire/train_001633_box0_0.jpg
train_001634	train_001634	train	train	fire	fire/train_001634_box0_0.jpg
merged_9f5e6a035605	train_001636	train	train	fire	fire/train_001636_box0_0.jpg
train_001637	train_001637	train	train	fire	fire/train_001637_box0_0.jpg
train_001638	train_001638	train	train	fire	fire/train_001638_box0_0.jpg
train_001640	train_001640	train	train	fire	fire/train_001640_box0_0.jpg
train_001642	train_001642	train	train	fire	fire/train_001642_box0_0.jpg
train_001643	train_001643	train	train	fire	fire/train_001643_box0_0.jpg
train_001644	train_001644	train	train	fire	fire/train_001644_box0_0.jpg
train_001644	train_001644	train	train	fire	fire/train_001644_box1_0.jpg
train_001645	train_001645	train	train	fire	fire/train_001645_box0_0.jpg
train_001645	train_001645	train	train	fire	fire/train_001645_box1_0.jpg
train_001646	train_001646	train	train	fire	fire/train_001646_box0_0.jpg
train_001647	train_001647	train	train	fire	fire/train_001647_box0_0.jpg
train_001647	train_001647	train	train	fire	fire/train_001647_box1_0.jpg
train_001647	train_001647	train	train	fire	fire/train_001647_box2_0.jpg
train_001648	train_001648	train	train	fire	fire/train_001648_box0_0.jpg
train_001648	train_001648	train	train	fire	fire/train_001648_box1_0.jpg
train_001649	train_001649	train	train	fire	fire/train_001649_box0_0.jpg
train_001649	train_001649	train	train	fire	fire/train_001649_box1_0.jpg
train_001651	train_001651	test	test	fire	fire/train_001651_box0_0.jpg
train_001652	train_001652	train	train	fire	fire/train_001652_box0_0.jpg
train_001652	train_001652	train	train	fire	fire/train_001652_box1_0.jpg
train_001653	train_001653	train	train	fire	fire/train_001653_box0_0.jpg
train_001653	train_001653	train	train	fire	fire/train_001653_box1_0.jpg
train_001654	train_001654	train	train	fire	fire/train_001654_box0_0.jpg
train_001655	train_001655	train	train	fire	fire/train_001655_box0_0.jpg
train_001655	train_001655	train	train	fire	fire/train_001655_box1_0.jpg
train_001656	train_001656	train	train	fire	fire/train_001656_box0_0.jpg
train_001657	train_001657	train	train	fire	fire/train_001657_box1_0.jpg
train_001657	train_001657	train	train	fire	fire/train_001657_box3_0.jpg
train_001657	train_001657	train	train	fire	fire/train_001657_box4_0.jpg
train_001658	train_001658	test	test	fire	fire/train_001658_box0_0.jpg
train_001660	train_001660	train	train	fire	fire/train_001660_box0_0.jpg
train_001660	train_001660	train	train	fire	fire/train_001660_box1_0.jpg
train_001660	train_001660	train	train	fire	fire/train_001660_box2_0.jpg
train_001661	train_001661	train	train	fire	fire/train_001661_box0_0.jpg
train_001662	train_001662	train	train	fire	fire/train_001662_box0_0.jpg
train_001665	train_001665	train	train	fire	fire/train_001665_box0_0.jpg
train_001666	train_001666	train	train	fire	fire/train_001666_box0_0.jpg
train_001667	train_001667	train	train	fire	fire/train_001667_box0_0.jpg
train_001668	train_001668	train	train	fire	fire/train_001668_box0_0.jpg
train_001668	train_001668	train	train	fire	fire/train_001668_box1_0.jpg
train_001669	train_001669	train	train	fire	fire/train_001669_box0_0.jpg
train_001671	train_001671	train	train	fire	fire/train_001671_box0_0.jpg
train_001672	train_001672	test	test	fire	fire/train_001672_box0_0.jpg
train_001673	train_001673	train	train	fire	fire/train_001673_box0_0.jpg
train_001674	train_001674	train	train	fire	fire/train_001674_box0_0.jpg
train_001674	train_001674	train	train	fire	fire/train_001674_box1_0.jpg
train_001678	train_001678	train	train	fire	fire/train_001678_box0_0.jpg
train_001679	train_001679	train	train	fire	fire/train_001679_box0_0.jpg
train_001680	train_001680	test	test	fire	fire/train_001680_box0_0.jpg
train_001680	train_001680	test	test	fire	fire/train_001680_box1_0.jpg
train_001681	train_001681	train	train	fire	fire/train_001681_box0_0.jpg
train_001682	train_001682	train	train	fire	fire/train_001682_box0_0.jpg
train_001683	train_001683	train	train	fire	fire/train_001683_box0_0.jpg
train_001683	train_001683	train	train	fire	fire/train_001683_box1_0.jpg
train_001684	train_001684	train	train	fire	fire/train_001684_box0_0.jpg
train_001685	train_001685	train	train	fire	fire/train_001685_box0_0.jpg
merged_ca8fac9e1f57	train_001686	train	train	fire	fire/train_001686_box0_0.jpg
merged_ca8fac9e1f57	train_001686	train	train	fire	fire/train_001686_box1_0.jpg
train_001689	train_001689	train	train	fire	fire/train_001689_box0_0.jpg
train_001690	train_001690	train	train	fire	fire/train_001690_box0_0.jpg
train_001692	train_001692	train	train	fire	fire/train_001692_box0_0.jpg
train_001693	train_001693	train	train	fire	fire/train_001693_box0_0.jpg
train_001694	train_001694	val	val	fire	fire/train_001694_box0_0.jpg
train_001694	train_001694	val	val	fire	fire/train_001694_box1_0.jpg
train_001694	train_001694	val	val	fire	fire/train_001694_box2_0.jpg
train_001696	train_001696	train	train	fire	fire/train_001696_box0_0.jpg
train_001696	train_001696	train	train	fire	fire/train_001696_box3_0.jpg
train_001696	train_001696	train	train	fire	fire/train_001696_box4_0.jpg
train_001697	train_001697	train	train	fire	fire/train_001697_box0_0.jpg
train_001699	train_001699	train	train	fire	fire/train_001699_box0_0.jpg
train_001700	train_001700	train	train	fire	fire/train_001700_box0_0.jpg
train_001701	train_001701	train	train	fire	fire/train_001701_box0_0.jpg
train_001702	train_001702	train	train	fire	fire/train_001702_box0_0.jpg
train_001705	train_001705	train	train	fire	fire/train_001705_box0_0.jpg
train_001707	train_001707	train	train	fire	fire/train_001707_box0_0.jpg
train_001708	train_001708	train	train	fire	fire/train_001708_box0_0.jpg
train_001710	train_001710	train	train	fire	fire/train_001710_box0_0.jpg
train_001711	train_001711	train	train	fire	fire/train_001711_box0_0.jpg
train_001713	train_001713	train	train	fire	fire/train_001713_box0_0.jpg
train_001713	train_001713	train	train	fire	fire/train_001713_box1_0.jpg
train_001714	train_001714	val	val	fire	fire/train_001714_box0_0.jpg
train_001715	train_001715	train	train	fire	fire/train_001715_box0_0.jpg
train_001716	train_001716	train	train	fire	fire/train_001716_box0_0.jpg
train_001717	train_001717	train	train	fire	fire/train_001717_box0_0.jpg
train_001718	train_001718	train	train	fire	fire/train_001718_box0_0.jpg
train_001719	train_001719	train	train	fire	fire/train_001719_box0_0.jpg
train_001720	train_001720	test	test	fire	fire/train_001720_box0_0.jpg
train_001721	train_001721	val	val	fire	fire/train_001721_box0_0.jpg
train_001721	train_001721	val	val	fire	fire/train_001721_box1_0.jpg
train_001721	train_001721	val	val	fire	fire/train_001721_box2_0.jpg
train_001721	train_001721	val	val	fire	fire/train_001721_box3_0.jpg
train_001721	train_001721	val	val	fire	fire/train_001721_box4_0.jpg
train_001722	train_001722	train	train	fire	fire/train_001722_box0_0.jpg
train_001725	train_001725	train	train	fire	fire/train_001725_box0_0.jpg
train_001726	train_001726	train	train	fire	fire/train_001726_box0_0.jpg
train_001727	train_001727	train	train	fire	fire/train_001727_box0_0.jpg
train_001730	train_001730	test	test	fire	fire/train_001730_box0_0.jpg
train_001730	train_001730	test	test	fire	fire/train_001730_box1_0.jpg
train_001730	train_001730	test	test	fire	fire/train_001730_box2_0.jpg
train_001730	train_001730	test	test	fire	fire/train_001730_box3_0.jpg
train_001733	train_001733	train	train	fire	fire/train_001733_box0_0.jpg
train_001734	train_001734	train	train	fire	fire/train_001734_box0_0.jpg
train_001734	train_001734	train	train	fire	fire/train_001734_box1_0.jpg
train_001735	train_001735	train	train	fire	fire/train_001735_box0_0.jpg
train_001736	train_001736	train	train	fire	fire/train_001736_box0_0.jpg
train_001737	train_001737	train	train	fire	fire/train_001737_box0_0.jpg
train_001739	train_001739	train	train	fire	fire/train_001739_box0_0.jpg
train_001740	train_001740	train	train	fire	fire/train_001740_box0_0.jpg
train_001741	train_001741	train	train	fire	fire/train_001741_box1_0.jpg
merged_ad8255a763ec	train_001742	train	train	fire	fire/train_001742_box1_0.jpg
train_001743	train_001743	train	train	fire	fire/train_001743_box0_0.jpg
train_001744	train_001744	train	train	fire	fire/train_001744_box0_0.jpg
train_001746	train_001746	train	train	fire	fire/train_001746_box0_0.jpg
train_001747	train_001747	train	train	fire	fire/train_001747_box0_0.jpg
train_001748	train_001748	train	train	fire	fire/train_001748_box0_0.jpg
train_001749	train_001749	train	train	fire	fire/train_001749_box0_0.jpg
train_001749	train_001749	train	train	fire	fire/train_001749_box1_0.jpg
train_001749	train_001749	train	train	fire	fire/train_001749_box2_0.jpg
train_001750	train_001750	train	train	fire	fire/train_001750_box0_0.jpg
train_001751	train_001751	train	train	fire	fire/train_001751_box0_0.jpg
train_001751	train_001751	train	train	fire	fire/train_001751_box1_0.jpg
train_001752	train_001752	train	train	fire	fire/train_001752_box0_0.jpg
train_001752	train_001752	train	train	fire	fire/train_001752_box1_0.jpg
train_001753	train_001753	train	train	fire	fire/train_001753_box0_0.jpg
train_001754	train_001754	train	train	fire	fire/train_001754_box0_0.jpg
train_001754	train_001754	train	train	fire	fire/train_001754_box1_0.jpg
train_001756	train_001756	val	val	fire	fire/train_001756_box0_0.jpg
train_001756	train_001756	val	val	fire	fire/train_001756_box1_0.jpg
train_001756	train_001756	val	val	fire	fire/train_001756_box2_0.jpg
train_001756	train_001756	val	val	fire	fire/train_001756_box3_0.jpg
train_001756	train_001756	val	val	fire	fire/train_001756_box4_0.jpg
train_001756	train_001756	val	val	fire	fire/train_001756_box5_0.jpg
train_001758	train_001758	train	train	fire	fire/train_001758_box0_0.jpg
train_001758	train_001758	train	train	fire	fire/train_001758_box1_0.jpg
train_001760	train_001760	train	train	fire	fire/train_001760_box0_0.jpg
train_001761	train_001761	train	train	fire	fire/train_001761_box0_0.jpg
train_001762	train_001762	train	train	fire	fire/train_001762_box0_0.jpg
merged_335d502546ef	train_001763	train	val	fire	fire/train_001763_box0_0.jpg
merged_335d502546ef	train_001763	train	val	fire	fire/train_001763_box1_0.jpg
train_001764	train_001764	train	train	fire	fire/train_001764_box0_0.jpg
train_001765	train_001765	val	val	fire	fire/train_001765_box0_0.jpg
merged_09ddcbef2283	train_001766	train	train	fire	fire/train_001766_box0_0.jpg
train_001767	train_001767	train	train	fire	fire/train_001767_box0_0.jpg
train_001767	train_001767	train	train	fire	fire/train_001767_box1_0.jpg
train_001769	train_001769	train	train	fire	fire/train_001769_box0_0.jpg
train_001770	train_001770	train	train	fire	fire/train_001770_box0_0.jpg
train_001771	train_001771	train	train	fire	fire/train_001771_box0_0.jpg
train_001771	train_001771	train	train	fire	fire/train_001771_box2_0.jpg
train_001773	train_001773	train	train	fire	fire/train_001773_box0_0.jpg
train_001775	train_001775	train	train	fire	fire/train_001775_box0_0.jpg
train_001775	train_001775	train	train	fire	fire/train_001775_box1_0.jpg
merged_f428e19f6e1f	train_001776	train	test	fire	fire/train_001776_box0_0.jpg
train_001778	train_001778	train	train	fire	fire/train_001778_box0_0.jpg
train_001779	train_001779	train	train	fire	fire/train_001779_box0_0.jpg
train_001780	train_001780	train	train	fire	fire/train_001780_box0_0.jpg
train_001782	train_001782	train	train	fire	fire/train_001782_box0_0.jpg
train_001784	train_001784	train	train	fire	fire/train_001784_box0_0.jpg
train_001785	train_001785	train	train	fire	fire/train_001785_box0_0.jpg
train_001788	train_001788	train	train	fire	fire/train_001788_box0_0.jpg
train_001789	train_001789	train	train	fire	fire/train_001789_box0_0.jpg
train_001790	train_001790	val	val	fire	fire/train_001790_box0_0.jpg
train_001790	train_001790	val	val	fire	fire/train_001790_box1_0.jpg
train_001790	train_001790	val	val	fire	fire/train_001790_box2_0.jpg
train_001790	train_001790	val	val	fire	fire/train_001790_box3_0.jpg
train_001791	train_001791	train	train	fire	fire/train_001791_box0_0.jpg
train_001792	train_001792	train	train	fire	fire/train_001792_box0_0.jpg
train_001792	train_001792	train	train	fire	fire/train_001792_box8_0.jpg
train_001794	train_001794	train	train	fire	fire/train_001794_box1_0.jpg
train_001795	train_001795	train	train	fire	fire/train_001795_box0_0.jpg
train_001797	train_001797	train	train	fire	fire/train_001797_box0_0.jpg
train_001798	train_001798	train	train	fire	fire/train_001798_box0_0.jpg
train_001798	train_001798	train	train	fire	fire/train_001798_box1_0.jpg
train_001799	train_001799	train	train	fire	fire/train_001799_box0_0.jpg
train_001799	train_001799	train	train	fire	fire/train_001799_box1_0.jpg
train_001799	train_001799	train	train	fire	fire/train_001799_box2_0.jpg
train_001801	train_001801	val	val	fire	fire/train_001801_box0_0.jpg
train_001802	train_001802	train	train	fire	fire/train_001802_box0_0.jpg
train_001803	train_001803	train	train	fire	fire/train_001803_box0_0.jpg
train_001804	train_001804	test	test	fire	fire/train_001804_box0_0.jpg
train_001804	train_001804	test	test	fire	fire/train_001804_box1_0.jpg
train_001804	train_001804	test	test	fire	fire/train_001804_box2_0.jpg
train_001805	train_001805	train	train	fire	fire/train_001805_box0_0.jpg
train_001807	train_001807	train	train	fire	fire/train_001807_box1_0.jpg
train_001808	train_001808	train	train	fire	fire/train_001808_box0_0.jpg
train_001809	train_001809	train	train	fire	fire/train_001809_box0_0.jpg
train_001810	train_001810	train	train	fire	fire/train_001810_box0_0.jpg
train_001811	train_001811	train	train	fire	fire/train_001811_box0_0.jpg
train_001812	train_001812	train	train	fire	fire/train_001812_box0_0.jpg
train_001812	train_001812	train	train	fire	fire/train_001812_box1_0.jpg
train_001812	train_001812	train	train	fire	fire/train_001812_box2_0.jpg
train_001813	train_001813	val	val	fire	fire/train_001813_box0_0.jpg
train_001814	train_001814	train	train	fire	fire/train_001814_box0_0.jpg
train_001814	train_001814	train	train	fire	fire/train_001814_box1_0.jpg
train_001815	train_001815	train	train	fire	fire/train_001815_box0_0.jpg
train_001816	train_001816	val	val	fire	fire/train_001816_box0_0.jpg
train_001816	train_001816	val	val	fire	fire/train_001816_box1_0.jpg
train_001816	train_001816	val	val	fire	fire/train_001816_box2_0.jpg
train_001816	train_001816	val	val	fire	fire/train_001816_box3_0.jpg
train_001818	train_001818	train	train	fire	fire/train_001818_box0_0.jpg
train_001819	train_001819	train	train	fire	fire/train_001819_box0_0.jpg
train_001819	train_001819	train	train	fire	fire/train_001819_box1_0.jpg
train_001820	train_001820	test	test	fire	fire/train_001820_box0_0.jpg
train_001821	train_001821	test	test	fire	fire/train_001821_box0_0.jpg
train_001822	train_001822	train	train	fire	fire/train_001822_box0_0.jpg
train_001823	train_001823	train	train	fire	fire/train_001823_box0_0.jpg
train_001823	train_001823	train	train	fire	fire/train_001823_box1_0.jpg
train_001825	train_001825	train	train	fire	fire/train_001825_box0_0.jpg
train_001826	train_001826	train	train	fire	fire/train_001826_box0_0.jpg
train_001827	train_001827	train	train	fire	fire/train_001827_box0_0.jpg
train_001828	train_001828	train	train	fire	fire/train_001828_box0_0.jpg
train_001830	train_001830	train	train	fire	fire/train_001830_box0_0.jpg
train_001833	train_001833	val	val	fire	fire/train_001833_box0_0.jpg
train_001834	train_001834	train	train	fire	fire/train_001834_box0_0.jpg
train_001835	train_001835	train	train	fire	fire/train_001835_box0_0.jpg
merged_ad8255a763ec	train_001836	train	train	fire	fire/train_001836_box1_0.jpg
train_001837	train_001837	train	train	fire	fire/train_001837_box0_0.jpg
train_001837	train_001837	train	train	fire	fire/train_001837_box1_0.jpg
train_001837	train_001837	train	train	fire	fire/train_001837_box2_0.jpg
train_001839	train_001839	test	test	fire	fire/train_001839_box0_0.jpg
train_001839	train_001839	test	test	fire	fire/train_001839_box1_0.jpg
train_001839	train_001839	test	test	fire	fire/train_001839_box2_0.jpg
train_001840	train_001840	train	train	fire	fire/train_001840_box0_0.jpg
train_001841	train_001841	test	test	fire	fire/train_001841_box0_0.jpg
train_001842	train_001842	train	train	fire	fire/train_001842_box0_0.jpg
train_001843	train_001843	train	train	fire	fire/train_001843_box0_0.jpg
train_001844	train_001844	train	train	fire	fire/train_001844_box0_0.jpg
train_001844	train_001844	train	train	fire	fire/train_001844_box1_0.jpg
train_001846	train_001846	train	train	fire	fire/train_001846_box0_0.jpg
train_001847	train_001847	train	train	fire	fire/train_001847_box0_0.jpg
train_001848	train_001848	train	train	fire	fire/train_001848_box0_0.jpg
train_001849	train_001849	test	test	fire	fire/train_001849_box0_0.jpg
train_001850	train_001850	train	train	fire	fire/train_001850_box0_0.jpg
train_001852	train_001852	train	train	fire	fire/train_001852_box0_0.jpg
train_001853	train_001853	val	val	fire	fire/train_001853_box0_0.jpg
train_001854	train_001854	train	train	fire	fire/train_001854_box0_0.jpg
train_001855	train_001855	train	train	fire	fire/train_001855_box0_0.jpg
train_001855	train_001855	train	train	fire	fire/train_001855_box1_0.jpg
train_001856	train_001856	test	test	fire	fire/train_001856_box0_0.jpg
train_001856	train_001856	test	test	fire	fire/train_001856_box4_0.jpg
train_001856	train_001856	test	test	fire	fire/train_001856_box7_0.jpg
train_001856	train_001856	test	test	fire	fire/train_001856_box8_0.jpg
train_001857	train_001857	train	train	fire	fire/train_001857_box0_0.jpg
train_001857	train_001857	train	train	fire	fire/train_001857_box1_0.jpg
train_001858	train_001858	train	train	fire	fire/train_001858_box0_0.jpg
train_001858	train_001858	train	train	fire	fire/train_001858_box1_0.jpg
train_001859	train_001859	train	train	fire	fire/train_001859_box0_0.jpg
train_001860	train_001860	train	train	fire	fire/train_001860_box0_0.jpg
train_001861	train_001861	train	train	fire	fire/train_001861_box0_0.jpg
train_001862	train_001862	train	train	fire	fire/train_001862_box0_0.jpg
train_001863	train_001863	train	train	fire	fire/train_001863_box0_0.jpg
train_001864	train_001864	train	train	fire	fire/train_001864_box0_0.jpg
train_001865	train_001865	train	train	fire	fire/train_001865_box0_0.jpg
train_001865	train_001865	train	train	fire	fire/train_001865_box1_0.jpg
train_001866	train_001866	train	train	fire	fire/train_001866_box0_0.jpg
merged_3be7c190b974	train_001867	test	test	fire	fire/train_001867_box0_0.jpg
merged_3be7c190b974	train_001867	test	test	fire	fire/train_001867_box1_0.jpg
merged_3be7c190b974	train_001867	test	test	fire	fire/train_001867_box2_0.jpg
merged_3be7c190b974	train_001867	test	test	fire	fire/train_001867_box3_0.jpg
train_001869	train_001869	train	train	fire	fire/train_001869_box0_0.jpg
train_001870	train_001870	train	train	fire	fire/train_001870_box0_0.jpg
train_001873	train_001873	train	train	fire	fire/train_001873_box0_0.jpg
train_001873	train_001873	train	train	fire	fire/train_001873_box1_0.jpg
train_001874	train_001874	train	train	fire	fire/train_001874_box0_0.jpg
train_001876	train_001876	train	train	fire	fire/train_001876_box0_0.jpg
train_001877	train_001877	train	train	fire	fire/train_001877_box0_0.jpg
train_001878	train_001878	train	train	fire	fire/train_001878_box0_0.jpg
train_001879	train_001879	train	train	fire	fire/train_001879_box0_0.jpg
train_001879	train_001879	train	train	fire	fire/train_001879_box1_0.jpg
train_001880	train_001880	train	train	fire	fire/train_001880_box0_0.jpg
train_001882	train_001882	train	train	fire	fire/train_001882_box0_0.jpg
train_001883	train_001883	train	train	fire	fire/train_001883_box0_0.jpg
train_001884	train_001884	train	train	fire	fire/train_001884_box0_0.jpg
train_001884	train_001884	train	train	fire	fire/train_001884_box1_0.jpg
train_001885	train_001885	val	val	fire	fire/train_001885_box0_0.jpg
train_001886	train_001886	train	train	fire	fire/train_001886_box0_0.jpg
train_001886	train_001886	train	train	fire	fire/train_001886_box1_0.jpg
train_001886	train_001886	train	train	fire	fire/train_001886_box2_0.jpg
train_001887	train_001887	train	train	fire	fire/train_001887_box0_0.jpg
train_001889	train_001889	train	train	fire	fire/train_001889_box0_0.jpg
train_001889	train_001889	train	train	fire	fire/train_001889_box1_0.jpg
train_001889	train_001889	train	train	fire	fire/train_001889_box2_0.jpg
train_001890	train_001890	train	train	fire	fire/train_001890_box0_0.jpg
train_001890	train_001890	train	train	fire	fire/train_001890_box1_0.jpg
train_001892	train_001892	train	train	fire	fire/train_001892_box0_0.jpg
train_001894	train_001894	train	train	fire	fire/train_001894_box0_0.jpg
train_001896	train_001896	train	train	fire	fire/train_001896_box0_0.jpg
train_001897	train_001897	train	train	fire	fire/train_001897_box0_0.jpg
train_001897	train_001897	train	train	fire	fire/train_001897_box1_0.jpg
train_001899	train_001899	train	train	fire	fire/train_001899_box0_0.jpg
train_001899	train_001899	train	train	fire	fire/train_001899_box1_0.jpg
train_001900	train_001900	train	train	fire	fire/train_001900_box0_0.jpg
train_001901	train_001901	val	val	fire	fire/train_001901_box0_0.jpg
train_001901	train_001901	val	val	fire	fire/train_001901_box1_0.jpg
train_001901	train_001901	val	val	fire	fire/train_001901_box2_0.jpg
train_001901	train_001901	val	val	fire	fire/train_001901_box3_0.jpg
train_001901	train_001901	val	val	fire	fire/train_001901_box4_0.jpg
train_001902	train_001902	test	test	fire	fire/train_001902_box0_0.jpg
train_001902	train_001902	test	test	fire	fire/train_001902_box1_0.jpg
train_001902	train_001902	test	test	fire	fire/train_001902_box2_0.jpg
train_001902	train_001902	test	test	fire	fire/train_001902_box3_0.jpg
train_001903	train_001903	train	train	fire	fire/train_001903_box0_0.jpg
train_001903	train_001903	train	train	fire	fire/train_001903_box1_0.jpg
train_001904	train_001904	train	train	fire	fire/train_001904_box0_0.jpg
train_001905	train_001905	test	test	fire	fire/train_001905_box0_0.jpg
train_001906	train_001906	train	train	fire	fire/train_001906_box0_0.jpg
train_001907	train_001907	train	train	fire	fire/train_001907_box0_0.jpg
train_001908	train_001908	train	train	fire	fire/train_001908_box0_0.jpg
train_001910	train_001910	train	train	fire	fire/train_001910_box0_0.jpg
train_001911	train_001911	train	train	fire	fire/train_001911_box0_0.jpg
train_001911	train_001911	train	train	fire	fire/train_001911_box1_0.jpg
train_001912	train_001912	val	val	fire	fire/train_001912_box0_0.jpg
train_001912	train_001912	val	val	fire	fire/train_001912_box1_0.jpg
train_001914	train_001914	train	train	fire	fire/train_001914_box0_0.jpg
train_001915	train_001915	train	train	fire	fire/train_001915_box0_0.jpg
train_001917	train_001917	train	train	fire	fire/train_001917_box0_0.jpg
train_001918	train_001918	test	test	fire	fire/train_001918_box0_0.jpg
train_001918	train_001918	test	test	fire	fire/train_001918_box1_0.jpg
train_001919	train_001919	train	train	fire	fire/train_001919_box0_0.jpg
train_001921	train_001921	train	train	fire	fire/train_001921_box0_0.jpg
train_001922	train_001922	test	test	fire	fire/train_001922_box0_0.jpg
train_001922	train_001922	test	test	fire	fire/train_001922_box1_0.jpg
train_001922	train_001922	test	test	fire	fire/train_001922_box2_0.jpg
train_001922	train_001922	test	test	fire	fire/train_001922_box4_0.jpg
train_001923	train_001923	train	train	fire	fire/train_001923_box0_0.jpg
train_001923	train_001923	train	train	fire	fire/train_001923_box1_0.jpg
train_001924	train_001924	train	train	fire	fire/train_001924_box0_0.jpg
train_001925	train_001925	train	train	fire	fire/train_001925_box0_0.jpg
train_001925	train_001925	train	train	fire	fire/train_001925_box1_0.jpg
train_001927	train_001927	train	train	fire	fire/train_001927_box0_0.jpg
train_001928	train_001928	val	val	fire	fire/train_001928_box0_0.jpg
train_001929	train_001929	val	val	fire	fire/train_001929_box0_0.jpg
train_001930	train_001930	train	train	fire	fire/train_001930_box0_0.jpg
train_001931	train_001931	train	train	fire	fire/train_001931_box0_0.jpg
train_001932	train_001932	train	train	fire	fire/train_001932_box0_0.jpg
train_001932	train_001932	train	train	fire	fire/train_001932_box1_0.jpg
train_001932	train_001932	train	train	fire	fire/train_001932_box2_0.jpg
train_001934	train_001934	train	train	fire	fire/train_001934_box0_0.jpg
train_001936	train_001936	train	train	fire	fire/train_001936_box0_0.jpg
train_001936	train_001936	train	train	fire	fire/train_001936_box1_0.jpg
train_001937	train_001937	train	train	fire	fire/train_001937_box0_0.jpg
train_001938	train_001938	train	train	fire	fire/train_001938_box0_0.jpg
train_001939	train_001939	train	train	fire	fire/train_001939_box1_0.jpg
train_001939	train_001939	train	train	fire	fire/train_001939_box2_0.jpg
train_001939	train_001939	train	train	fire	fire/train_001939_box3_0.jpg
train_001940	train_001940	train	train	fire	fire/train_001940_box0_0.jpg
train_001941	train_001941	train	train	fire	fire/train_001941_box0_0.jpg
train_001942	train_001942	train	train	fire	fire/train_001942_box0_0.jpg
train_001945	train_001945	train	train	fire	fire/train_001945_box0_0.jpg
train_001946	train_001946	train	train	fire	fire/train_001946_box0_0.jpg
train_001947	train_001947	train	train	fire	fire/train_001947_box0_0.jpg
train_001948	train_001948	train	train	fire	fire/train_001948_box0_0.jpg
train_001950	train_001950	train	train	fire	fire/train_001950_box0_0.jpg
train_001951	train_001951	train	train	fire	fire/train_001951_box0_0.jpg
train_001952	train_001952	train	train	fire	fire/train_001952_box0_0.jpg
train_001952	train_001952	train	train	fire	fire/train_001952_box1_0.jpg
train_001953	train_001953	train	train	fire	fire/train_001953_box0_0.jpg
train_001955	train_001955	test	test	fire	fire/train_001955_box0_0.jpg
train_001956	train_001956	train	train	fire	fire/train_001956_box0_0.jpg
train_001957	train_001957	train	train	fire	fire/train_001957_box0_0.jpg
train_001958	train_001958	train	train	fire	fire/train_001958_box0_0.jpg
train_001958	train_001958	train	train	fire	fire/train_001958_box1_0.jpg
train_001958	train_001958	train	train	fire	fire/train_001958_box2_0.jpg
train_001959	train_001959	test	test	fire	fire/train_001959_box0_0.jpg
train_001960	train_001960	train	train	fire	fire/train_001960_box0_0.jpg
train_001961	train_001961	train	train	fire	fire/train_001961_box0_0.jpg
train_001962	train_001962	train	train	fire	fire/train_001962_box0_0.jpg
train_001962	train_001962	train	train	fire	fire/train_001962_box1_0.jpg
train_001964	train_001964	train	train	fire	fire/train_001964_box0_0.jpg
train_001966	train_001966	train	train	fire	fire/train_001966_box0_0.jpg
train_001967	train_001967	train	train	fire	fire/train_001967_box0_0.jpg
train_001968	train_001968	train	train	fire	fire/train_001968_box0_0.jpg
train_001970	train_001970	train	train	fire	fire/train_001970_box0_0.jpg
train_001971	train_001971	train	train	fire	fire/train_001971_box0_0.jpg
train_001972	train_001972	train	train	fire	fire/train_001972_box0_0.jpg
train_001973	train_001973	train	train	fire	fire/train_001973_box0_0.jpg
train_001974	train_001974	test	test	fire	fire/train_001974_box0_0.jpg
train_001974	train_001974	test	test	fire	fire/train_001974_box1_0.jpg
train_001974	train_001974	test	test	fire	fire/train_001974_box3_0.jpg
train_001974	train_001974	test	test	fire	fire/train_001974_box4_0.jpg
train_001974	train_001974	test	test	fire	fire/train_001974_box5_0.jpg
train_001975	train_001975	train	train	fire	fire/train_001975_box0_0.jpg
train_001975	train_001975	train	train	fire	fire/train_001975_box1_0.jpg
train_001976	train_001976	train	train	fire	fire/train_001976_box0_0.jpg
train_001978	train_001978	test	test	fire	fire/train_001978_box0_0.jpg
train_001980	train_001980	train	train	fire	fire/train_001980_box0_0.jpg
train_001980	train_001980	train	train	fire	fire/train_001980_box1_0.jpg
train_001980	train_001980	train	train	fire	fire/train_001980_box2_0.jpg
val_000009	val_000009	train	train	non_fire	non-fire/val_000009_neg7.jpg
val_000009	val_000009	train	train	non_fire	non-fire/val_000009_neg8.jpg
val_000009	val_000009	train	train	non_fire	non-fire/val_000009_neg9.jpg
val_000014	val_000014	train	train	non_fire	non-fire/val_000014_neg0.jpg
val_000018	val_000018	train	train	non_fire	non-fire/val_000018_neg0.jpg
val_000018	val_000018	train	train	non_fire	non-fire/val_000018_neg1.jpg
val_000018	val_000018	train	train	non_fire	non-fire/val_000018_neg10.jpg
val_000018	val_000018	train	train	non_fire	non-fire/val_000018_neg11.jpg
val_000018	val_000018	train	train	non_fire	non-fire/val_000018_neg2.jpg
val_000018	val_000018	train	train	non_fire	non-fire/val_000018_neg3.jpg
val_000018	val_000018	train	train	non_fire	non-fire/val_000018_neg4.jpg
val_000018	val_000018	train	train	non_fire	non-fire/val_000018_neg5.jpg
val_000018	val_000018	train	train	non_fire	non-fire/val_000018_neg6.jpg
val_000018	val_000018	train	train	non_fire	non-fire/val_000018_neg7.jpg
val_000018	val_000018	train	train	non_fire	non-fire/val_000018_neg8.jpg
val_000018	val_000018	train	train	non_fire	non-fire/val_000018_neg9.jpg
val_000025	val_000025	train	train	non_fire	non-fire/val_000025_neg11.jpg
val_000025	val_000025	train	train	non_fire	non-fire/val_000025_neg4.jpg
val_000025	val_000025	train	train	non_fire	non-fire/val_000025_neg5.jpg
val_000025	val_000025	train	train	non_fire	non-fire/val_000025_neg7.jpg
val_000025	val_000025	train	train	non_fire	non-fire/val_000025_neg9.jpg
val_000059	val_000059	train	train	non_fire	non-fire/val_000059_neg0.jpg
val_000059	val_000059	train	train	non_fire	non-fire/val_000059_neg1.jpg
val_000059	val_000059	train	train	non_fire	non-fire/val_000059_neg10.jpg
val_000059	val_000059	train	train	non_fire	non-fire/val_000059_neg11.jpg
val_000059	val_000059	train	train	non_fire	non-fire/val_000059_neg2.jpg
val_000059	val_000059	train	train	non_fire	non-fire/val_000059_neg3.jpg
val_000059	val_000059	train	train	non_fire	non-fire/val_000059_neg9.jpg
val_000081	val_000081	train	train	non_fire	non-fire/val_000081_neg8.jpg
val_000082	val_000082	train	train	non_fire	non-fire/val_000082_neg10.jpg
val_000082	val_000082	train	train	non_fire	non-fire/val_000082_neg11.jpg
val_000082	val_000082	train	train	non_fire	non-fire/val_000082_neg9.jpg
val_000086	val_000086	train	train	non_fire	non-fire/val_000086_neg0.jpg
val_000086	val_000086	train	train	non_fire	non-fire/val_000086_neg1.jpg
val_000086	val_000086	train	train	non_fire	non-fire/val_000086_neg10.jpg
val_000086	val_000086	train	train	non_fire	non-fire/val_000086_neg11.jpg
val_000086	val_000086	train	train	non_fire	non-fire/val_000086_neg2.jpg
val_000086	val_000086	train	train	non_fire	non-fire/val_000086_neg3.jpg
val_000086	val_000086	train	train	non_fire	non-fire/val_000086_neg4.jpg
val_000086	val_000086	train	train	non_fire	non-fire/val_000086_neg5.jpg
val_000086	val_000086	train	train	non_fire	non-fire/val_000086_neg6.jpg
val_000086	val_000086	train	train	non_fire	non-fire/val_000086_neg7.jpg
val_000086	val_000086	train	train	non_fire	non-fire/val_000086_neg8.jpg
val_000086	val_000086	train	train	non_fire	non-fire/val_000086_neg9.jpg
val_000089	val_000089	train	train	non_fire	non-fire/val_000089_neg0.jpg
val_000089	val_000089	train	train	non_fire	non-fire/val_000089_neg1.jpg
val_000089	val_000089	train	train	non_fire	non-fire/val_000089_neg10.jpg
val_000089	val_000089	train	train	non_fire	non-fire/val_000089_neg11.jpg
val_000089	val_000089	train	train	non_fire	non-fire/val_000089_neg2.jpg
val_000089	val_000089	train	train	non_fire	non-fire/val_000089_neg3.jpg
val_000089	val_000089	train	train	non_fire	non-fire/val_000089_neg4.jpg
val_000089	val_000089	train	train	non_fire	non-fire/val_000089_neg5.jpg
val_000089	val_000089	train	train	non_fire	non-fire/val_000089_neg8.jpg
val_000089	val_000089	train	train	non_fire	non-fire/val_000089_neg9.jpg
val_000098	val_000098	train	train	non_fire	non-fire/val_000098_neg0.jpg
val_000098	val_000098	train	train	non_fire	non-fire/val_000098_neg1.jpg
val_000098	val_000098	train	train	non_fire	non-fire/val_000098_neg10.jpg
val_000098	val_000098	train	train	non_fire	non-fire/val_000098_neg3.jpg
val_000098	val_000098	train	train	non_fire	non-fire/val_000098_neg7.jpg
val_000108	val_000108	train	train	non_fire	non-fire/val_000108_neg0.jpg
val_000108	val_000108	train	train	non_fire	non-fire/val_000108_neg1.jpg
val_000108	val_000108	train	train	non_fire	non-fire/val_000108_neg10.jpg
val_000108	val_000108	train	train	non_fire	non-fire/val_000108_neg11.jpg
val_000108	val_000108	train	train	non_fire	non-fire/val_000108_neg4.jpg
val_000108	val_000108	train	train	non_fire	non-fire/val_000108_neg5.jpg
val_000108	val_000108	train	train	non_fire	non-fire/val_000108_neg6.jpg
val_000108	val_000108	train	train	non_fire	non-fire/val_000108_neg7.jpg
val_000108	val_000108	train	train	non_fire	non-fire/val_000108_neg8.jpg
val_000108	val_000108	train	train	non_fire	non-fire/val_000108_neg9.jpg
val_000131	val_000131	train	train	non_fire	non-fire/val_000131_neg11.jpg
val_000198	val_000198	train	train	non_fire	non-fire/val_000198_neg0.jpg
val_000198	val_000198	train	train	non_fire	non-fire/val_000198_neg1.jpg
val_000198	val_000198	train	train	non_fire	non-fire/val_000198_neg10.jpg
val_000198	val_000198	train	train	non_fire	non-fire/val_000198_neg11.jpg
val_000198	val_000198	train	train	non_fire	non-fire/val_000198_neg2.jpg
val_000198	val_000198	train	train	non_fire	non-fire/val_000198_neg3.jpg
val_000198	val_000198	train	train	non_fire	non-fire/val_000198_neg4.jpg
val_000198	val_000198	train	train	non_fire	non-fire/val_000198_neg5.jpg
val_000198	val_000198	train	train	non_fire	non-fire/val_000198_neg6.jpg
val_000198	val_000198	train	train	non_fire	non-fire/val_000198_neg7.jpg
val_000198	val_000198	train	train	non_fire	non-fire/val_000198_neg8.jpg
val_000198	val_000198	train	train	non_fire	non-fire/val_000198_neg9.jpg
val_000225	val_000225	train	train	non_fire	non-fire/val_000225_neg0.jpg
val_000225	val_000225	train	train	non_fire	non-fire/val_000225_neg1.jpg
val_000225	val_000225	train	train	non_fire	non-fire/val_000225_neg10.jpg
val_000225	val_000225	train	train	non_fire	non-fire/val_000225_neg11.jpg
val_000225	val_000225	train	train	non_fire	non-fire/val_000225_neg2.jpg
val_000225	val_000225	train	train	non_fire	non-fire/val_000225_neg3.jpg
val_000225	val_000225	train	train	non_fire	non-fire/val_000225_neg4.jpg
val_000225	val_000225	train	train	non_fire	non-fire/val_000225_neg5.jpg
val_000225	val_000225	train	train	non_fire	non-fire/val_000225_neg6.jpg
val_000225	val_000225	train	train	non_fire	non-fire/val_000225_neg7.jpg
val_000225	val_000225	train	train	non_fire	non-fire/val_000225_neg8.jpg
val_000225	val_000225	train	train	non_fire	non-fire/val_000225_neg9.jpg
val_000235	val_000235	train	train	non_fire	non-fire/val_000235_neg0.jpg
val_000235	val_000235	train	train	non_fire	non-fire/val_000235_neg1.jpg
val_000235	val_000235	train	train	non_fire	non-fire/val_000235_neg10.jpg
val_000235	val_000235	train	train	non_fire	non-fire/val_000235_neg11.jpg
val_000235	val_000235	train	train	non_fire	non-fire/val_000235_neg2.jpg
val_000235	val_000235	train	train	non_fire	non-fire/val_000235_neg3.jpg
val_000235	val_000235	train	train	non_fire	non-fire/val_000235_neg4.jpg
val_000235	val_000235	train	train	non_fire	non-fire/val_000235_neg5.jpg
val_000235	val_000235	train	train	non_fire	non-fire/val_000235_neg6.jpg
val_000235	val_000235	train	train	non_fire	non-fire/val_000235_neg7.jpg
val_000235	val_000235	train	train	non_fire	non-fire/val_000235_neg8.jpg
val_000235	val_000235	train	train	non_fire	non-fire/val_000235_neg9.jpg
val_000254	val_000254	train	train	non_fire	non-fire/val_000254_neg0.jpg
val_000254	val_000254	train	train	non_fire	non-fire/val_000254_neg1.jpg
val_000254	val_000254	train	train	non_fire	non-fire/val_000254_neg11.jpg
val_000254	val_000254	train	train	non_fire	non-fire/val_000254_neg2.jpg
val_000254	val_000254	train	train	non_fire	non-fire/val_000254_neg5.jpg
val_000254	val_000254	train	train	non_fire	non-fire/val_000254_neg7.jpg
val_000254	val_000254	train	train	non_fire	non-fire/val_000254_neg8.jpg
val_000259	val_000259	train	train	non_fire	non-fire/val_000259_neg2.jpg
val_000259	val_000259	train	train	non_fire	non-fire/val_000259_neg4.jpg
val_000259	val_000259	train	train	non_fire	non-fire/val_000259_neg6.jpg
val_000259	val_000259	train	train	non_fire	non-fire/val_000259_neg7.jpg
val_000306	val_000306	train	train	non_fire	non-fire/val_000306_neg1.jpg
val_000306	val_000306	train	train	non_fire	non-fire/val_000306_neg2.jpg
val_000306	val_000306	train	train	non_fire	non-fire/val_000306_neg5.jpg
val_000323	val_000323	train	train	non_fire	non-fire/val_000323_neg0.jpg
val_000323	val_000323	train	train	non_fire	non-fire/val_000323_neg1.jpg
val_000323	val_000323	train	train	non_fire	non-fire/val_000323_neg10.jpg
val_000323	val_000323	train	train	non_fire	non-fire/val_000323_neg2.jpg
val_000323	val_000323	train	train	non_fire	non-fire/val_000323_neg3.jpg
val_000323	val_000323	train	train	non_fire	non-fire/val_000323_neg4.jpg
val_000323	val_000323	train	train	non_fire	non-fire/val_000323_neg5.jpg
val_000323	val_000323	train	train	non_fire	non-fire/val_000323_neg6.jpg
val_000323	val_000323	train	train	non_fire	non-fire/val_000323_neg7.jpg
val_000323	val_000323	train	train	non_fire	non-fire/val_000323_neg8.jpg
val_000323	val_000323	train	train	non_fire	non-fire/val_000323_neg9.jpg
val_000356	val_000356	train	train	non_fire	non-fire/val_000356_neg0.jpg
val_000356	val_000356	train	train	non_fire	non-fire/val_000356_neg1.jpg
val_000356	val_000356	train	train	non_fire	non-fire/val_000356_neg10.jpg
val_000356	val_000356	train	train	non_fire	non-fire/val_000356_neg11.jpg
val_000356	val_000356	train	train	non_fire	non-fire/val_000356_neg2.jpg
val_000356	val_000356	train	train	non_fire	non-fire/val_000356_neg3.jpg
val_000356	val_000356	train	train	non_fire	non-fire/val_000356_neg4.jpg
val_000356	val_000356	train	train	non_fire	non-fire/val_000356_neg5.jpg
val_000356	val_000356	train	train	non_fire	non-fire/val_000356_neg6.jpg
val_000356	val_000356	train	train	non_fire	non-fire/val_000356_neg7.jpg
val_000356	val_000356	train	train	non_fire	non-fire/val_000356_neg8.jpg
val_000356	val_000356	train	train	non_fire	non-fire/val_000356_neg9.jpg
val_000396	val_000396	train	train	non_fire	non-fire/val_000396_neg1.jpg
val_000396	val_000396	train	train	non_fire	non-fire/val_000396_neg2.jpg
val_000398	val_000398	train	train	non_fire	non-fire/val_000398_neg0.jpg
val_000398	val_000398	train	train	non_fire	non-fire/val_000398_neg1.jpg
val_000398	val_000398	train	train	non_fire	non-fire/val_000398_neg10.jpg
val_000398	val_000398	train	train	non_fire	non-fire/val_000398_neg11.jpg
val_000398	val_000398	train	train	non_fire	non-fire/val_000398_neg2.jpg
val_000398	val_000398	train	train	non_fire	non-fire/val_000398_neg3.jpg
val_000398	val_000398	train	train	non_fire	non-fire/val_000398_neg4.jpg
val_000398	val_000398	train	train	non_fire	non-fire/val_000398_neg5.jpg
val_000398	val_000398	train	train	non_fire	non-fire/val_000398_neg6.jpg
val_000398	val_000398	train	train	non_fire	non-fire/val_000398_neg7.jpg
val_000398	val_000398	train	train	non_fire	non-fire/val_000398_neg8.jpg
val_000398	val_000398	train	train	non_fire	non-fire/val_000398_neg9.jpg
val_000410	val_000410	train	train	non_fire	non-fire/val_000410_neg0.jpg
val_000410	val_000410	train	train	non_fire	non-fire/val_000410_neg1.jpg
val_000410	val_000410	train	train	non_fire	non-fire/val_000410_neg10.jpg
val_000410	val_000410	train	train	non_fire	non-fire/val_000410_neg11.jpg
val_000410	val_000410	train	train	non_fire	non-fire/val_000410_neg2.jpg
val_000410	val_000410	train	train	non_fire	non-fire/val_000410_neg3.jpg
val_000410	val_000410	train	train	non_fire	non-fire/val_000410_neg4.jpg
val_000410	val_000410	train	train	non_fire	non-fire/val_000410_neg5.jpg
val_000410	val_000410	train	train	non_fire	non-fire/val_000410_neg6.jpg
val_000410	val_000410	train	train	non_fire	non-fire/val_000410_neg7.jpg
val_000410	val_000410	train	train	non_fire	non-fire/val_000410_neg8.jpg
val_000410	val_000410	train	train	non_fire	non-fire/val_000410_neg9.jpg
val_000423	val_000423	train	train	non_fire	non-fire/val_000423_neg0.jpg
val_000423	val_000423	train	train	non_fire	non-fire/val_000423_neg1.jpg
val_000423	val_000423	train	train	non_fire	non-fire/val_000423_neg10.jpg
val_000423	val_000423	train	train	non_fire	non-fire/val_000423_neg11.jpg
val_000423	val_000423	train	train	non_fire	non-fire/val_000423_neg2.jpg
val_000423	val_000423	train	train	non_fire	non-fire/val_000423_neg3.jpg
val_000423	val_000423	train	train	non_fire	non-fire/val_000423_neg4.jpg
val_000423	val_000423	train	train	non_fire	non-fire/val_000423_neg5.jpg
val_000423	val_000423	train	train	non_fire	non-fire/val_000423_neg6.jpg
val_000423	val_000423	train	train	non_fire	non-fire/val_000423_neg7.jpg
val_000423	val_000423	train	train	non_fire	non-fire/val_000423_neg8.jpg
val_000423	val_000423	train	train	non_fire	non-fire/val_000423_neg9.jpg
val_000425	val_000425	train	train	non_fire	non-fire/val_000425_neg0.jpg
val_000426	val_000426	train	train	non_fire	non-fire/val_000426_neg1.jpg
val_000426	val_000426	train	train	non_fire	non-fire/val_000426_neg2.jpg
val_000426	val_000426	train	train	non_fire	non-fire/val_000426_neg3.jpg
val_000426	val_000426	train	train	non_fire	non-fire/val_000426_neg4.jpg
val_000426	val_000426	train	train	non_fire	non-fire/val_000426_neg5.jpg
val_000426	val_000426	train	train	non_fire	non-fire/val_000426_neg6.jpg
val_000426	val_000426	train	train	non_fire	non-fire/val_000426_neg7.jpg
val_000426	val_000426	train	train	non_fire	non-fire/val_000426_neg8.jpg
val_000426	val_000426	train	train	non_fire	non-fire/val_000426_neg9.jpg
val_000429	val_000429	train	train	non_fire	non-fire/val_000429_neg0.jpg
val_000429	val_000429	train	train	non_fire	non-fire/val_000429_neg1.jpg
val_000429	val_000429	train	train	non_fire	non-fire/val_000429_neg10.jpg
val_000429	val_000429	train	train	non_fire	non-fire/val_000429_neg11.jpg
val_000429	val_000429	train	train	non_fire	non-fire/val_000429_neg2.jpg
val_000429	val_000429	train	train	non_fire	non-fire/val_000429_neg3.jpg
val_000429	val_000429	train	train	non_fire	non-fire/val_000429_neg4.jpg
val_000429	val_000429	train	train	non_fire	non-fire/val_000429_neg5.jpg
val_000429	val_000429	train	train	non_fire	non-fire/val_000429_neg6.jpg
val_000429	val_000429	train	train	non_fire	non-fire/val_000429_neg7.jpg
val_000429	val_000429	train	train	non_fire	non-fire/val_000429_neg8.jpg
val_000429	val_000429	train	train	non_fire	non-fire/val_000429_neg9.jpg
val_000432	val_000432	train	train	non_fire	non-fire/val_000432_neg1.jpg
val_000432	val_000432	train	train	non_fire	non-fire/val_000432_neg10.jpg
val_000432	val_000432	train	train	non_fire	non-fire/val_000432_neg2.jpg
val_000432	val_000432	train	train	non_fire	non-fire/val_000432_neg3.jpg
val_000432	val_000432	train	train	non_fire	non-fire/val_000432_neg4.jpg
val_000432	val_000432	train	train	non_fire	non-fire/val_000432_neg5.jpg
val_000432	val_000432	train	train	non_fire	non-fire/val_000432_neg6.jpg
val_000432	val_000432	train	train	non_fire	non-fire/val_000432_neg7.jpg
val_000432	val_000432	train	train	non_fire	non-fire/val_000432_neg8.jpg
val_000432	val_000432	train	train	non_fire	non-fire/val_000432_neg9.jpg
val_000436	val_000436	train	train	non_fire	non-fire/val_000436_neg0.jpg
val_000436	val_000436	train	train	non_fire	non-fire/val_000436_neg1.jpg
val_000436	val_000436	train	train	non_fire	non-fire/val_000436_neg10.jpg
val_000436	val_000436	train	train	non_fire	non-fire/val_000436_neg11.jpg
val_000436	val_000436	train	train	non_fire	non-fire/val_000436_neg2.jpg
val_000436	val_000436	train	train	non_fire	non-fire/val_000436_neg3.jpg
val_000436	val_000436	train	train	non_fire	non-fire/val_000436_neg4.jpg
val_000436	val_000436	train	train	non_fire	non-fire/val_000436_neg5.jpg
val_000436	val_000436	train	train	non_fire	non-fire/val_000436_neg6.jpg
val_000436	val_000436	train	train	non_fire	non-fire/val_000436_neg7.jpg
val_000436	val_000436	train	train	non_fire	non-fire/val_000436_neg8.jpg
val_000436	val_000436	train	train	non_fire	non-fire/val_000436_neg9.jpg
val_000444	val_000444	train	train	non_fire	non-fire/val_000444_neg0.jpg
val_000455	val_000455	train	train	non_fire	non-fire/val_000455_neg0.jpg
val_000455	val_000455	train	train	non_fire	non-fire/val_000455_neg1.jpg
val_000455	val_000455	train	train	non_fire	non-fire/val_000455_neg10.jpg
val_000455	val_000455	train	train	non_fire	non-fire/val_000455_neg11.jpg
val_000455	val_000455	train	train	non_fire	non-fire/val_000455_neg2.jpg
val_000455	val_000455	train	train	non_fire	non-fire/val_000455_neg3.jpg
val_000455	val_000455	train	train	non_fire	non-fire/val_000455_neg4.jpg
val_000455	val_000455	train	train	non_fire	non-fire/val_000455_neg5.jpg
val_000455	val_000455	train	train	non_fire	non-fire/val_000455_neg6.jpg
val_000455	val_000455	train	train	non_fire	non-fire/val_000455_neg7.jpg
val_000455	val_000455	train	train	non_fire	non-fire/val_000455_neg8.jpg
val_000455	val_000455	train	train	non_fire	non-fire/val_000455_neg9.jpg
val_000464	val_000464	train	train	non_fire	non-fire/val_000464_neg0.jpg
val_000464	val_000464	train	train	non_fire	non-fire/val_000464_neg1.jpg
val_000464	val_000464	train	train	non_fire	non-fire/val_000464_neg10.jpg
val_000464	val_000464	train	train	non_fire	non-fire/val_000464_neg11.jpg
val_000464	val_000464	train	train	non_fire	non-fire/val_000464_neg2.jpg
val_000464	val_000464	train	train	non_fire	non-fire/val_000464_neg3.jpg
val_000464	val_000464	train	train	non_fire	non-fire/val_000464_neg4.jpg
val_000464	val_000464	train	train	non_fire	non-fire/val_000464_neg5.jpg
val_000464	val_000464	train	train	non_fire	non-fire/val_000464_neg6.jpg
val_000464	val_000464	train	train	non_fire	non-fire/val_000464_neg7.jpg
val_000464	val_000464	train	train	non_fire	non-fire/val_000464_neg8.jpg
val_000464	val_000464	train	train	non_fire	non-fire/val_000464_neg9.jpg
val_000474	val_000474	train	train	non_fire	non-fire/val_000474_neg0.jpg
val_000474	val_000474	train	train	non_fire	non-fire/val_000474_neg1.jpg
val_000474	val_000474	train	train	non_fire	non-fire/val_000474_neg3.jpg
val_000474	val_000474	train	train	non_fire	non-fire/val_000474_neg5.jpg
val_000476	val_000476	train	train	non_fire	non-fire/val_000476_neg0.jpg
val_000476	val_000476	train	train	non_fire	non-fire/val_000476_neg1.jpg
val_000476	val_000476	train	train	non_fire	non-fire/val_000476_neg10.jpg
val_000476	val_000476	train	train	non_fire	non-fire/val_000476_neg11.jpg
val_000476	val_000476	train	train	non_fire	non-fire/val_000476_neg2.jpg
val_000476	val_000476	train	train	non_fire	non-fire/val_000476_neg3.jpg
val_000476	val_000476	train	train	non_fire	non-fire/val_000476_neg4.jpg
val_000476	val_000476	train	train	non_fire	non-fire/val_000476_neg5.jpg
val_000476	val_000476	train	train	non_fire	non-fire/val_000476_neg6.jpg
val_000476	val_000476	train	train	non_fire	non-fire/val_000476_neg7.jpg
val_000476	val_000476	train	train	non_fire	non-fire/val_000476_neg8.jpg
val_000476	val_000476	train	train	non_fire	non-fire/val_000476_neg9.jpg
val_000500	val_000500	train	train	non_fire	non-fire/val_000500_neg2.jpg
val_000500	val_000500	train	train	non_fire	non-fire/val_000500_neg3.jpg
val_000500	val_000500	train	train	non_fire	non-fire/val_000500_neg4.jpg
val_000500	val_000500	train	train	non_fire	non-fire/val_000500_neg5.jpg
val_000500	val_000500	train	train	non_fire	non-fire/val_000500_neg6.jpg
val_000500	val_000500	train	train	non_fire	non-fire/val_000500_neg7.jpg
val_000500	val_000500	train	train	non_fire	non-fire/val_000500_neg8.jpg
val_000558	val_000558	train	train	non_fire	non-fire/val_000558_neg3.jpg
val_000571	val_000571	train	train	non_fire	non-fire/val_000571_neg0.jpg
val_000571	val_000571	train	train	non_fire	non-fire/val_000571_neg1.jpg
val_000571	val_000571	train	train	non_fire	non-fire/val_000571_neg10.jpg
val_000571	val_000571	train	train	non_fire	non-fire/val_000571_neg11.jpg
val_000571	val_000571	train	train	non_fire	non-fire/val_000571_neg2.jpg
val_000589	val_000589	train	train	non_fire	non-fire/val_000589_neg1.jpg
val_000589	val_000589	train	train	non_fire	non-fire/val_000589_neg2.jpg
val_000589	val_000589	train	train	non_fire	non-fire/val_000589_neg3.jpg
val_000589	val_000589	train	train	non_fire	non-fire/val_000589_neg4.jpg
val_000589	val_000589	train	train	non_fire	non-fire/val_000589_neg5.jpg
val_000589	val_000589	train	train	non_fire	non-fire/val_000589_neg6.jpg
val_000589	val_000589	train	train	non_fire	non-fire/val_000589_neg7.jpg
val_000589	val_000589	train	train	non_fire	non-fire/val_000589_neg8.jpg
val_000609	val_000609	train	train	non_fire	non-fire/val_000609_neg10.jpg
val_000609	val_000609	train	train	non_fire	non-fire/val_000609_neg4.jpg
val_000609	val_000609	train	train	non_fire	non-fire/val_000609_neg5.jpg
val_000609	val_000609	train	train	non_fire	non-fire/val_000609_neg6.jpg
val_000609	val_000609	train	train	non_fire	non-fire/val_000609_neg7.jpg
val_000609	val_000609	train	train	non_fire	non-fire/val_000609_neg8.jpg
val_000609	val_000609	train	train	non_fire	non-fire/val_000609_neg9.jpg
val_000617	val_000617	train	train	non_fire	non-fire/val_000617_neg0.jpg
val_000617	val_000617	train	train	non_fire	non-fire/val_000617_neg1.jpg
val_000617	val_000617	train	train	non_fire	non-fire/val_000617_neg2.jpg
val_000617	val_000617	train	train	non_fire	non-fire/val_000617_neg3.jpg
val_000617	val_000617	train	train	non_fire	non-fire/val_000617_neg4.jpg
val_000653	val_000653	train	train	non_fire	non-fire/val_000653_neg10.jpg
val_000653	val_000653	train	train	non_fire	non-fire/val_000653_neg11.jpg
val_000655	val_000655	train	train	non_fire	non-fire/val_000655_neg0.jpg
val_000655	val_000655	train	train	non_fire	non-fire/val_000655_neg1.jpg
val_000655	val_000655	train	train	non_fire	non-fire/val_000655_neg10.jpg
val_000655	val_000655	train	train	non_fire	non-fire/val_000655_neg2.jpg
val_000655	val_000655	train	train	non_fire	non-fire/val_000655_neg3.jpg
val_000655	val_000655	train	train	non_fire	non-fire/val_000655_neg4.jpg
val_000655	val_000655	train	train	non_fire	non-fire/val_000655_neg5.jpg
val_000655	val_000655	train	train	non_fire	non-fire/val_000655_neg6.jpg
val_000655	val_000655	train	train	non_fire	non-fire/val_000655_neg7.jpg
val_000655	val_000655	train	train	non_fire	non-fire/val_000655_neg8.jpg
val_000655	val_000655	train	train	non_fire	non-fire/val_000655_neg9.jpg
val_000670	val_000670	train	train	non_fire	non-fire/val_000670_neg0.jpg
val_000670	val_000670	train	train	non_fire	non-fire/val_000670_neg1.jpg
val_000670	val_000670	train	train	non_fire	non-fire/val_000670_neg10.jpg
val_000670	val_000670	train	train	non_fire	non-fire/val_000670_neg11.jpg
val_000670	val_000670	train	train	non_fire	non-fire/val_000670_neg2.jpg
val_000670	val_000670	train	train	non_fire	non-fire/val_000670_neg3.jpg
val_000670	val_000670	train	train	non_fire	non-fire/val_000670_neg4.jpg
val_000670	val_000670	train	train	non_fire	non-fire/val_000670_neg5.jpg
val_000670	val_000670	train	train	non_fire	non-fire/val_000670_neg6.jpg
val_000670	val_000670	train	train	non_fire	non-fire/val_000670_neg7.jpg
val_000670	val_000670	train	train	non_fire	non-fire/val_000670_neg8.jpg
val_000670	val_000670	train	train	non_fire	non-fire/val_000670_neg9.jpg
val_000672	val_000672	train	train	non_fire	non-fire/val_000672_neg0.jpg
val_000672	val_000672	train	train	non_fire	non-fire/val_000672_neg1.jpg
val_000672	val_000672	train	train	non_fire	non-fire/val_000672_neg10.jpg
val_000672	val_000672	train	train	non_fire	non-fire/val_000672_neg11.jpg
val_000672	val_000672	train	train	non_fire	non-fire/val_000672_neg2.jpg
val_000672	val_000672	train	train	non_fire	non-fire/val_000672_neg3.jpg
val_000672	val_000672	train	train	non_fire	non-fire/val_000672_neg4.jpg
val_000672	val_000672	train	train	non_fire	non-fire/val_000672_neg5.jpg
val_000672	val_000672	train	train	non_fire	non-fire/val_000672_neg6.jpg
val_000672	val_000672	train	train	non_fire	non-fire/val_000672_neg7.jpg
val_000672	val_000672	train	train	non_fire	non-fire/val_000672_neg8.jpg
val_000672	val_000672	train	train	non_fire	non-fire/val_000672_neg9.jpg
val_000675	val_000675	train	train	non_fire	non-fire/val_000675_neg0.jpg
val_000675	val_000675	train	train	non_fire	non-fire/val_000675_neg1.jpg
val_000675	val_000675	train	train	non_fire	non-fire/val_000675_neg10.jpg
val_000675	val_000675	train	train	non_fire	non-fire/val_000675_neg11.jpg
val_000675	val_000675	train	train	non_fire	non-fire/val_000675_neg2.jpg
val_000675	val_000675	train	train	non_fire	non-fire/val_000675_neg3.jpg
val_000675	val_000675	train	train	non_fire	non-fire/val_000675_neg4.jpg
val_000675	val_000675	train	train	non_fire	non-fire/val_000675_neg5.jpg
val_000675	val_000675	train	train	non_fire	non-fire/val_000675_neg6.jpg
val_000675	val_000675	train	train	non_fire	non-fire/val_000675_neg7.jpg
val_000675	val_000675	train	train	non_fire	non-fire/val_000675_neg8.jpg
val_000675	val_000675	train	train	non_fire	non-fire/val_000675_neg9.jpg
val_000680	val_000680	train	train	non_fire	non-fire/val_000680_neg0.jpg
val_000680	val_000680	train	train	non_fire	non-fire/val_000680_neg1.jpg
val_000680	val_000680	train	train	non_fire	non-fire/val_000680_neg10.jpg
val_000680	val_000680	train	train	non_fire	non-fire/val_000680_neg11.jpg
val_000680	val_000680	train	train	non_fire	non-fire/val_000680_neg2.jpg
val_000680	val_000680	train	train	non_fire	non-fire/val_000680_neg3.jpg
val_000680	val_000680	train	train	non_fire	non-fire/val_000680_neg4.jpg
val_000680	val_000680	train	train	non_fire	non-fire/val_000680_neg5.jpg
val_000680	val_000680	train	train	non_fire	non-fire/val_000680_neg6.jpg
val_000680	val_000680	train	train	non_fire	non-fire/val_000680_neg7.jpg
val_000680	val_000680	train	train	non_fire	non-fire/val_000680_neg8.jpg
val_000680	val_000680	train	train	non_fire	non-fire/val_000680_neg9.jpg
val_000683	val_000683	train	train	non_fire	non-fire/val_000683_neg0.jpg
val_000683	val_000683	train	train	non_fire	non-fire/val_000683_neg1.jpg
val_000683	val_000683	train	train	non_fire	non-fire/val_000683_neg10.jpg
val_000683	val_000683	train	train	non_fire	non-fire/val_000683_neg11.jpg
val_000683	val_000683	train	train	non_fire	non-fire/val_000683_neg2.jpg
val_000683	val_000683	train	train	non_fire	non-fire/val_000683_neg3.jpg
val_000683	val_000683	train	train	non_fire	non-fire/val_000683_neg4.jpg
val_000683	val_000683	train	train	non_fire	non-fire/val_000683_neg5.jpg
val_000683	val_000683	train	train	non_fire	non-fire/val_000683_neg6.jpg
val_000683	val_000683	train	train	non_fire	non-fire/val_000683_neg7.jpg
val_000683	val_000683	train	train	non_fire	non-fire/val_000683_neg8.jpg
val_000683	val_000683	train	train	non_fire	non-fire/val_000683_neg9.jpg
val_000693	val_000693	train	train	non_fire	non-fire/val_000693_neg0.jpg
val_000693	val_000693	train	train	non_fire	non-fire/val_000693_neg1.jpg
val_000693	val_000693	train	train	non_fire	non-fire/val_000693_neg10.jpg
val_000693	val_000693	train	train	non_fire	non-fire/val_000693_neg11.jpg
val_000693	val_000693	train	train	non_fire	non-fire/val_000693_neg2.jpg
val_000693	val_000693	train	train	non_fire	non-fire/val_000693_neg3.jpg
val_000693	val_000693	train	train	non_fire	non-fire/val_000693_neg4.jpg
val_000693	val_000693	train	train	non_fire	non-fire/val_000693_neg5.jpg
val_000693	val_000693	train	train	non_fire	non-fire/val_000693_neg6.jpg
val_000693	val_000693	train	train	non_fire	non-fire/val_000693_neg7.jpg
val_000693	val_000693	train	train	non_fire	non-fire/val_000693_neg8.jpg
val_000693	val_000693	train	train	non_fire	non-fire/val_000693_neg9.jpg
val_000697	val_000697	train	train	non_fire	non-fire/val_000697_neg0.jpg
val_000697	val_000697	train	train	non_fire	non-fire/val_000697_neg1.jpg
val_000697	val_000697	train	train	non_fire	non-fire/val_000697_neg10.jpg
val_000697	val_000697	train	train	non_fire	non-fire/val_000697_neg11.jpg
val_000697	val_000697	train	train	non_fire	non-fire/val_000697_neg3.jpg
val_000697	val_000697	train	train	non_fire	non-fire/val_000697_neg5.jpg
val_000697	val_000697	train	train	non_fire	non-fire/val_000697_neg6.jpg
val_000697	val_000697	train	train	non_fire	non-fire/val_000697_neg8.jpg
val_000697	val_000697	train	train	non_fire	non-fire/val_000697_neg9.jpg
val_000699	val_000699	train	train	non_fire	non-fire/val_000699_neg0.jpg
val_000699	val_000699	train	train	non_fire	non-fire/val_000699_neg1.jpg
val_000699	val_000699	train	train	non_fire	non-fire/val_000699_neg11.jpg
val_000699	val_000699	train	train	non_fire	non-fire/val_000699_neg2.jpg
val_000699	val_000699	train	train	non_fire	non-fire/val_000699_neg3.jpg
val_000699	val_000699	train	train	non_fire	non-fire/val_000699_neg4.jpg
val_000699	val_000699	train	train	non_fire	non-fire/val_000699_neg5.jpg
val_000699	val_000699	train	train	non_fire	non-fire/val_000699_neg6.jpg
val_000699	val_000699	train	train	non_fire	non-fire/val_000699_neg7.jpg
val_000699	val_000699	train	train	non_fire	non-fire/val_000699_neg8.jpg
val_000699	val_000699	train	train	non_fire	non-fire/val_000699_neg9.jpg
val_000700	val_000700	train	train	non_fire	non-fire/val_000700_neg0.jpg
val_000700	val_000700	train	train	non_fire	non-fire/val_000700_neg1.jpg
val_000700	val_000700	train	train	non_fire	non-fire/val_000700_neg10.jpg
val_000700	val_000700	train	train	non_fire	non-fire/val_000700_neg2.jpg
val_000700	val_000700	train	train	non_fire	non-fire/val_000700_neg3.jpg
val_000700	val_000700	train	train	non_fire	non-fire/val_000700_neg4.jpg
val_000700	val_000700	train	train	non_fire	non-fire/val_000700_neg5.jpg
val_000700	val_000700	train	train	non_fire	non-fire/val_000700_neg6.jpg
val_000700	val_000700	train	train	non_fire	non-fire/val_000700_neg7.jpg
val_000700	val_000700	train	train	non_fire	non-fire/val_000700_neg8.jpg
val_000700	val_000700	train	train	non_fire	non-fire/val_000700_neg9.jpg
val_000702	val_000702	train	train	non_fire	non-fire/val_000702_neg0.jpg
